sender_id,receiver_id,interact_type,time,weight
文013,环080,群聊发言,2025-10-26 07:00:29.902093,4
人098,环015,私聊,2025-10-29 21:29:29.902093,3
环034,人035,@提及,2025-11-01 19:58:29.902093,1
文062,文040,文件分享,2025-11-16 21:29:29.902093,3
人005,文032,群聊发言,2025-10-24 01:00:29.902093,2
环034,文071,@提及,2025-10-21 19:27:29.902093,5
环051,环049,私聊,2025-10-28 13:45:29.902093,3
文034,人047,私聊,2025-10-21 11:34:29.902093,2
人099,环041,@提及,2025-11-11 21:16:29.902093,2
环020,环087,群聊发言,2025-11-09 03:29:29.902093,5
文014,环018,群聊发言,2025-11-09 08:39:29.902093,1
人079,文014,群聊发言,2025-10-18 23:35:29.902093,4
环096,文022,群聊发言,2025-11-04 12:08:29.902093,1
文100,文041,@提及,2025-10-20 04:52:29.902093,2
环033,文024,群聊发言,2025-10-20 18:26:29.902093,5
文007,,群聊发言,2025-10-22 17:03:29.902093,3
人031,,群聊发言,2025-11-10 23:01:29.902093,5
环008,人038,群聊发言,2025-10-26 06:10:29.902093,3
环014,人049,群聊发言,2025-10-27 11:37:29.902093,4
人070,文049,私聊,2025-11-02 23:37:29.902093,1
人083,文064,文件分享,2025-11-02 08:00:29.902093,2
环064,人036,@提及,2025-11-09 02:05:29.902093,2
文022,人095,@提及,2025-10-29 04:28:29.902093,1
人065,文015,@提及,2025-10-27 08:30:29.902093,5
环004,文019,私聊,2025-11-07 23:00:29.902093,3
文039,人023,群聊发言,2025-10-24 19:58:29.902093,3
人036,环033,@提及,2025-11-02 02:09:29.902093,1
人036,环033,@提及,2025-11-02 02:09:29.902093,1
文056,文073,@提及,2025-11-08 11:15:29.902093,4
人100,环018,群聊发言,2025-11-03 06:48:29.902093,2
文028,文020,群聊发言,2025-10-31 18:12:29.902093,2
环027,环017,@提及,2025-11-16 09:42:29.902093,4
人098,环044,@提及,2025-11-11 15:39:29.902093,3
人017,人055,私聊,2025-11-07 01:31:29.902093,1
文028,环047,群聊发言,2025-11-14 13:37:29.902093,3
环092,文057,群聊发言,2025-11-04 12:46:29.902093,4
环061,文084,私聊,2025-11-12 20:36:29.902093,1
环027,环044,@提及,2025-11-06 08:38:29.902093,1
环076,人036,群聊发言,2025-10-29 21:23:29.902093,5
环085,文057,私聊,2025-10-29 18:05:29.902093,5
环087,人034,群聊发言,2025-11-07 04:42:29.902093,3
人035,环092,群聊发言,2025-11-07 16:32:29.902093,4
人035,环092,群聊发言,2025-11-07 16:32:29.902093,4
环049,文087,群聊发言,2025-10-31 00:13:29.902093,1
人031,文088,私聊,2025-11-06 01:54:29.902093,2
环024,人019,群聊发言,2025-10-28 05:08:29.902093,5
人046,文053,文件分享,2025-11-07 04:06:29.902093,3
文067,环076,群聊发言,2025-10-23 20:24:29.902093,5
文050,人078,群聊发言,2025-10-31 08:56:29.902093,2
文006,人015,群聊发言,2025-11-07 18:50:29.902093,5
文093,人083,私聊,2025-10-22 09:46:29.902093,4
文054,文069,@提及,2025-10-24 05:22:29.902093,4
文034,文043,群聊发言,2025-11-01 07:53:29.902093,4
人083,环032,群聊发言,2025-10-21 10:31:29.902093,4
文096,文057,@提及,2025-11-11 09:36:29.902093,4
环020,人040,@提及,2025-10-22 18:52:29.902093,1
人080,人020,群聊发言,2025-10-19 18:10:29.902093,1
人090,文007,私聊,2025-11-10 22:48:29.902093,4
文027,文074,群聊发言,2025-10-31 14:46:29.902093,2
环005,人097,@提及,2025-11-04 10:26:29.902093,1
人068,人069,群聊发言,2025-10-23 16:29:29.902093,1
环041,文062,群聊发言,2025-10-30 06:56:29.902093,2
环048,文020,@提及,2025-11-10 01:35:29.902093,5
环016,人024,群聊发言,2025-11-09 21:35:29.902093,4
环051,环047,群聊发言,2025-10-26 10:03:29.902093,3
文033,文071,群聊发言,2025-11-14 02:34:29.902093,5
文028,环044,群聊发言,2025-10-26 23:51:29.902093,1
文010,人081,文件分享,2025-11-13 18:08:29.902093,1
环008,人060,私聊,2025-11-08 09:22:29.902093,1
人040,文056,私聊,2025-11-11 08:00:29.902093,5
环036,环090,@提及,2025-11-05 03:58:29.902093,1
环076,人005,@提及,2025-10-25 23:03:29.902093,2
环076,人005,@提及,2025-10-25 23:03:29.902093,2
人028,文032,群聊发言,2025-11-10 05:35:29.902093,1
人026,人097,私聊,2025-11-14 10:01:29.902093,1
环066,环032,群聊发言,2025-10-24 14:50:29.902093,5
环031,文038,群聊发言,2025-11-09 13:11:29.902093,2
文011,环053,群聊发言,2025-11-10 21:24:29.902093,5
人059,文011,@提及,2025-10-21 01:35:29.902093,2
环092,文022,@提及,2025-11-13 10:11:29.902093,3
环062,人084,@提及,2025-11-16 12:18:29.902093,3
环087,人033,群聊发言,2025-10-24 05:33:29.902093,2
文006,文013,群聊发言,2025-11-07 13:39:29.902093,5
环052,人053,群聊发言,2025-10-30 10:43:29.902093,1
环013,人055,私聊,2025-11-16 08:07:29.902093,1
人022,,文件分享,2025-11-02 05:27:29.902093,2
人066,人048,群聊发言,2025-10-20 17:33:29.902093,1
人098,文054,群聊发言,2025-11-04 07:08:29.902093,3
环036,人086,群聊发言,2025-11-17 12:09:29.902093,4
人060,环050,群聊发言,2025-11-05 06:28:29.902093,4
环080,人098,文件分享,2025-11-17 06:40:29.902093,3
人072,环067,群聊发言,2025-10-19 15:24:29.902093,2
环038,环080,@提及,2025-11-02 01:45:29.902093,3
文098,环012,私聊,2025-10-21 04:20:29.902093,3
文098,环012,私聊,2025-10-21 04:20:29.902093,3
文033,环092,私聊,2025-10-19 19:29:29.902093,4
文033,环092,私聊,2025-10-19 19:29:29.902093,4
文006,文012,@提及,2025-10-28 09:22:29.902093,1
文060,人032,私聊,2025-11-03 14:08:29.902093,5
人067,文023,@提及,2025-11-04 09:17:29.902093,1
环032,文018,@提及,2025-10-19 05:37:29.902093,4
文069,文042,私聊,2025-10-20 07:53:29.902093,5
人004,人011,@提及,2025-10-25 15:16:29.902093,5
环076,人071,文件分享,2025-11-01 13:31:29.902093,2
环076,人071,文件分享,2025-11-01 13:31:29.902093,2
环038,人070,群聊发言,2025-10-26 02:02:29.902093,2
环071,环017,私聊,2025-11-16 21:07:29.902093,3
环017,环010,群聊发言,2025-10-27 21:54:29.902093,1
人081,环021,文件分享,2025-10-26 19:53:29.902093,3
人053,环030,私聊,2025-11-04 11:34:29.902093,1
人090,文066,文件分享,2025-10-19 23:07:29.902093,3
环002,人051,文件分享,2025-10-31 20:59:29.902093,2
环007,文013,群聊发言,2025-10-24 23:18:29.902093,3
环059,人091,文件分享,2025-10-20 20:42:29.902093,2
人039,人026,群聊发言,2025-11-08 12:30:29.902093,3
人037,环043,群聊发言,2025-11-01 06:59:29.902093,1
环078,环077,@提及,2025-11-12 17:29:29.902093,2
人007,文072,文件分享,2025-10-19 17:40:29.902093,5
人023,文035,私聊,2025-10-27 10:00:29.902093,2
环042,环001,私聊,2025-11-14 20:26:29.902093,1
环020,人083,@提及,2025-11-14 17:07:29.902093,2
人022,环060,@提及,2025-11-12 20:08:29.902093,2
环018,环042,@提及,2025-11-13 12:38:29.902093,3
文042,人044,群聊发言,2025-11-03 10:28:29.902093,1
人048,环043,群聊发言,2025-10-20 13:30:29.902093,1
环088,人012,群聊发言,2025-11-08 09:56:29.902093,2
环088,人012,群聊发言,2025-11-08 09:56:29.902093,2
文008,环052,文件分享,2025-10-22 05:17:29.902093,3
文079,文070,群聊发言,2025-11-11 08:22:29.902093,1
文021,文019,@提及,2025-10-23 18:15:29.902093,3
环067,环031,群聊发言,2025-10-30 12:57:29.902093,3
环067,环031,群聊发言,2025-10-30 12:57:29.902093,3
人092,文070,私聊,2025-11-11 18:31:29.902093,2
人092,文070,私聊,2025-11-11 18:31:29.902093,2
人061,文007,群聊发言,2025-11-04 00:15:29.902093,1
人058,环059,群聊发言,2025-11-04 10:45:29.902093,4
文020,环047,群聊发言,2025-11-17 19:12:29.902093,3
环043,环070,群聊发言,2025-10-28 10:07:29.902093,5
文019,环012,文件分享,2025-11-11 18:11:29.902093,2
文052,环053,@提及,2025-11-11 04:08:29.902093,2
环062,文005,群聊发言,2025-11-05 13:12:29.902093,1
人060,人069,群聊发言,2025-11-17 10:12:29.902093,4
人027,文047,群聊发言,2025-10-28 04:51:29.902093,1
人027,文047,群聊发言,2025-10-28 04:51:29.902093,1
人038,环004,@提及,2025-10-22 14:48:29.902093,5
人038,环004,@提及,2025-10-22 14:48:29.902093,5
文075,人052,私聊,2025-10-19 23:55:29.902093,5
文040,文088,群聊发言,2025-10-29 12:15:29.902093,4
文001,文053,群聊发言,2025-10-26 08:06:29.902093,4
人014,文088,@提及,2025-10-21 10:57:29.902093,2
环079,人012,@提及,2025-10-25 04:14:29.902093,4
文040,环056,群聊发言,2025-10-29 18:26:29.902093,1
文081,文045,@提及,2025-10-30 22:17:29.902093,4
人088,环086,群聊发言,2025-10-31 14:41:29.902093,4
人088,环086,群聊发言,2025-10-31 14:41:29.902093,4
人030,人016,@提及,2025-10-28 08:28:29.902093,1
人093,环097,群聊发言,2025-11-17 01:57:29.902093,5
人020,文049,群聊发言,2025-11-14 14:35:29.902093,5
环020,环042,群聊发言,2025-11-13 07:54:29.902093,3
人099,人091,私聊,2025-10-28 08:09:29.902093,4
环077,环069,@提及,2025-11-06 16:57:29.902093,5
文080,人084,@提及,2025-10-24 12:14:29.902093,2
人030,人076,群聊发言,2025-10-26 06:47:29.902093,5
人085,文056,私聊,2025-10-30 07:30:29.902093,5
文076,环030,私聊,2025-11-13 16:27:29.902093,2
文048,文012,@提及,2025-10-22 18:45:29.902093,3
人063,环040,群聊发言,2025-10-29 21:22:29.902093,3
文099,文033,@提及,2025-10-24 22:12:29.902093,1
文099,文033,@提及,2025-10-24 22:12:29.902093,1
人071,文059,群聊发言,2025-10-21 16:56:29.902093,4
文030,人067,私聊,2025-11-08 17:20:29.902093,4
文047,文035,群聊发言,2025-10-24 07:18:29.902093,4
文036,环011,@提及,2025-10-31 19:33:29.902093,2
人071,环055,@提及,2025-10-24 18:44:29.902093,1
环060,文049,私聊,2025-11-16 13:18:29.902093,1
文083,,群聊发言,2025-10-23 08:01:29.902093,1
环099,环058,群聊发言,2025-11-01 07:58:29.902093,5
人092,环027,群聊发言,2025-11-07 01:36:29.902093,4
文004,环040,@提及,2025-11-01 18:43:29.902093,4
环070,,私聊,2025-11-10 06:55:29.902093,2
人041,环075,文件分享,2025-11-03 07:30:29.902093,1
文058,文060,@提及,2025-11-15 15:12:29.902093,4
环008,环002,群聊发言,2025-10-28 22:44:29.902093,2
人023,环087,私聊,2025-11-06 22:03:29.902093,3
人001,环056,群聊发言,2025-11-12 10:21:29.902093,4
人042,人011,群聊发言,2025-10-30 12:15:29.902093,1
人042,人011,群聊发言,2025-10-30 12:15:29.902093,1
文096,环041,群聊发言,2025-11-06 02:21:29.902093,3
人096,文064,@提及,2025-11-15 11:13:29.902093,2
人094,文003,文件分享,2025-11-11 14:28:29.902093,3
人074,文037,群聊发言,2025-11-06 12:11:29.902093,5
环078,环009,群聊发言,2025-11-09 15:12:29.902093,5
人020,文001,@提及,2025-10-20 02:48:29.902093,4
环049,人015,@提及,2025-10-26 17:56:29.902093,1
环080,人074,群聊发言,2025-10-27 01:37:29.902093,5
人049,人044,群聊发言,2025-10-21 10:07:29.902093,1
环031,人038,文件分享,2025-11-16 08:51:29.902093,3
文061,环094,文件分享,2025-10-25 16:06:29.902093,5
文061,环094,文件分享,2025-10-25 16:06:29.902093,5
环061,人008,群聊发言,2025-10-23 11:32:29.902093,4
人042,环034,群聊发言,2025-11-03 07:59:29.902093,1
文062,人010,私聊,2025-10-20 22:05:29.902093,5
环048,环017,@提及,2025-11-02 00:35:29.902093,5
环062,文009,群聊发言,2025-10-29 23:30:29.902093,4
人077,环004,@提及,2025-10-23 11:25:29.902093,3
人077,环004,@提及,2025-10-23 11:25:29.902093,3
环054,环015,群聊发言,2025-11-05 18:26:29.902093,2
人067,人059,@提及,2025-10-23 21:26:29.902093,1
环059,文075,私聊,2025-10-26 07:26:29.902093,3
文017,人088,群聊发言,2025-10-20 13:34:29.902093,3
文005,环003,群聊发言,2025-10-30 07:18:29.902093,5
文093,文047,私聊,2025-10-29 09:03:29.902093,1
文064,环020,@提及,2025-10-27 05:28:29.902093,2
人089,,群聊发言,2025-10-22 16:19:29.902093,3
文047,环050,文件分享,2025-11-09 13:59:29.902093,5
环078,人009,@提及,2025-10-31 15:49:29.902093,3
人083,环011,@提及,2025-10-19 03:52:29.902093,5
文081,文006,群聊发言,2025-11-01 11:57:29.902093,5
人071,文031,群聊发言,2025-10-27 01:57:29.902093,2
文024,文041,@提及,2025-11-11 21:06:29.902093,4
人069,环067,私聊,2025-11-02 03:36:29.902093,4
文018,环060,文件分享,2025-10-25 13:11:29.902093,4
环070,人045,私聊,2025-10-19 06:44:29.902093,1
人002,人066,群聊发言,2025-10-26 12:49:29.902093,2
人089,文015,@提及,2025-11-01 17:09:29.902093,3
人028,人064,@提及,2025-10-30 15:41:29.902093,4
人008,人095,文件分享,2025-11-08 06:15:29.902093,1
人070,人056,私聊,2025-11-10 13:53:29.902093,1
人070,人056,私聊,2025-11-10 13:53:29.902093,1
文026,文089,@提及,2025-10-19 15:43:29.902093,4
人095,环063,群聊发言,2025-10-26 03:43:29.902093,1
环065,文073,@提及,2025-11-10 23:34:29.902093,1
文091,文079,群聊发言,2025-10-25 03:07:29.902093,5
人099,人046,文件分享,2025-11-08 11:42:29.902093,5
人099,人046,文件分享,2025-11-08 11:42:29.902093,5
人074,人026,@提及,2025-11-16 10:36:29.902093,5
文066,环060,@提及,2025-11-08 00:53:29.902093,2
文082,文001,私聊,2025-11-11 07:00:29.902093,3
环001,文038,@提及,2025-11-02 04:40:29.902093,1
人074,人050,群聊发言,2025-11-01 02:23:29.902093,5
人021,人054,文件分享,2025-10-21 18:21:29.902093,5
文048,文097,私聊,2025-10-25 04:33:29.902093,3
文048,文097,私聊,2025-10-25 04:33:29.902093,3
人093,环015,@提及,2025-11-16 07:21:29.902093,4
文062,文092,群聊发言,2025-10-24 03:13:29.902093,3
文062,文092,群聊发言,2025-10-24 03:13:29.902093,3
环069,人075,私聊,2025-11-02 10:02:29.902093,4
环069,人075,私聊,2025-11-02 10:02:29.902093,4
文090,环095,群聊发言,2025-11-12 22:15:29.902093,3
文056,文091,群聊发言,2025-11-08 01:45:29.902093,5
人093,环007,@提及,2025-10-23 03:34:29.902093,3
文057,文048,@提及,2025-11-16 06:22:29.902093,2
环061,环074,私聊,2025-10-29 12:41:29.902093,5
环011,,私聊,2025-11-07 08:41:29.902093,2
人009,人040,私聊,2025-11-06 05:13:29.902093,2
人009,人040,私聊,2025-11-06 05:13:29.902093,2
文054,文100,@提及,2025-11-08 10:20:29.902093,4
文054,文100,@提及,2025-11-08 10:20:29.902093,4
人088,环046,私聊,2025-11-13 21:13:29.902093,1
文062,文081,@提及,2025-10-29 09:14:29.902093,1
文075,文076,群聊发言,2025-11-07 06:57:29.902093,5
环004,人088,群聊发言,2025-11-02 13:20:29.902093,4
人050,环029,群聊发言,2025-11-06 04:39:29.902093,1
环010,文091,群聊发言,2025-11-04 00:31:29.902093,5
环016,,文件分享,2025-11-16 16:20:29.902093,3
环039,环084,私聊,2025-10-21 02:30:29.902093,1
环060,环057,群聊发言,2025-10-23 13:53:29.902093,1
环060,环057,群聊发言,2025-10-23 13:53:29.902093,1
人018,人075,群聊发言,2025-10-21 06:15:29.902093,2
人065,人054,私聊,2025-11-11 04:03:29.902093,4
环031,文068,群聊发言,2025-11-06 04:25:29.902093,4
人074,人048,@提及,2025-11-12 11:44:29.902093,1
人066,环019,群聊发言,2025-10-27 23:24:29.902093,4
文093,文045,@提及,2025-11-06 10:41:29.902093,2
环019,文023,群聊发言,2025-10-22 10:30:29.902093,5
文013,文087,文件分享,2025-10-25 12:34:29.902093,3
人094,人098,群聊发言,2025-11-02 12:23:29.902093,5
环020,人053,@提及,2025-10-28 23:26:29.902093,1
文070,文093,群聊发言,2025-11-08 08:32:29.902093,5
人051,人060,文件分享,2025-11-12 13:50:29.902093,5
人079,环036,@提及,2025-11-12 15:07:29.902093,4
文062,环088,群聊发言,2025-11-03 12:49:29.902093,1
环024,环030,@提及,2025-11-08 08:18:29.902093,4
环024,环030,@提及,2025-11-08 08:18:29.902093,4
文072,文076,@提及,2025-10-31 21:00:29.902093,4
文072,文076,@提及,2025-10-31 21:00:29.902093,4
人003,人090,文件分享,2025-11-04 11:57:29.902093,2
环081,人091,私聊,2025-11-06 08:43:29.902093,3
环020,文098,群聊发言,2025-10-22 04:57:29.902093,4
人018,环001,群聊发言,2025-11-11 00:55:29.902093,5
环018,环047,私聊,2025-11-06 22:57:29.902093,5
人060,人066,@提及,2025-11-16 06:28:29.902093,5
环006,文058,群聊发言,2025-10-27 11:17:29.902093,5
环004,文049,私聊,2025-11-04 12:56:29.902093,4
文086,文017,群聊发言,2025-11-07 16:15:29.902093,2
文078,文081,@提及,2025-11-02 15:18:29.902093,5
人098,人029,群聊发言,2025-11-10 07:20:29.902093,4
人031,环018,私聊,2025-10-20 00:32:29.902093,2
人038,环017,@提及,2025-11-09 15:58:29.902093,3
人038,环017,@提及,2025-11-09 15:58:29.902093,3
文024,文070,@提及,2025-11-13 08:23:29.902093,2
环030,,群聊发言,2025-11-06 21:11:29.902093,4
环008,环086,@提及,2025-10-19 09:36:29.902093,1
人010,人025,群聊发言,2025-10-23 19:21:29.902093,3
环061,文067,@提及,2025-10-29 10:47:29.902093,4
环075,环083,私聊,2025-11-16 11:54:29.902093,1
人088,文086,群聊发言,2025-11-02 02:34:29.902093,3
人073,文097,@提及,2025-11-09 13:18:29.902093,3
环066,人027,私聊,2025-10-26 07:07:29.902093,2
人064,环025,私聊,2025-11-07 10:13:29.902093,4
人076,人036,@提及,2025-11-05 17:28:29.902093,1
环080,文027,@提及,2025-11-16 15:43:29.902093,5
文045,,@提及,2025-11-10 23:51:29.902093,5
文029,环049,私聊,2025-11-17 08:27:29.902093,2
环096,文090,私聊,2025-11-13 07:03:29.902093,3
文065,环090,群聊发言,2025-10-25 01:59:29.902093,1
环070,人039,群聊发言,2025-11-04 13:57:29.902093,1
文040,环025,群聊发言,2025-10-31 05:41:29.902093,2
文070,人009,@提及,2025-10-30 04:41:29.902093,3
人092,文004,群聊发言,2025-10-28 13:48:29.902093,2
文059,文063,私聊,2025-10-29 05:24:29.902093,3
文028,环055,群聊发言,2025-10-23 10:26:29.902093,5
环011,环044,@提及,2025-10-22 16:32:29.902093,5
人016,文011,群聊发言,2025-10-23 23:04:29.902093,3
环098,环076,群聊发言,2025-10-21 22:25:29.902093,2
环098,环076,群聊发言,2025-10-21 22:25:29.902093,2
文051,人068,群聊发言,2025-10-25 04:29:29.902093,3
环070,人069,私聊,2025-10-25 13:58:29.902093,2
环070,人069,私聊,2025-10-25 13:58:29.902093,2
人056,,文件分享,2025-10-28 11:17:29.902093,1
文047,环042,群聊发言,2025-10-23 07:46:29.902093,2
人007,环068,群聊发言,2025-10-31 10:43:29.902093,5
文063,人002,群聊发言,2025-10-23 21:26:29.902093,5
文039,人020,私聊,2025-11-02 08:53:29.902093,5
文055,人064,群聊发言,2025-11-16 03:36:29.902093,2
环088,人078,文件分享,2025-10-27 19:04:29.902093,1
人042,文083,群聊发言,2025-10-20 15:11:29.902093,5
文021,文009,@提及,2025-10-22 23:47:29.902093,1
文021,文009,@提及,2025-10-22 23:47:29.902093,1
环007,文082,私聊,2025-10-28 03:39:29.902093,1
环055,人063,群聊发言,2025-11-01 01:23:29.902093,4
环030,文017,@提及,2025-11-10 03:22:29.902093,4
文079,文017,群聊发言,2025-11-05 20:22:29.902093,3
文067,,文件分享,2025-11-01 08:49:29.902093,1
文065,环004,文件分享,2025-10-30 02:36:29.902093,4
文057,环083,群聊发言,2025-10-23 08:31:29.902093,5
文014,文061,群聊发言,2025-10-22 03:32:29.902093,3
人097,人006,@提及,2025-11-12 03:58:29.902093,5
环024,环003,私聊,2025-10-23 13:17:29.902093,5
人081,环063,私聊,2025-11-14 21:52:29.902093,5
文014,人085,@提及,2025-11-08 20:01:29.902093,2
人002,环008,群聊发言,2025-11-03 15:43:29.902093,3
文083,,群聊发言,2025-10-20 16:15:29.902093,1
文073,文084,@提及,2025-10-27 18:34:29.902093,2
文053,人082,群聊发言,2025-10-31 22:52:29.902093,2
文009,人033,群聊发言,2025-10-23 22:37:29.902093,3
文036,环023,文件分享,2025-10-19 09:07:29.902093,4
环009,文090,私聊,2025-10-21 13:19:29.902093,5
环010,人068,私聊,2025-10-24 12:06:29.902093,4
人074,环009,@提及,2025-11-03 00:15:29.902093,1
人016,环022,@提及,2025-11-03 16:57:29.902093,5
人087,环019,@提及,2025-11-16 14:26:29.902093,5
环074,文019,私聊,2025-11-08 19:48:29.902093,1
人090,人048,群聊发言,2025-11-06 05:10:29.902093,5
人058,环066,@提及,2025-10-29 15:22:29.902093,5
人078,人027,群聊发言,2025-11-04 11:08:29.902093,4
文013,人074,@提及,2025-11-06 05:48:29.902093,4
人047,人059,私聊,2025-11-17 11:11:29.902093,1
文072,文021,文件分享,2025-11-17 17:47:29.902093,3
人073,人100,群聊发言,2025-11-16 17:46:29.902093,4
环035,人033,群聊发言,2025-11-06 23:33:29.902093,1
环012,人044,@提及,2025-11-09 20:43:29.902093,4
环012,人044,@提及,2025-11-09 20:43:29.902093,4
环007,人065,私聊,2025-11-08 19:41:29.902093,1
环007,人065,私聊,2025-11-08 19:41:29.902093,1
环072,文065,群聊发言,2025-10-23 04:53:29.902093,4
人035,人055,@提及,2025-10-29 19:03:29.902093,1
文048,人022,文件分享,2025-10-26 23:19:29.902093,5
文037,环011,群聊发言,2025-10-27 11:33:29.902093,3
文031,文069,@提及,2025-11-12 15:48:29.902093,2
文031,,@提及,2025-11-12 15:48:29.902093,2
环069,文056,群聊发言,2025-10-29 23:58:29.902093,3
人026,人085,群聊发言,2025-10-27 09:18:29.902093,5
人074,环030,私聊,2025-11-12 05:04:29.902093,2
文014,文009,私聊,2025-11-01 20:58:29.902093,3
文037,环018,文件分享,2025-11-02 10:28:29.902093,2
环042,人091,群聊发言,2025-10-24 01:23:29.902093,1
人067,人095,群聊发言,2025-10-29 02:08:29.902093,2
人017,环061,群聊发言,2025-11-11 16:38:29.902093,2
环048,文078,群聊发言,2025-11-13 01:04:29.902093,1
环016,文024,私聊,2025-10-25 19:24:29.902093,3
环036,环002,群聊发言,2025-11-16 20:09:29.902093,2
环004,,私聊,2025-10-25 05:29:29.902093,1
文042,文090,@提及,2025-10-18 22:43:29.902093,4
文013,环053,群聊发言,2025-11-12 08:50:29.902093,3
环058,环047,@提及,2025-11-03 03:16:29.902093,2
文034,文080,群聊发言,2025-11-01 00:44:29.902093,3
人025,人037,群聊发言,2025-10-28 16:17:29.902093,1
环027,人060,@提及,2025-11-09 02:12:29.902093,2
环093,环097,群聊发言,2025-10-27 04:37:29.902093,2
人099,人025,群聊发言,2025-10-25 16:56:29.902093,5
环016,人095,私聊,2025-10-26 12:17:29.902093,2
环016,人095,私聊,2025-10-26 12:17:29.902093,2
文031,文021,@提及,2025-11-04 23:39:29.902093,2
文025,文071,@提及,2025-11-06 23:58:29.902093,1
环017,环058,@提及,2025-11-04 16:07:29.902093,4
人042,文010,私聊,2025-11-09 11:27:29.902093,5
环015,文002,群聊发言,2025-10-30 19:54:29.902093,5
环011,环082,@提及,2025-11-10 20:47:29.902093,2
人061,,群聊发言,2025-11-10 01:45:29.902093,3
人002,人004,群聊发言,2025-11-16 12:34:29.902093,3
环016,人004,@提及,2025-11-17 10:48:29.902093,4
人055,文035,私聊,2025-11-12 02:20:29.902093,4
人066,文040,私聊,2025-11-17 04:51:29.902093,1
人032,环013,私聊,2025-10-28 18:50:29.902093,3
文042,环010,@提及,2025-11-05 13:31:29.902093,4
环005,文047,私聊,2025-11-09 12:15:29.902093,5
人038,环001,@提及,2025-11-07 00:33:29.902093,2
人047,环094,@提及,2025-11-08 07:38:29.902093,3
环059,环090,群聊发言,2025-11-12 21:58:29.902093,3
环006,环055,@提及,2025-10-29 19:58:29.902093,3
人078,环075,群聊发言,2025-11-15 19:11:29.902093,1
人077,文036,文件分享,2025-10-25 06:08:29.902093,3
人090,文085,文件分享,2025-11-14 09:37:29.902093,2
环059,环044,@提及,2025-11-12 17:27:29.902093,4
环040,文030,文件分享,2025-11-04 23:07:29.902093,3
环040,文030,文件分享,2025-11-04 23:07:29.902093,3
环054,人086,群聊发言,2025-11-08 16:36:29.902093,2
人026,环100,群聊发言,2025-11-01 14:07:29.902093,1
人018,人056,文件分享,2025-10-21 11:24:29.902093,2
环018,环023,私聊,2025-10-20 05:15:29.902093,1
文017,文078,群聊发言,2025-11-03 16:53:29.902093,2
环002,文008,私聊,2025-10-25 18:50:29.902093,5
环055,人006,群聊发言,2025-11-15 10:56:29.902093,1
文088,人016,@提及,2025-10-19 04:53:29.902093,3
文049,环015,群聊发言,2025-10-19 14:24:29.902093,1
文063,文099,私聊,2025-11-05 09:45:29.902093,4
文063,文099,私聊,2025-11-05 09:45:29.902093,4
人057,文018,群聊发言,2025-10-22 23:59:29.902093,5
环010,环090,文件分享,2025-10-26 18:54:29.902093,1
环001,人056,群聊发言,2025-11-13 17:48:29.902093,1
文053,文009,@提及,2025-10-29 05:50:29.902093,4
环085,环059,私聊,2025-11-09 14:43:29.902093,1
人035,人068,@提及,2025-10-31 16:17:29.902093,4
文028,环031,@提及,2025-11-11 10:27:29.902093,1
文071,环070,私聊,2025-11-01 13:52:29.902093,3
环045,环046,群聊发言,2025-10-20 10:53:29.902093,5
环045,环046,群聊发言,2025-10-20 10:53:29.902093,5
文066,环045,私聊,2025-11-14 15:37:29.902093,3
人082,人066,群聊发言,2025-10-29 02:34:29.902093,2
环090,人029,群聊发言,2025-10-23 14:31:29.902093,3
环052,人089,群聊发言,2025-11-07 11:54:29.902093,4
人026,环040,私聊,2025-10-20 10:10:29.902093,1
文078,环004,@提及,2025-11-11 11:56:29.902093,4
人030,文056,@提及,2025-11-02 15:36:29.902093,4
环024,环091,群聊发言,2025-11-06 13:56:29.902093,5
人004,文072,群聊发言,2025-11-03 02:22:29.902093,4
人029,文019,群聊发言,2025-11-12 16:03:29.902093,1
环006,人040,文件分享,2025-10-31 15:36:29.902093,1
文094,人023,群聊发言,2025-10-27 08:51:29.902093,3
环093,人053,文件分享,2025-11-06 17:42:29.902093,1
人099,人014,@提及,2025-11-05 04:17:29.902093,3
文025,文060,@提及,2025-10-28 17:32:29.902093,4
文065,文038,群聊发言,2025-10-26 01:50:29.902093,5
文050,环064,群聊发言,2025-10-26 20:22:29.902093,2
环050,人086,文件分享,2025-10-19 05:00:29.902093,1
环020,,群聊发言,2025-11-01 11:02:29.902093,4
文098,人018,@提及,2025-10-23 10:28:29.902093,3
环073,人003,@提及,2025-10-30 17:02:29.902093,4
文057,文083,群聊发言,2025-10-28 23:01:29.902093,5
环079,,@提及,2025-11-11 18:15:29.902093,3
人089,环100,私聊,2025-11-12 22:47:29.902093,4
环009,文046,群聊发言,2025-10-19 01:31:29.902093,1
环009,文046,群聊发言,2025-10-19 01:31:29.902093,1
文029,文062,群聊发言,2025-10-20 04:36:29.902093,4
文019,文024,私聊,2025-10-31 00:35:29.902093,4
人032,文027,群聊发言,2025-10-31 00:49:29.902093,5
文005,人065,群聊发言,2025-10-22 16:08:29.902093,1
文014,文079,群聊发言,2025-10-30 16:28:29.902093,1
人064,文019,@提及,2025-10-18 20:56:29.902093,3
文001,环033,文件分享,2025-11-01 19:20:29.902093,5
环098,人065,@提及,2025-11-08 15:06:29.902093,3
人076,环028,群聊发言,2025-10-28 01:09:29.902093,2
人002,文067,@提及,2025-10-29 02:47:29.902093,5
人084,人017,@提及,2025-10-24 09:02:29.902093,4
文019,环004,文件分享,2025-11-06 23:37:29.902093,3
文076,文078,文件分享,2025-10-20 08:03:29.902093,2
环020,,@提及,2025-11-07 05:37:29.902093,4
环026,人029,私聊,2025-10-22 19:44:29.902093,5
环100,人057,群聊发言,2025-10-30 10:04:29.902093,2
文004,文079,文件分享,2025-10-20 21:13:29.902093,1
环060,人039,@提及,2025-10-21 10:54:29.902093,2
环023,人064,群聊发言,2025-11-01 11:41:29.902093,1
环045,人072,@提及,2025-11-01 00:58:29.902093,4
文009,文047,文件分享,2025-11-11 21:55:29.902093,4
文059,环036,群聊发言,2025-10-25 00:36:29.902093,3
人076,文039,群聊发言,2025-10-19 07:20:29.902093,4
人007,文061,@提及,2025-11-17 00:16:29.902093,3
人075,文050,群聊发言,2025-11-02 11:33:29.902093,3
文063,环040,@提及,2025-10-22 09:41:29.902093,2
人098,人026,私聊,2025-11-03 05:30:29.902093,4
文081,人012,@提及,2025-10-28 07:42:29.902093,4
人050,环050,私聊,2025-11-09 18:51:29.902093,2
文063,环089,群聊发言,2025-11-09 03:35:29.902093,4
人076,,私聊,2025-11-02 09:47:29.902093,5
文100,文033,@提及,2025-10-23 12:09:29.902093,1
文014,人011,群聊发言,2025-10-27 09:50:29.902093,5
文014,人011,群聊发言,2025-10-27 09:50:29.902093,5
环071,环083,群聊发言,2025-11-02 18:33:29.902093,5
人008,环068,私聊,2025-10-26 10:32:29.902093,3
人008,环068,私聊,2025-10-26 10:32:29.902093,3
人002,人053,私聊,2025-11-14 02:12:29.902093,4
人053,环072,群聊发言,2025-11-10 19:30:29.902093,2
人053,环072,群聊发言,2025-11-10 19:30:29.902093,2
文021,文049,@提及,2025-11-15 19:29:29.902093,2
人086,环003,群聊发言,2025-11-05 17:54:29.902093,4
人086,环003,群聊发言,2025-11-05 17:54:29.902093,4
环046,环100,私聊,2025-10-19 19:27:29.902093,2
人071,环036,群聊发言,2025-10-19 22:44:29.902093,1
文038,人093,@提及,2025-11-03 08:32:29.902093,5
环009,环077,私聊,2025-10-21 03:46:29.902093,2
环038,人065,@提及,2025-11-04 12:59:29.902093,5
环058,文010,群聊发言,2025-11-16 09:40:29.902093,1
人013,环091,@提及,2025-10-28 15:46:29.902093,2
人013,环091,@提及,2025-10-28 15:46:29.902093,2
人049,环038,@提及,2025-10-27 03:34:29.902093,4
环051,人096,群聊发言,2025-11-09 05:53:29.902093,3
人033,人031,群聊发言,2025-11-10 14:29:29.902093,5
人033,人031,群聊发言,2025-11-10 14:29:29.902093,5
环059,人008,群聊发言,2025-10-19 18:16:29.902093,5
人022,文048,群聊发言,2025-10-19 08:17:29.902093,2
文062,文077,群聊发言,2025-11-09 00:42:29.902093,3
人052,文071,群聊发言,2025-11-09 02:59:29.902093,3
环014,文070,私聊,2025-11-14 14:13:29.902093,5
环014,文070,私聊,2025-11-14 14:13:29.902093,5
文093,文048,@提及,2025-10-20 08:17:29.902093,3
环082,文031,群聊发言,2025-10-25 16:54:29.902093,2
环070,环038,私聊,2025-11-03 10:59:29.902093,5
人003,文052,@提及,2025-10-21 16:01:29.902093,4
人003,文052,@提及,2025-10-21 16:01:29.902093,4
环040,环073,文件分享,2025-10-25 11:50:29.902093,3
文029,环047,群聊发言,2025-11-17 10:28:29.902093,4
文029,环047,群聊发言,2025-11-17 10:28:29.902093,4
文085,文080,文件分享,2025-11-10 02:29:29.902093,1
文085,文080,文件分享,2025-11-10 02:29:29.902093,1
环092,人092,@提及,2025-11-08 01:15:29.902093,4
环092,,@提及,2025-11-08 01:15:29.902093,4
环038,人099,@提及,2025-11-05 00:49:29.902093,5
文070,环004,群聊发言,2025-11-03 08:49:29.902093,3
文098,文008,私聊,2025-11-01 21:36:29.902093,2
文063,文043,@提及,2025-11-03 21:18:29.902093,4
环026,环028,@提及,2025-10-19 01:05:29.902093,3
人034,文063,@提及,2025-10-21 22:31:29.902093,3
环093,文028,@提及,2025-11-06 01:06:29.902093,4
文054,环004,群聊发言,2025-10-27 12:44:29.902093,1
环010,环086,群聊发言,2025-11-01 09:12:29.902093,2
环010,环086,群聊发言,2025-11-01 09:12:29.902093,2
人038,文096,@提及,2025-10-29 20:28:29.902093,2
人049,人088,私聊,2025-10-30 22:04:29.902093,1
文013,人058,文件分享,2025-11-14 16:31:29.902093,1
环020,环050,@提及,2025-10-25 10:12:29.902093,3
环043,,@提及,2025-10-20 03:51:29.902093,4
文075,文053,@提及,2025-11-03 09:25:29.902093,5
环074,文075,群聊发言,2025-11-06 11:05:29.902093,5
环040,人038,@提及,2025-11-06 08:34:29.902093,2
人013,人066,群聊发言,2025-10-20 02:33:29.902093,1
人040,人064,@提及,2025-11-07 08:25:29.902093,3
文036,文038,文件分享,2025-11-11 00:05:29.902093,3
环036,文022,私聊,2025-11-08 23:40:29.902093,1
文070,文096,@提及,2025-11-01 02:34:29.902093,5
环018,人024,私聊,2025-11-09 06:01:29.902093,4
环026,文057,@提及,2025-10-27 13:20:29.902093,3
环026,文057,@提及,2025-10-27 13:20:29.902093,3
人004,文009,群聊发言,2025-11-14 09:50:29.902093,1
环004,环002,@提及,2025-11-11 15:09:29.902093,4
文007,环018,@提及,2025-11-02 08:36:29.902093,3
文048,文026,群聊发言,2025-11-12 08:36:29.902093,5
人020,人091,群聊发言,2025-11-13 08:32:29.902093,1
文039,文068,@提及,2025-11-10 11:02:29.902093,5
环027,人040,群聊发言,2025-10-21 13:04:29.902093,3
文047,环054,@提及,2025-11-01 22:35:29.902093,2
文011,人029,群聊发言,2025-11-06 07:24:29.902093,5
文081,文037,@提及,2025-11-11 16:29:29.902093,3
环019,人091,@提及,2025-11-10 17:27:29.902093,2
环027,环009,@提及,2025-11-10 01:04:29.902093,2
文071,环058,文件分享,2025-10-23 11:42:29.902093,2
文049,人090,私聊,2025-11-05 21:23:29.902093,3
环086,环009,@提及,2025-11-14 18:47:29.902093,4
文071,文065,私聊,2025-10-28 09:11:29.902093,2
文034,文093,群聊发言,2025-10-30 21:51:29.902093,4
文034,文093,群聊发言,2025-10-30 21:51:29.902093,4
环098,环008,@提及,2025-10-25 08:56:29.902093,1
环072,环034,群聊发言,2025-10-25 03:10:29.902093,4
环096,人011,@提及,2025-11-13 04:09:29.902093,2
人004,环069,私聊,2025-10-31 18:22:29.902093,2
环077,文002,群聊发言,2025-10-30 01:44:29.902093,1
人043,人041,@提及,2025-11-01 04:52:29.902093,5
人082,环074,群聊发言,2025-11-11 23:53:29.902093,4
环084,环083,群聊发言,2025-10-25 10:08:29.902093,2
环084,环083,群聊发言,2025-10-25 10:08:29.902093,2
文070,人100,私聊,2025-11-16 03:52:29.902093,3
人027,人052,文件分享,2025-11-14 13:32:29.902093,4
环026,环069,@提及,2025-10-23 09:19:29.902093,1
环026,环069,@提及,2025-10-23 09:19:29.902093,1
人091,人063,群聊发言,2025-11-15 13:58:29.902093,5
文057,文100,@提及,2025-10-22 23:46:29.902093,5
环062,人024,私聊,2025-11-12 21:28:29.902093,2
文014,文073,@提及,2025-10-22 02:23:29.902093,1
文014,文073,@提及,2025-10-22 02:23:29.902093,1
人091,人042,@提及,2025-11-17 09:20:29.902093,2
人048,环092,@提及,2025-11-03 00:18:29.902093,3
文021,文072,群聊发言,2025-10-28 06:21:29.902093,2
文039,,文件分享,2025-11-13 21:06:29.902093,1
环076,人081,@提及,2025-10-19 09:28:29.902093,2
人026,,群聊发言,2025-10-22 23:47:29.902093,1
文049,文072,私聊,2025-10-23 03:26:29.902093,3
人010,文097,@提及,2025-10-18 20:46:29.902093,3
环013,文021,群聊发言,2025-11-13 20:15:29.902093,4
人043,文027,群聊发言,2025-11-11 06:31:29.902093,4
文016,人058,私聊,2025-10-30 06:33:29.902093,2
文098,文077,私聊,2025-10-23 23:10:29.902093,5
人084,人066,群聊发言,2025-11-06 03:05:29.902093,5
环083,人055,@提及,2025-11-14 23:47:29.902093,5
文052,环093,@提及,2025-10-22 16:05:29.902093,1
环033,环021,群聊发言,2025-11-07 20:00:29.902093,1
人094,人068,私聊,2025-10-22 20:57:29.902093,4
环002,文032,@提及,2025-10-27 12:51:29.902093,4
人011,,私聊,2025-10-27 05:15:29.902093,1
环090,文091,文件分享,2025-10-28 18:13:29.902093,4
环033,人085,群聊发言,2025-11-02 10:50:29.902093,5
环051,环084,群聊发言,2025-10-22 22:12:29.902093,2
环051,环084,群聊发言,2025-10-22 22:12:29.902093,2
环049,文069,群聊发言,2025-11-02 18:20:29.902093,2
环097,人076,群聊发言,2025-10-31 13:12:29.902093,2
环098,环061,群聊发言,2025-11-15 00:05:29.902093,2
文046,环052,私聊,2025-10-23 06:38:29.902093,5
环077,环008,@提及,2025-10-19 14:10:29.902093,2
环077,环008,@提及,2025-10-19 14:10:29.902093,2
环098,文076,私聊,2025-11-14 03:00:29.902093,3
文036,环091,文件分享,2025-10-21 14:12:29.902093,5
文055,环088,群聊发言,2025-10-19 20:54:29.902093,2
人076,环053,群聊发言,2025-11-12 17:52:29.902093,2
人076,环053,群聊发言,2025-11-12 17:52:29.902093,2
文078,人095,群聊发言,2025-10-28 14:27:29.902093,2
文007,文078,私聊,2025-10-19 07:43:29.902093,2
文057,环020,@提及,2025-11-12 11:17:29.902093,4
文057,环020,@提及,2025-11-12 11:17:29.902093,4
文048,人004,文件分享,2025-11-11 18:04:29.902093,3
文048,人004,文件分享,2025-11-11 18:04:29.902093,3
人042,环034,群聊发言,2025-10-30 02:39:29.902093,1
人096,环095,@提及,2025-10-28 18:03:29.902093,2
文038,环087,群聊发言,2025-11-09 15:47:29.902093,1
环066,文017,@提及,2025-10-28 13:21:29.902093,3
环064,环062,@提及,2025-11-15 00:09:29.902093,4
环096,环013,@提及,2025-10-22 03:36:29.902093,1
人022,环033,群聊发言,2025-11-11 18:38:29.902093,5
人036,人021,群聊发言,2025-10-24 08:07:29.902093,4
人085,环095,群聊发言,2025-11-05 11:39:29.902093,3
文061,人065,文件分享,2025-11-14 08:32:29.902093,3
文016,人052,群聊发言,2025-10-27 13:34:29.902093,1
文086,环024,群聊发言,2025-11-07 14:29:29.902093,5
人060,人005,群聊发言,2025-11-14 14:57:29.902093,5
人028,人042,@提及,2025-11-06 06:57:29.902093,4
文093,人057,@提及,2025-10-20 08:33:29.902093,5
文098,环082,群聊发言,2025-10-29 03:32:29.902093,1
人050,人032,文件分享,2025-10-24 01:56:29.902093,4
人012,环061,群聊发言,2025-11-08 11:33:29.902093,3
人083,人045,@提及,2025-10-24 17:32:29.902093,1
环085,文003,群聊发言,2025-10-25 21:58:29.902093,5
环099,环095,群聊发言,2025-11-06 12:29:29.902093,3
文043,,群聊发言,2025-11-01 21:40:29.902093,4
环093,,群聊发言,2025-10-20 22:40:29.902093,3
文046,环091,文件分享,2025-11-01 09:46:29.902093,4
人084,环026,群聊发言,2025-11-15 03:22:29.902093,1
人087,环031,@提及,2025-10-28 23:07:29.902093,4
人004,环054,文件分享,2025-11-10 16:12:29.902093,3
环064,人046,群聊发言,2025-10-30 05:16:29.902093,3
环050,人022,@提及,2025-10-19 02:43:29.902093,5
文035,人033,@提及,2025-11-15 12:11:29.902093,2
人030,人041,@提及,2025-10-21 03:39:29.902093,2
文078,环002,群聊发言,2025-11-08 07:35:29.902093,3
文081,人086,群聊发言,2025-10-20 08:28:29.902093,2
环024,环044,群聊发言,2025-11-08 06:15:29.902093,1
环002,环089,私聊,2025-10-19 04:33:29.902093,5
环027,环066,文件分享,2025-10-22 00:12:29.902093,5
人052,环041,私聊,2025-10-25 23:13:29.902093,4
环003,,群聊发言,2025-10-27 07:37:29.902093,5
人053,环086,文件分享,2025-10-23 05:23:29.902093,1
环036,文077,@提及,2025-10-31 13:41:29.902093,5
人007,文007,@提及,2025-11-15 17:09:29.902093,2
人033,文012,@提及,2025-10-24 11:28:29.902093,3
环088,文049,私聊,2025-11-15 13:20:29.902093,4
环091,环081,私聊,2025-10-30 22:38:29.902093,4
人039,人033,文件分享,2025-11-06 01:20:29.902093,5
环098,环074,@提及,2025-10-21 06:24:29.902093,4
环093,环068,@提及,2025-10-25 03:46:29.902093,3
文028,环049,私聊,2025-11-15 09:36:29.902093,4
人095,文023,群聊发言,2025-11-12 06:10:29.902093,5
人097,人059,@提及,2025-10-19 21:52:29.902093,5
人095,人051,群聊发言,2025-10-25 13:40:29.902093,5
人090,文100,@提及,2025-11-16 23:55:29.902093,2
文035,文018,私聊,2025-10-28 20:23:29.902093,4
人061,环068,群聊发言,2025-10-19 10:07:29.902093,3
文013,人083,文件分享,2025-11-08 23:31:29.902093,3
环028,人001,文件分享,2025-11-11 18:58:29.902093,2
环028,人001,文件分享,2025-11-11 18:58:29.902093,2
人059,文037,@提及,2025-10-28 13:57:29.902093,2
人095,人029,群聊发言,2025-11-07 18:54:29.902093,5
环075,环071,@提及,2025-11-06 00:16:29.902093,5
环064,文060,私聊,2025-11-07 10:03:29.902093,5
文090,环013,群聊发言,2025-10-27 13:03:29.902093,4
文090,环013,群聊发言,2025-10-27 13:03:29.902093,4
环059,人099,私聊,2025-10-26 14:52:29.902093,4
环081,人057,群聊发言,2025-11-03 09:04:29.902093,3
环081,人057,群聊发言,2025-11-03 09:04:29.902093,3
人059,文031,私聊,2025-11-16 16:27:29.902093,2
人074,文043,@提及,2025-10-25 20:36:29.902093,5
环062,人051,私聊,2025-10-26 12:09:29.902093,3
环062,人051,私聊,2025-10-26 12:09:29.902093,3
文023,文093,群聊发言,2025-11-12 21:50:29.902093,1
文023,文093,群聊发言,2025-11-12 21:50:29.902093,1
文047,环036,@提及,2025-11-03 21:21:29.902093,2
人002,环089,私聊,2025-11-14 15:35:29.902093,4
环050,人050,群聊发言,2025-10-24 16:38:29.902093,5
人011,文016,@提及,2025-11-08 19:44:29.902093,5
环013,文012,文件分享,2025-11-17 14:28:29.902093,3
环063,人074,私聊,2025-10-29 11:38:29.902093,4
文045,文008,群聊发言,2025-11-16 00:04:29.902093,2
人090,环091,群聊发言,2025-10-28 15:07:29.902093,4
环021,文005,私聊,2025-10-30 07:24:29.902093,3
环021,文005,私聊,2025-10-30 07:24:29.902093,3
文003,人098,群聊发言,2025-11-13 13:12:29.902093,1
人018,文068,文件分享,2025-11-13 15:17:29.902093,4
人018,文068,文件分享,2025-11-13 15:17:29.902093,4
环096,人059,@提及,2025-11-11 07:01:29.902093,5
环036,人078,群聊发言,2025-11-04 15:30:29.902093,5
环005,文056,群聊发言,2025-10-25 07:17:29.902093,1
环082,环084,群聊发言,2025-11-06 06:37:29.902093,5
人033,环024,群聊发言,2025-11-09 09:32:29.902093,5
文011,环062,私聊,2025-10-26 14:12:29.902093,2
人059,文001,群聊发言,2025-11-13 06:07:29.902093,5
文099,文077,群聊发言,2025-10-25 15:17:29.902093,5
文087,人045,文件分享,2025-11-07 06:37:29.902093,3
人044,环049,@提及,2025-11-09 19:36:29.902093,4
人030,人016,群聊发言,2025-11-08 22:14:29.902093,5
人041,人002,群聊发言,2025-11-05 04:13:29.902093,5
人037,人049,群聊发言,2025-10-28 10:50:29.902093,4
人087,人088,@提及,2025-11-02 03:32:29.902093,5
文004,环006,文件分享,2025-11-13 07:56:29.902093,2
环095,环047,群聊发言,2025-10-31 06:14:29.902093,3
环063,文069,@提及,2025-11-17 19:21:29.902093,3
环063,文069,@提及,2025-11-17 19:21:29.902093,3
环046,人077,私聊,2025-10-20 20:04:29.902093,1
环076,文040,群聊发言,2025-10-28 17:18:29.902093,3
环027,环054,群聊发言,2025-11-11 20:49:29.902093,4
环027,环054,群聊发言,2025-11-11 20:49:29.902093,4
人077,文054,文件分享,2025-11-06 01:13:29.902093,1
人026,环098,群聊发言,2025-10-22 13:49:29.902093,2
人056,人076,文件分享,2025-11-17 15:32:29.902093,3
人046,文081,群聊发言,2025-10-30 22:09:29.902093,3
文071,文028,群聊发言,2025-11-08 21:34:29.902093,2
文001,文050,群聊发言,2025-10-20 18:49:29.902093,5
人091,环088,私聊,2025-11-06 03:21:29.902093,5
人068,人044,私聊,2025-10-20 15:06:29.902093,3
文082,人066,@提及,2025-11-09 16:39:29.902093,2
环020,文099,@提及,2025-10-26 01:29:29.902093,4
文090,环058,群聊发言,2025-10-29 02:43:29.902093,2
文098,环045,私聊,2025-10-21 10:34:29.902093,3
人099,环075,群聊发言,2025-10-23 02:10:29.902093,5
文082,文029,私聊,2025-11-13 12:55:29.902093,1
文082,文029,私聊,2025-11-13 12:55:29.902093,1
文052,文070,文件分享,2025-10-18 21:05:29.902093,1
环068,环072,私聊,2025-11-03 15:31:29.902093,4
人035,文018,私聊,2025-10-30 10:23:29.902093,4
文007,,私聊,2025-10-23 03:14:29.902093,3
人100,文029,@提及,2025-10-25 13:02:29.902093,5
环079,文067,@提及,2025-11-08 14:26:29.902093,2
环071,文023,私聊,2025-11-04 02:39:29.902093,5
环021,人032,群聊发言,2025-10-28 07:45:29.902093,5
文039,环013,群聊发言,2025-10-24 16:11:29.902093,5
人003,,@提及,2025-11-09 21:19:29.902093,5
文073,环067,私聊,2025-11-12 03:20:29.902093,2
环097,环010,@提及,2025-11-15 15:11:29.902093,1
文076,文012,群聊发言,2025-10-29 01:21:29.902093,2
文076,文012,群聊发言,2025-10-29 01:21:29.902093,2
人038,文033,@提及,2025-10-22 14:50:29.902093,3
人035,人091,私聊,2025-11-14 12:30:29.902093,1
文095,,群聊发言,2025-10-31 04:17:29.902093,4
环058,人077,文件分享,2025-11-09 08:31:29.902093,3
文052,人070,群聊发言,2025-11-12 21:20:29.902093,3
文020,文005,@提及,2025-10-21 13:18:29.902093,5
文090,文045,群聊发言,2025-10-25 08:48:29.902093,4
人057,人027,@提及,2025-10-31 15:34:29.902093,3
文044,文001,@提及,2025-11-05 12:53:29.902093,4
文077,文041,@提及,2025-10-27 07:19:29.902093,2
人058,人023,群聊发言,2025-10-27 07:05:29.902093,3
人058,人023,群聊发言,2025-10-27 07:05:29.902093,3
环001,文059,@提及,2025-10-23 23:58:29.902093,3
人008,人067,群聊发言,2025-11-09 05:48:29.902093,1
文082,人040,群聊发言,2025-10-20 12:09:29.902093,5
人069,人018,群聊发言,2025-11-15 01:32:29.902093,1
人069,人018,群聊发言,2025-11-15 01:32:29.902093,1
环100,人024,私聊,2025-11-16 14:46:29.902093,2
文064,人009,@提及,2025-11-08 14:26:29.902093,3
文064,人009,@提及,2025-11-08 14:26:29.902093,3
文021,文027,@提及,2025-10-20 23:13:29.902093,5
人071,文028,群聊发言,2025-11-12 08:48:29.902093,3
人042,环077,私聊,2025-10-24 03:36:29.902093,3
文052,人015,文件分享,2025-11-03 21:30:29.902093,3
环091,环015,群聊发言,2025-10-18 22:09:29.902093,5
环089,文044,私聊,2025-11-07 04:10:29.902093,5
文088,文022,群聊发言,2025-10-20 21:25:29.902093,3
文094,人079,@提及,2025-11-12 06:10:29.902093,5
文094,人079,@提及,2025-11-12 06:10:29.902093,5
环082,人039,群聊发言,2025-11-09 18:02:29.902093,5
环022,人094,私聊,2025-11-05 18:56:29.902093,2
文018,人001,群聊发言,2025-10-23 11:29:29.902093,5
文073,环006,@提及,2025-10-20 15:32:29.902093,3
环079,人093,群聊发言,2025-11-04 22:18:29.902093,4
环048,人064,@提及,2025-11-04 06:37:29.902093,4
人035,环053,私聊,2025-10-21 03:00:29.902093,4
人060,人018,群聊发言,2025-11-13 12:32:29.902093,4
人060,人018,群聊发言,2025-11-13 12:32:29.902093,4
人053,人041,群聊发言,2025-11-10 02:00:29.902093,1
环020,环036,@提及,2025-10-23 23:00:29.902093,5
环020,环036,@提及,2025-10-23 23:00:29.902093,5
文017,文082,群聊发言,2025-11-10 03:46:29.902093,2
文017,文082,群聊发言,2025-11-10 03:46:29.902093,2
环009,人083,@提及,2025-10-23 11:36:29.902093,2
环023,文048,@提及,2025-11-17 02:26:29.902093,1
环043,环032,@提及,2025-11-14 17:38:29.902093,2
环078,人044,私聊,2025-10-28 04:40:29.902093,2
环078,人044,私聊,2025-10-28 04:40:29.902093,2
环093,人005,@提及,2025-10-30 00:42:29.902093,3
环073,,文件分享,2025-10-21 23:42:29.902093,4
人056,环093,私聊,2025-10-27 23:06:29.902093,2
文047,文068,群聊发言,2025-11-16 05:34:29.902093,2
文100,人002,@提及,2025-11-01 01:10:29.902093,3
文015,环050,文件分享,2025-11-17 02:32:29.902093,4
人072,人041,群聊发言,2025-10-25 12:04:29.902093,4
环058,环024,私聊,2025-11-10 07:06:29.902093,2
文068,文029,@提及,2025-11-03 22:56:29.902093,4
文072,环077,文件分享,2025-11-09 20:20:29.902093,4
文072,环077,文件分享,2025-11-09 20:20:29.902093,4
人059,文006,群聊发言,2025-10-25 17:38:29.902093,2
环065,人051,群聊发言,2025-10-21 18:05:29.902093,1
环096,环085,群聊发言,2025-11-04 09:05:29.902093,1
文085,文047,文件分享,2025-10-19 10:29:29.902093,4
文032,文028,文件分享,2025-10-30 22:55:29.902093,2
环071,人062,@提及,2025-10-27 09:33:29.902093,2
人030,人026,群聊发言,2025-11-01 01:17:29.902093,4
人030,人026,群聊发言,2025-11-01 01:17:29.902093,4
文071,环088,@提及,2025-11-05 08:45:29.902093,5
环009,环068,@提及,2025-10-26 23:06:29.902093,2
人031,人012,群聊发言,2025-11-15 03:25:29.902093,2
文088,文045,@提及,2025-11-15 13:29:29.902093,1
环052,人086,@提及,2025-10-26 17:12:29.902093,4
人039,环037,群聊发言,2025-11-02 13:57:29.902093,5
文001,环014,群聊发言,2025-10-23 17:26:29.902093,2
文001,环014,群聊发言,2025-10-23 17:26:29.902093,2
文019,人036,@提及,2025-10-25 04:37:29.902093,4
人048,人067,群聊发言,2025-10-26 04:08:29.902093,5
人045,环049,@提及,2025-10-27 06:15:29.902093,3
环001,环026,群聊发言,2025-10-22 05:20:29.902093,1
环026,人091,@提及,2025-10-28 12:25:29.902093,5
环026,人091,@提及,2025-10-28 12:25:29.902093,5
文098,人032,群聊发言,2025-11-12 12:56:29.902093,1
人020,人016,@提及,2025-11-11 09:34:29.902093,3
文079,人003,私聊,2025-11-07 04:56:29.902093,1
环097,环073,群聊发言,2025-10-23 22:16:29.902093,3
环097,环073,群聊发言,2025-10-23 22:16:29.902093,3
文062,文099,@提及,2025-10-25 04:05:29.902093,2
人037,文079,@提及,2025-10-19 11:11:29.902093,4
环065,文009,私聊,2025-10-18 21:57:29.902093,1
文069,环064,@提及,2025-11-06 15:23:29.902093,5
文069,环064,@提及,2025-11-06 15:23:29.902093,5
文037,文039,群聊发言,2025-10-30 17:08:29.902093,3
文037,文039,群聊发言,2025-10-30 17:08:29.902093,3
人038,人072,私聊,2025-10-30 03:30:29.902093,4
环096,人071,私聊,2025-11-09 07:44:29.902093,5
环047,文088,私聊,2025-10-26 17:00:29.902093,3
文048,文028,私聊,2025-11-06 17:26:29.902093,4
环015,人085,群聊发言,2025-11-07 13:05:29.902093,4
环001,人014,群聊发言,2025-11-09 01:14:29.902093,1
文095,环013,群聊发言,2025-11-01 01:34:29.902093,5
人080,文092,群聊发言,2025-11-04 13:50:29.902093,5
文006,环059,私聊,2025-10-19 19:18:29.902093,4
文006,环059,私聊,2025-10-19 19:18:29.902093,4
环083,人006,@提及,2025-11-01 08:37:29.902093,1
人071,文091,@提及,2025-10-26 01:41:29.902093,4
文098,环001,@提及,2025-11-14 09:58:29.902093,5
环032,文014,群聊发言,2025-10-27 04:07:29.902093,3
文065,环088,群聊发言,2025-11-09 17:22:29.902093,3
人057,环090,私聊,2025-10-19 21:39:29.902093,3
人057,环090,私聊,2025-10-19 21:39:29.902093,3
人024,文087,群聊发言,2025-10-21 16:06:29.902093,1
人024,文087,群聊发言,2025-10-21 16:06:29.902093,1
文085,人024,群聊发言,2025-10-25 11:10:29.902093,4
文038,人024,@提及,2025-10-27 05:17:29.902093,2
文020,,文件分享,2025-11-14 11:05:29.902093,5
环026,人054,群聊发言,2025-11-09 04:40:29.902093,4
环035,环033,群聊发言,2025-11-08 16:42:29.902093,4
环038,环080,私聊,2025-11-11 07:18:29.902093,3
环068,文057,文件分享,2025-11-03 04:38:29.902093,1
环029,人051,@提及,2025-10-22 21:15:29.902093,4
人042,人090,私聊,2025-11-04 06:51:29.902093,4
人042,人090,私聊,2025-11-04 06:51:29.902093,4
文020,环084,文件分享,2025-10-21 07:36:29.902093,3
环055,环056,群聊发言,2025-11-16 15:53:29.902093,5
环055,环056,群聊发言,2025-11-16 15:53:29.902093,5
文029,环053,私聊,2025-10-25 11:12:29.902093,5
文079,人078,@提及,2025-10-19 00:12:29.902093,2
文065,人047,私聊,2025-11-16 08:31:29.902093,2
环040,文015,文件分享,2025-10-23 07:18:29.902093,5
人005,环046,群聊发言,2025-11-06 15:00:29.902093,2
环052,人015,私聊,2025-10-18 20:17:29.902093,2
人024,环100,群聊发言,2025-11-08 13:54:29.902093,3
人054,环003,@提及,2025-11-02 00:42:29.902093,3
文077,环009,群聊发言,2025-10-26 20:27:29.902093,3
人082,文050,群聊发言,2025-10-20 11:45:29.902093,3
环029,文014,群聊发言,2025-10-30 21:42:29.902093,2
环081,文036,群聊发言,2025-10-27 09:30:29.902093,1
文039,人038,@提及,2025-11-15 13:24:29.902093,3
文028,文071,群聊发言,2025-10-25 12:37:29.902093,2
人017,人085,群聊发言,2025-11-10 15:52:29.902093,4
人054,环071,@提及,2025-10-22 21:27:29.902093,2
人001,环094,@提及,2025-10-24 09:26:29.902093,4
文096,人033,文件分享,2025-11-01 02:57:29.902093,1
文001,人062,群聊发言,2025-11-16 20:20:29.902093,2
人067,环078,@提及,2025-10-31 19:58:29.902093,5
环052,文009,私聊,2025-10-29 09:31:29.902093,3
人053,文035,@提及,2025-11-14 17:17:29.902093,4
环022,文054,文件分享,2025-11-03 11:32:29.902093,1
文098,人080,私聊,2025-11-02 02:27:29.902093,2
人037,环038,群聊发言,2025-10-22 12:18:29.902093,5
环063,环083,@提及,2025-11-07 10:44:29.902093,4
环010,环059,群聊发言,2025-11-16 01:51:29.902093,1
人058,文028,文件分享,2025-11-07 15:31:29.902093,3
人058,文028,文件分享,2025-11-07 15:31:29.902093,3
人086,环017,群聊发言,2025-11-04 08:53:29.902093,2
人066,人093,群聊发言,2025-10-30 06:32:29.902093,4
人093,环023,私聊,2025-10-20 15:44:29.902093,3
文001,人080,群聊发言,2025-11-16 18:39:29.902093,2
文035,环029,文件分享,2025-11-13 12:39:29.902093,1
人063,人065,@提及,2025-10-29 22:56:29.902093,4
人046,,@提及,2025-10-22 20:54:29.902093,3
人085,文070,群聊发言,2025-11-05 04:18:29.902093,3
文065,,群聊发言,2025-10-23 21:58:29.902093,4
文052,环002,@提及,2025-10-20 02:15:29.902093,5
人021,文083,群聊发言,2025-11-13 15:41:29.902093,5
文063,文004,@提及,2025-11-06 14:04:29.902093,4
文099,人097,@提及,2025-11-12 08:37:29.902093,4
文099,人097,@提及,2025-11-12 08:37:29.902093,4
文051,环057,群聊发言,2025-10-27 21:54:29.902093,4
人057,文051,@提及,2025-10-24 23:20:29.902093,4
人084,人069,@提及,2025-10-30 23:25:29.902093,1
人084,人069,@提及,2025-10-30 23:25:29.902093,1
文019,人025,群聊发言,2025-10-21 14:41:29.902093,4
环081,环066,私聊,2025-11-13 18:50:29.902093,1
人009,文007,群聊发言,2025-11-08 21:43:29.902093,2
文044,人074,群聊发言,2025-11-09 21:47:29.902093,2
人056,环085,群聊发言,2025-10-31 23:34:29.902093,2
人067,环049,@提及,2025-10-29 12:38:29.902093,1
文007,文021,@提及,2025-10-25 13:37:29.902093,5
人025,环052,私聊,2025-11-04 00:31:29.902093,5
环012,人079,群聊发言,2025-11-03 15:03:29.902093,5
文072,文071,群聊发言,2025-10-25 01:20:29.902093,2
文007,环009,@提及,2025-11-10 18:13:29.902093,4
文051,环035,群聊发言,2025-10-25 16:56:29.902093,5
环019,人017,私聊,2025-11-13 10:53:29.902093,3
人050,人096,@提及,2025-11-11 00:38:29.902093,4
文013,环085,群聊发言,2025-10-21 03:31:29.902093,4
环024,环053,群聊发言,2025-11-08 20:38:29.902093,4
环024,环053,群聊发言,2025-11-08 20:38:29.902093,4
人037,人003,@提及,2025-11-14 08:57:29.902093,2
人037,人003,@提及,2025-11-14 08:57:29.902093,2
文095,环054,文件分享,2025-11-02 19:27:29.902093,2
文051,环012,@提及,2025-10-21 18:16:29.902093,2
文012,环099,@提及,2025-10-24 10:19:29.902093,3
人024,环082,@提及,2025-11-10 21:52:29.902093,3
人014,文100,@提及,2025-10-19 13:44:29.902093,4
环072,环020,群聊发言,2025-11-02 02:19:29.902093,5
环072,环020,群聊发言,2025-11-02 02:19:29.902093,5
人004,人020,@提及,2025-10-24 20:20:29.902093,1
人014,人089,@提及,2025-11-15 17:55:29.902093,5
人014,,@提及,2025-11-15 17:55:29.902093,5
环018,环008,私聊,2025-10-20 14:09:29.902093,4
文010,人016,群聊发言,2025-11-02 00:43:29.902093,5
文053,环007,私聊,2025-11-06 20:38:29.902093,1
文016,环028,@提及,2025-11-09 05:44:29.902093,2
人013,人091,群聊发言,2025-11-09 22:51:29.902093,4
环060,文093,@提及,2025-10-29 16:30:29.902093,1
人067,环002,群聊发言,2025-10-28 10:57:29.902093,3
环081,文058,私聊,2025-11-14 04:57:29.902093,2
文032,文004,@提及,2025-11-01 03:21:29.902093,1
文072,人041,群聊发言,2025-11-08 14:09:29.902093,1
文072,人041,群聊发言,2025-11-08 14:09:29.902093,1
环076,人077,@提及,2025-11-12 03:50:29.902093,3
环063,环069,群聊发言,2025-10-25 00:18:29.902093,2
人007,文086,@提及,2025-11-09 05:20:29.902093,4
人002,人015,@提及,2025-11-03 20:54:29.902093,4
环046,文072,私聊,2025-11-06 05:25:29.902093,2
人081,环001,群聊发言,2025-11-10 21:47:29.902093,5
人081,环001,群聊发言,2025-11-10 21:47:29.902093,5
人054,人003,私聊,2025-10-20 20:57:29.902093,2
人054,人003,私聊,2025-10-20 20:57:29.902093,2
文047,文083,群聊发言,2025-10-28 11:06:29.902093,4
人050,文092,文件分享,2025-11-03 04:23:29.902093,2
人032,,@提及,2025-11-06 19:41:29.902093,1
文029,环025,群聊发言,2025-11-15 18:38:29.902093,5
环035,文080,群聊发言,2025-11-07 17:55:29.902093,4
文015,,文件分享,2025-10-30 23:30:29.902093,3
环010,人023,文件分享,2025-11-17 07:57:29.902093,1
文010,环041,文件分享,2025-11-05 03:59:29.902093,5
人066,环038,群聊发言,2025-10-21 19:38:29.902093,3
环060,人090,群聊发言,2025-10-31 08:49:29.902093,2
文002,人053,文件分享,2025-10-27 18:37:29.902093,4
环060,环058,群聊发言,2025-11-02 01:19:29.902093,2
环061,环050,@提及,2025-11-06 04:42:29.902093,2
人020,人077,@提及,2025-10-30 19:13:29.902093,3
环069,文085,文件分享,2025-10-27 03:31:29.902093,4
环069,文085,文件分享,2025-10-27 03:31:29.902093,4
环089,人028,@提及,2025-11-03 04:33:29.902093,1
人015,环036,群聊发言,2025-10-25 12:49:29.902093,3
环027,环070,群聊发言,2025-10-26 11:41:29.902093,3
文064,人022,@提及,2025-10-25 02:43:29.902093,4
环082,人076,文件分享,2025-11-04 00:14:29.902093,1
人002,人086,群聊发言,2025-11-05 14:45:29.902093,3
环043,文029,@提及,2025-10-26 01:57:29.902093,4
环061,环078,@提及,2025-11-07 20:40:29.902093,2
环030,环045,群聊发言,2025-11-17 06:06:29.902093,3
环036,文043,私聊,2025-10-24 16:37:29.902093,4
文051,文025,@提及,2025-10-30 14:53:29.902093,1
文052,环074,群聊发言,2025-10-20 08:17:29.902093,5
文066,环041,@提及,2025-11-12 11:27:29.902093,2
文024,人005,@提及,2025-10-22 12:32:29.902093,1
文024,人005,@提及,2025-10-22 12:32:29.902093,1
环087,人064,私聊,2025-10-27 00:00:29.902093,2
文099,文066,群聊发言,2025-11-09 21:19:29.902093,4
文099,文066,群聊发言,2025-11-09 21:19:29.902093,4
文046,,@提及,2025-10-27 10:36:29.902093,3
环092,环007,群聊发言,2025-11-07 01:25:29.902093,4
文006,人030,私聊,2025-10-27 12:29:29.902093,1
文023,环006,私聊,2025-11-14 21:44:29.902093,3
人005,文092,群聊发言,2025-10-20 18:39:29.902093,2
人053,文081,群聊发言,2025-11-03 08:51:29.902093,5
人022,环016,@提及,2025-10-25 22:23:29.902093,5
环072,文094,文件分享,2025-10-24 02:05:29.902093,5
文068,环022,@提及,2025-10-20 04:37:29.902093,4
环082,人087,群聊发言,2025-11-01 20:01:29.902093,5
人015,文024,@提及,2025-10-24 08:57:29.902093,4
文030,人078,@提及,2025-10-22 17:36:29.902093,1
文053,环042,@提及,2025-11-10 22:40:29.902093,5
人055,人035,@提及,2025-10-29 09:15:29.902093,3
人055,人035,@提及,2025-10-29 09:15:29.902093,3
人025,人073,@提及,2025-11-11 20:07:29.902093,5
环001,人070,群聊发言,2025-10-28 22:26:29.902093,1
环039,环078,群聊发言,2025-11-10 09:40:29.902093,2
人009,人003,群聊发言,2025-10-30 09:10:29.902093,3
环013,文031,@提及,2025-10-29 18:13:29.902093,1
文092,文015,@提及,2025-10-26 20:45:29.902093,4
文092,文015,@提及,2025-10-26 20:45:29.902093,4
文030,文001,群聊发言,2025-10-31 22:24:29.902093,3
人092,文073,私聊,2025-11-01 13:26:29.902093,2
人079,文069,@提及,2025-10-24 19:41:29.902093,2
人098,文062,@提及,2025-10-19 15:18:29.902093,4
文007,环098,群聊发言,2025-10-29 08:44:29.902093,3
文007,文038,群聊发言,2025-11-07 11:16:29.902093,5
文054,人089,私聊,2025-11-04 13:18:29.902093,1
文023,文065,群聊发言,2025-11-13 18:56:29.902093,3
文080,人082,群聊发言,2025-10-24 17:57:29.902093,5
环010,文047,@提及,2025-10-30 03:40:29.902093,1
文011,人009,群聊发言,2025-10-24 13:53:29.902093,5
文077,文095,@提及,2025-10-27 15:39:29.902093,3
人017,人040,群聊发言,2025-11-09 02:50:29.902093,1
文056,环045,群聊发言,2025-11-17 05:35:29.902093,1
文056,环045,群聊发言,2025-11-17 05:35:29.902093,1
文087,文064,@提及,2025-10-19 12:21:29.902093,1
文066,文094,私聊,2025-10-21 19:54:29.902093,3
文066,文094,私聊,2025-10-21 19:54:29.902093,3
文099,环042,私聊,2025-10-28 04:11:29.902093,4
环005,环057,私聊,2025-10-19 06:50:29.902093,2
环090,文050,@提及,2025-10-19 12:53:29.902093,5
环009,环026,@提及,2025-10-27 04:34:29.902093,5
环050,文018,私聊,2025-11-15 06:49:29.902093,2
环093,环076,@提及,2025-10-23 08:30:29.902093,2
环019,,群聊发言,2025-11-10 22:35:29.902093,4
文069,环027,@提及,2025-11-04 17:07:29.902093,3
环074,文034,@提及,2025-10-24 16:03:29.902093,3
人047,文008,@提及,2025-11-08 00:26:29.902093,4
人076,环020,私聊,2025-11-06 22:27:29.902093,1
人096,人029,@提及,2025-10-27 20:43:29.902093,4
环036,文046,群聊发言,2025-11-03 03:54:29.902093,5
人045,人068,私聊,2025-10-22 18:17:29.902093,3
人045,人068,私聊,2025-10-22 18:17:29.902093,3
文059,环070,文件分享,2025-10-26 12:20:29.902093,2
文057,文093,群聊发言,2025-10-30 22:54:29.902093,4
环072,文022,群聊发言,2025-10-25 06:24:29.902093,2
环086,环080,私聊,2025-10-19 06:45:29.902093,4
文027,文028,文件分享,2025-10-26 03:46:29.902093,4
环095,文044,私聊,2025-11-14 17:08:29.902093,4
人057,文084,@提及,2025-10-21 21:41:29.902093,5
文067,文079,私聊,2025-11-04 02:36:29.902093,3
文062,环038,群聊发言,2025-10-30 23:08:29.902093,5
环070,,私聊,2025-11-14 06:17:29.902093,4
环057,文082,群聊发言,2025-11-16 20:42:29.902093,2
文077,环081,@提及,2025-11-12 08:51:29.902093,1
文058,环026,私聊,2025-10-21 11:10:29.902093,2
文058,环026,私聊,2025-10-21 11:10:29.902093,2
文052,文092,@提及,2025-11-03 09:42:29.902093,1
人057,文003,@提及,2025-10-22 10:38:29.902093,1
文042,人017,@提及,2025-11-10 04:19:29.902093,5
文011,人020,私聊,2025-10-31 00:50:29.902093,3
文084,人047,@提及,2025-11-17 08:46:29.902093,1
文037,文040,@提及,2025-11-10 03:41:29.902093,5
环033,文096,文件分享,2025-11-04 16:18:29.902093,4
环040,环057,群聊发言,2025-10-20 00:57:29.902093,1
人033,人077,群聊发言,2025-11-14 14:50:29.902093,3
人074,环013,群聊发言,2025-10-26 04:36:29.902093,3
环042,环047,文件分享,2025-10-21 05:12:29.902093,3
人031,文082,私聊,2025-11-02 05:28:29.902093,4
环091,文015,群聊发言,2025-11-14 08:20:29.902093,3
人067,环032,@提及,2025-11-08 08:49:29.902093,3
文003,文034,@提及,2025-11-15 23:33:29.902093,3
环077,文064,@提及,2025-10-26 07:33:29.902093,3
人037,文058,群聊发言,2025-10-19 17:51:29.902093,4
人082,文007,群聊发言,2025-11-09 10:26:29.902093,5
文073,环008,群聊发言,2025-11-11 10:37:29.902093,4
文030,文083,群聊发言,2025-10-20 18:57:29.902093,5
文030,文083,群聊发言,2025-10-20 18:57:29.902093,5
人034,文094,@提及,2025-11-07 21:19:29.902093,2
人039,环083,文件分享,2025-11-16 03:10:29.902093,4
环083,文015,群聊发言,2025-10-31 01:43:29.902093,1
环040,文011,@提及,2025-10-28 03:44:29.902093,5
文085,人051,私聊,2025-11-05 18:09:29.902093,1
文082,环088,私聊,2025-11-12 01:05:29.902093,3
环097,环069,私聊,2025-11-02 05:28:29.902093,5
环079,人012,群聊发言,2025-11-04 11:29:29.902093,4
环099,文056,群聊发言,2025-11-10 19:31:29.902093,1
环055,文082,群聊发言,2025-10-30 02:28:29.902093,4
环055,文082,群聊发言,2025-10-30 02:28:29.902093,4
文092,环019,文件分享,2025-10-22 17:58:29.902093,5
文092,环019,文件分享,2025-10-22 17:58:29.902093,5
文055,人080,私聊,2025-11-14 21:51:29.902093,1
文017,文047,群聊发言,2025-11-01 10:17:29.902093,4
环024,人008,@提及,2025-10-30 06:11:29.902093,5
文065,环083,私聊,2025-11-08 02:37:29.902093,5
人043,环066,@提及,2025-10-23 07:12:29.902093,2
环069,人007,@提及,2025-11-07 17:14:29.902093,3
文071,文073,群聊发言,2025-11-12 08:35:29.902093,3
文071,环033,@提及,2025-10-24 05:18:29.902093,5
人047,环049,私聊,2025-10-24 15:43:29.902093,4
人056,环044,群聊发言,2025-11-01 13:40:29.902093,4
人045,人028,群聊发言,2025-11-10 10:52:29.902093,5
人096,环079,文件分享,2025-11-02 02:47:29.902093,2
文085,人048,群聊发言,2025-11-10 07:35:29.902093,1
环034,环092,群聊发言,2025-10-24 15:42:29.902093,2
文021,人016,文件分享,2025-11-07 19:53:29.902093,2
文086,环049,群聊发言,2025-11-15 06:55:29.902093,1
文092,,@提及,2025-11-15 05:14:29.902093,5
人017,文058,文件分享,2025-11-03 00:37:29.902093,5
人091,人065,群聊发言,2025-11-05 04:53:29.902093,3
人042,文099,群聊发言,2025-11-09 18:25:29.902093,2
人042,文099,群聊发言,2025-11-09 18:25:29.902093,2
文033,文092,私聊,2025-10-24 18:19:29.902093,4
文038,人037,@提及,2025-11-14 17:48:29.902093,5
文038,人037,@提及,2025-11-14 17:48:29.902093,5
文081,人092,@提及,2025-10-30 12:45:29.902093,4
环009,,私聊,2025-10-28 06:34:29.902093,1
文005,环085,群聊发言,2025-10-23 05:24:29.902093,1
环080,环100,私聊,2025-10-22 00:16:29.902093,5
文095,人062,@提及,2025-11-12 00:22:29.902093,4
人083,文013,群聊发言,2025-11-01 05:56:29.902093,1
人036,环068,私聊,2025-10-29 13:51:29.902093,3
文041,文090,@提及,2025-10-20 14:05:29.902093,5
人010,人028,群聊发言,2025-11-06 05:07:29.902093,1
环012,人100,文件分享,2025-10-25 03:22:29.902093,4
人053,文037,群聊发言,2025-10-22 11:23:29.902093,1
文020,人008,@提及,2025-10-28 13:55:29.902093,4
文099,文085,@提及,2025-10-26 03:28:29.902093,4
环015,人051,@提及,2025-11-09 06:48:29.902093,1
文002,人058,文件分享,2025-10-27 16:41:29.902093,5
文068,文039,@提及,2025-11-05 14:21:29.902093,3
人064,人058,群聊发言,2025-10-22 17:00:29.902093,4
环044,文004,私聊,2025-10-31 12:37:29.902093,5
文017,文069,群聊发言,2025-10-25 13:04:29.902093,4
环024,文011,群聊发言,2025-10-23 00:47:29.902093,2
人087,环099,群聊发言,2025-11-05 00:29:29.902093,1
人061,文078,私聊,2025-10-24 21:56:29.902093,5
人033,文050,私聊,2025-11-06 12:36:29.902093,2
文084,人097,群聊发言,2025-11-12 03:53:29.902093,4
人025,环038,群聊发言,2025-10-20 03:33:29.902093,1
文095,,群聊发言,2025-11-11 20:50:29.902093,4
环034,人091,私聊,2025-11-03 11:22:29.902093,1
文092,,@提及,2025-11-01 04:38:29.902093,3
文073,环054,群聊发言,2025-11-02 22:24:29.902093,4
文069,文076,群聊发言,2025-10-27 23:28:29.902093,4
文011,文037,@提及,2025-11-15 09:37:29.902093,1
文015,人001,@提及,2025-11-03 09:56:29.902093,5
人054,文062,私聊,2025-11-02 04:59:29.902093,5
文100,文031,@提及,2025-10-30 08:22:29.902093,3
文100,文031,@提及,2025-10-30 08:22:29.902093,3
人041,环012,私聊,2025-11-04 00:58:29.902093,4
环087,人065,文件分享,2025-10-20 15:40:29.902093,5
人085,环036,@提及,2025-10-29 07:03:29.902093,1
环072,文050,私聊,2025-10-29 22:37:29.902093,4
环072,文023,私聊,2025-11-07 14:02:29.902093,4
人027,环006,@提及,2025-11-04 09:21:29.902093,4
环084,环078,群聊发言,2025-11-03 14:04:29.902093,2
环085,环058,群聊发言,2025-11-06 23:04:29.902093,5
环077,文082,群聊发言,2025-10-27 15:43:29.902093,4
环003,文007,文件分享,2025-10-26 10:31:29.902093,3
环016,环045,@提及,2025-11-01 22:09:29.902093,3
人075,人048,@提及,2025-11-06 23:56:29.902093,2
人075,人048,@提及,2025-11-06 23:56:29.902093,2
环086,文057,@提及,2025-10-19 05:01:29.902093,1
环028,文080,@提及,2025-10-19 20:30:29.902093,5
文056,人094,群聊发言,2025-10-30 06:11:29.902093,3
环061,人009,@提及,2025-11-11 07:05:29.902093,1
文049,环083,私聊,2025-11-05 00:59:29.902093,2
文049,环083,私聊,2025-11-05 00:59:29.902093,2
文054,人074,群聊发言,2025-10-20 13:05:29.902093,5
人091,文044,@提及,2025-11-02 19:53:29.902093,5
人038,环058,@提及,2025-10-23 07:08:29.902093,2
文023,人032,群聊发言,2025-10-20 05:57:29.902093,5
人005,文063,文件分享,2025-11-01 10:34:29.902093,3
人052,,群聊发言,2025-11-14 09:38:29.902093,4
文041,环081,私聊,2025-11-03 20:32:29.902093,1
文005,文098,私聊,2025-11-04 12:18:29.902093,3
文066,人036,文件分享,2025-11-04 08:54:29.902093,5
人068,环064,@提及,2025-11-03 20:44:29.902093,5
环022,文098,群聊发言,2025-10-23 23:44:29.902093,5
环002,人073,@提及,2025-11-13 10:08:29.902093,5
环002,文060,@提及,2025-10-21 12:31:29.902093,4
环008,,@提及,2025-10-23 10:33:29.902093,1
环059,人030,文件分享,2025-11-09 00:17:29.902093,1
环059,人030,文件分享,2025-11-09 00:17:29.902093,1
环039,环072,文件分享,2025-10-23 03:00:29.902093,4
人057,文017,群聊发言,2025-10-25 23:57:29.902093,2
文092,环011,群聊发言,2025-11-15 19:47:29.902093,3
环065,环083,群聊发言,2025-11-13 06:59:29.902093,5
人003,环068,群聊发言,2025-11-15 17:50:29.902093,1
人003,环068,群聊发言,2025-11-15 17:50:29.902093,1
文044,人014,文件分享,2025-11-10 10:08:29.902093,2
人034,,群聊发言,2025-10-22 03:58:29.902093,5
环006,环098,群聊发言,2025-11-01 08:24:29.902093,3
人019,人098,@提及,2025-10-26 15:04:29.902093,2
文097,人017,文件分享,2025-11-14 00:51:29.902093,5
环032,人045,@提及,2025-10-19 01:06:29.902093,3
环032,人045,@提及,2025-10-19 01:06:29.902093,3
环077,人011,文件分享,2025-11-01 05:30:29.902093,3
人018,环062,群聊发言,2025-11-08 10:23:29.902093,2
环080,环079,群聊发言,2025-10-23 15:09:29.902093,5
环003,人078,@提及,2025-11-03 06:09:29.902093,1
人019,文077,私聊,2025-11-15 10:18:29.902093,3
环098,环054,私聊,2025-10-19 23:44:29.902093,3
文035,环048,私聊,2025-11-10 07:07:29.902093,5
文012,,文件分享,2025-11-07 05:12:29.902093,2
人040,环019,@提及,2025-10-23 13:36:29.902093,3
人097,文033,@提及,2025-11-16 21:54:29.902093,2
人059,文004,@提及,2025-10-30 02:36:29.902093,5
环070,环014,群聊发言,2025-11-17 19:41:29.902093,1
人016,环012,@提及,2025-10-30 05:11:29.902093,1
文047,环036,@提及,2025-10-29 07:14:29.902093,4
人091,环081,群聊发言,2025-10-22 05:55:29.902093,4
文040,文066,私聊,2025-11-09 07:19:29.902093,4
人023,,@提及,2025-11-06 14:45:29.902093,2
人022,文085,群聊发言,2025-10-22 10:43:29.902093,5
人074,文058,@提及,2025-11-15 10:42:29.902093,1
环022,,@提及,2025-11-12 05:08:29.902093,4
环053,文038,群聊发言,2025-11-01 19:06:29.902093,3
环015,文060,群聊发言,2025-10-21 04:54:29.902093,4
人052,人012,群聊发言,2025-10-30 13:48:29.902093,5
文052,文087,私聊,2025-10-31 19:05:29.902093,1
文003,环054,@提及,2025-10-25 09:13:29.902093,3
环062,人019,群聊发言,2025-10-30 16:18:29.902093,4
文092,环078,私聊,2025-10-25 11:18:29.902093,1
文037,人023,文件分享,2025-11-05 11:08:29.902093,4
人007,人010,私聊,2025-11-09 19:16:29.902093,1
人100,人071,文件分享,2025-11-11 01:25:29.902093,5
人002,文044,群聊发言,2025-11-12 06:16:29.902093,4
人002,文044,群聊发言,2025-11-12 06:16:29.902093,4
文028,文070,@提及,2025-11-09 11:27:29.902093,1
环057,人003,@提及,2025-10-27 00:48:29.902093,3
文009,环030,@提及,2025-11-13 00:09:29.902093,2
文025,环035,@提及,2025-10-23 23:35:29.902093,5
文030,人093,私聊,2025-11-07 02:41:29.902093,2
环056,人009,@提及,2025-10-29 22:46:29.902093,1
人052,环064,@提及,2025-10-31 08:59:29.902093,4
人011,文063,私聊,2025-11-01 17:21:29.902093,1
人001,文043,群聊发言,2025-10-23 00:10:29.902093,4
环086,环018,私聊,2025-10-25 06:57:29.902093,3
环005,环025,群聊发言,2025-10-22 03:18:29.902093,3
人063,人032,私聊,2025-10-23 21:28:29.902093,1
环078,环059,@提及,2025-11-04 12:31:29.902093,2
人071,环011,私聊,2025-10-19 07:49:29.902093,5
环042,人088,@提及,2025-11-10 17:44:29.902093,2
人055,环090,群聊发言,2025-11-06 02:51:29.902093,4
环007,人034,群聊发言,2025-11-17 01:24:29.902093,5
环061,环021,文件分享,2025-10-29 20:56:29.902093,1
人045,环056,@提及,2025-10-20 08:40:29.902093,5
文037,环089,群聊发言,2025-10-31 03:39:29.902093,3
环096,人067,@提及,2025-10-25 16:44:29.902093,3
环089,人022,文件分享,2025-10-20 12:31:29.902093,3
文032,环015,私聊,2025-11-02 18:25:29.902093,1
文002,文087,文件分享,2025-11-15 13:11:29.902093,3
人036,环002,群聊发言,2025-10-26 21:18:29.902093,4
文083,人087,群聊发言,2025-11-05 04:42:29.902093,1
人034,文094,群聊发言,2025-11-06 13:47:29.902093,3
文055,,文件分享,2025-10-27 07:34:29.902093,4
文022,环017,私聊,2025-11-05 08:24:29.902093,1
文022,环017,私聊,2025-11-05 08:24:29.902093,1
文036,环049,私聊,2025-10-26 04:18:29.902093,4
文017,环018,@提及,2025-10-25 22:13:29.902093,1
环032,人063,群聊发言,2025-11-06 13:05:29.902093,1
人080,环024,群聊发言,2025-10-29 22:14:29.902093,4
环050,文095,@提及,2025-10-21 09:04:29.902093,1
文069,文090,@提及,2025-11-01 22:43:29.902093,5
环072,文056,私聊,2025-10-25 10:08:29.902093,2
文037,环045,群聊发言,2025-11-12 04:57:29.902093,3
文021,人050,私聊,2025-11-10 22:52:29.902093,5
文072,,@提及,2025-11-10 16:54:29.902093,1
人007,环014,群聊发言,2025-11-05 10:31:29.902093,2
人085,环043,@提及,2025-11-16 02:23:29.902093,3
文016,人012,@提及,2025-11-14 18:39:29.902093,5
环066,文013,@提及,2025-10-21 18:03:29.902093,4
文038,,群聊发言,2025-11-15 02:22:29.902093,4
人054,环038,@提及,2025-11-16 15:20:29.902093,2
文085,人058,@提及,2025-11-16 08:36:29.902093,4
文019,人062,@提及,2025-10-29 22:46:29.902093,2
环079,人049,群聊发言,2025-11-01 03:16:29.902093,5
文035,环093,群聊发言,2025-11-16 04:20:29.902093,5
文035,环093,群聊发言,2025-11-16 04:20:29.902093,5
人051,人017,群聊发言,2025-10-25 09:11:29.902093,2
环057,文099,私聊,2025-10-25 00:43:29.902093,1
环040,环063,@提及,2025-10-27 05:21:29.902093,5
人050,文016,@提及,2025-10-28 05:54:29.902093,3
人029,人079,群聊发言,2025-10-27 03:58:29.902093,1
人029,人079,群聊发言,2025-10-27 03:58:29.902093,1
文050,人073,文件分享,2025-10-24 11:01:29.902093,3
文069,文037,@提及,2025-10-19 04:09:29.902093,3
人003,文018,群聊发言,2025-11-16 06:48:29.902093,5
文097,环056,私聊,2025-10-20 20:14:29.902093,5
环060,文046,@提及,2025-11-09 12:18:29.902093,3
人055,环096,群聊发言,2025-11-04 11:53:29.902093,2
文091,文059,群聊发言,2025-11-16 13:00:29.902093,1
文014,文066,群聊发言,2025-11-11 21:08:29.902093,3
人013,人074,群聊发言,2025-11-01 14:39:29.902093,2
文029,环039,私聊,2025-11-11 15:01:29.902093,1
文029,环039,私聊,2025-11-11 15:01:29.902093,1
环007,人045,@提及,2025-11-05 01:39:29.902093,3
人021,文073,私聊,2025-10-30 19:23:29.902093,3
人021,文073,私聊,2025-10-30 19:23:29.902093,3
文027,环008,群聊发言,2025-10-30 04:39:29.902093,1
人074,,群聊发言,2025-10-28 17:03:29.902093,3
环046,人011,@提及,2025-11-13 01:51:29.902093,3
文007,环024,群聊发言,2025-10-19 00:53:29.902093,3
文091,环070,私聊,2025-11-05 08:34:29.902093,5
人007,环003,群聊发言,2025-11-07 18:23:29.902093,2
人007,环003,群聊发言,2025-11-07 18:23:29.902093,2
文096,环092,群聊发言,2025-10-31 13:52:29.902093,3
文096,环092,群聊发言,2025-10-31 13:52:29.902093,3
人027,环032,群聊发言,2025-10-19 10:24:29.902093,1
环059,人100,@提及,2025-11-06 14:33:29.902093,5
环059,人100,@提及,2025-11-06 14:33:29.902093,5
环083,环049,群聊发言,2025-11-06 23:12:29.902093,5
环076,人076,@提及,2025-11-13 01:36:29.902093,1
文039,环023,@提及,2025-11-13 04:50:29.902093,4
文100,文098,@提及,2025-11-05 02:31:29.902093,2
环049,环001,@提及,2025-10-25 03:25:29.902093,3
环093,环026,@提及,2025-10-24 22:02:29.902093,1
文053,环025,群聊发言,2025-10-27 18:50:29.902093,4
文060,文087,@提及,2025-10-22 21:24:29.902093,4
环083,文064,私聊,2025-10-20 18:50:29.902093,2
环054,环045,群聊发言,2025-10-29 04:32:29.902093,1
人095,环050,@提及,2025-10-29 01:19:29.902093,4
人095,环050,@提及,2025-10-29 01:19:29.902093,4
环039,人026,群聊发言,2025-10-27 08:21:29.902093,1
人045,文069,私聊,2025-10-29 05:59:29.902093,1
人076,人074,群聊发言,2025-11-10 07:01:29.902093,3
文016,人065,群聊发言,2025-10-27 20:45:29.902093,3
文016,人065,群聊发言,2025-10-27 20:45:29.902093,3
文064,人061,@提及,2025-10-19 17:23:29.902093,3
人029,环057,文件分享,2025-10-26 06:27:29.902093,1
人063,文070,@提及,2025-10-29 02:47:29.902093,2
文085,,群聊发言,2025-11-07 09:55:29.902093,5
人071,文053,@提及,2025-10-25 12:12:29.902093,1
人071,文053,@提及,2025-10-25 12:12:29.902093,1
人013,人095,群聊发言,2025-10-31 05:22:29.902093,4
文093,人058,@提及,2025-11-01 13:54:29.902093,3
人061,环078,文件分享,2025-10-27 23:28:29.902093,3
文061,环032,群聊发言,2025-11-13 08:47:29.902093,3
文068,环076,群聊发言,2025-11-07 10:03:29.902093,2
人092,环040,@提及,2025-10-19 07:05:29.902093,5
文083,文090,群聊发言,2025-11-08 12:46:29.902093,2
人082,文045,@提及,2025-10-22 18:30:29.902093,5
环017,人037,@提及,2025-11-09 19:46:29.902093,1
文052,文010,文件分享,2025-10-27 12:43:29.902093,5
人089,人014,@提及,2025-11-11 19:55:29.902093,4
环003,文020,群聊发言,2025-11-06 00:28:29.902093,2
文023,文009,群聊发言,2025-10-22 18:32:29.902093,2
环038,文087,私聊,2025-10-22 21:23:29.902093,4
人012,人100,私聊,2025-11-14 15:46:29.902093,3
人012,人100,私聊,2025-11-14 15:46:29.902093,3
文078,环100,私聊,2025-10-26 12:22:29.902093,3
环100,文081,私聊,2025-10-20 15:38:29.902093,2
人017,环044,私聊,2025-11-03 20:13:29.902093,1
文086,文064,@提及,2025-11-03 09:41:29.902093,2
文059,人097,私聊,2025-10-22 04:43:29.902093,5
人057,人054,群聊发言,2025-10-29 13:22:29.902093,5
环048,文060,@提及,2025-11-08 08:07:29.902093,5
环048,文060,@提及,2025-11-08 08:07:29.902093,5
文040,环074,文件分享,2025-10-31 18:35:29.902093,2
环030,环059,私聊,2025-11-15 01:33:29.902093,4
环057,环075,群聊发言,2025-10-27 06:44:29.902093,3
环057,环075,群聊发言,2025-10-27 06:44:29.902093,3
环001,环045,@提及,2025-11-03 09:34:29.902093,4
文083,人095,@提及,2025-10-25 12:25:29.902093,2
文078,文026,群聊发言,2025-11-10 01:40:29.902093,4
人041,文023,私聊,2025-11-16 10:57:29.902093,4
环024,人063,群聊发言,2025-11-08 19:44:29.902093,3
人011,环059,@提及,2025-11-01 15:33:29.902093,5
人090,环001,群聊发言,2025-10-23 07:06:29.902093,5
环093,环046,群聊发言,2025-10-20 07:42:29.902093,4
文060,文090,@提及,2025-11-12 18:58:29.902093,2
环063,文047,@提及,2025-10-25 06:01:29.902093,1
人070,环018,@提及,2025-10-22 09:02:29.902093,5
环074,环001,群聊发言,2025-11-17 13:59:29.902093,4
环082,人079,私聊,2025-11-16 21:24:29.902093,4
文025,文090,群聊发言,2025-11-07 02:31:29.902093,2
环041,人046,私聊,2025-10-21 18:03:29.902093,4
环068,环054,群聊发言,2025-10-27 14:43:29.902093,4
环019,文068,@提及,2025-11-14 13:23:29.902093,5
人053,文058,@提及,2025-11-07 10:13:29.902093,4
人053,文058,@提及,2025-11-07 10:13:29.902093,4
人037,环085,群聊发言,2025-10-29 08:43:29.902093,4
人005,人046,文件分享,2025-10-27 11:44:29.902093,5
人044,人024,@提及,2025-11-05 06:19:29.902093,4
人040,人050,@提及,2025-11-05 01:52:29.902093,1
环076,环062,私聊,2025-11-10 04:55:29.902093,4
环074,环006,群聊发言,2025-10-22 17:13:29.902093,2
环074,环006,群聊发言,2025-10-22 17:13:29.902093,2
文005,文055,@提及,2025-11-08 20:56:29.902093,4
环060,环056,私聊,2025-10-29 17:52:29.902093,2
文057,文066,@提及,2025-11-16 16:24:29.902093,4
文094,环033,私聊,2025-10-31 05:03:29.902093,1
人048,环040,@提及,2025-10-21 05:32:29.902093,2
环097,环025,@提及,2025-10-19 14:25:29.902093,2
文021,环051,群聊发言,2025-11-05 04:33:29.902093,3
环052,环064,私聊,2025-10-23 11:18:29.902093,2
文087,环099,@提及,2025-10-20 10:27:29.902093,5
人097,环091,@提及,2025-10-29 17:15:29.902093,3
环028,人014,私聊,2025-11-02 07:11:29.902093,1
人053,环013,@提及,2025-11-09 03:36:29.902093,3
文039,文071,@提及,2025-10-26 00:41:29.902093,5
人006,文055,群聊发言,2025-11-06 13:09:29.902093,3
环070,文067,私聊,2025-10-31 10:48:29.902093,5
环029,人057,@提及,2025-11-03 04:19:29.902093,3
环019,文002,群聊发言,2025-11-04 04:23:29.902093,2
文030,环038,群聊发言,2025-11-06 19:22:29.902093,5
文030,,群聊发言,2025-11-06 19:22:29.902093,5
人056,文038,群聊发言,2025-10-30 00:34:29.902093,3
人056,文038,群聊发言,2025-10-30 00:34:29.902093,3
人031,文087,文件分享,2025-11-07 09:29:29.902093,2
人031,文087,文件分享,2025-11-07 09:29:29.902093,2
人028,人055,私聊,2025-10-28 13:37:29.902093,3
人035,环045,文件分享,2025-10-24 16:03:29.902093,4
人008,文096,@提及,2025-10-28 07:29:29.902093,3
环042,环043,群聊发言,2025-10-29 15:11:29.902093,3
文012,文020,@提及,2025-11-16 18:07:29.902093,3
环028,环088,群聊发言,2025-11-12 03:42:29.902093,4
文094,文087,私聊,2025-10-24 09:05:29.902093,3
人065,环021,私聊,2025-10-27 01:55:29.902093,5
文004,人049,群聊发言,2025-10-30 21:43:29.902093,4
文033,人048,群聊发言,2025-11-08 07:52:29.902093,3
文030,文024,私聊,2025-10-22 12:41:29.902093,5
人011,文011,群聊发言,2025-11-03 19:57:29.902093,3
文040,环010,群聊发言,2025-10-28 22:16:29.902093,4
文040,环010,群聊发言,2025-10-28 22:16:29.902093,4
人055,文027,私聊,2025-10-23 15:06:29.902093,5
人028,文074,群聊发言,2025-10-31 23:05:29.902093,5
环052,环004,私聊,2025-10-20 15:00:29.902093,4
环099,人012,@提及,2025-10-27 21:11:29.902093,3
文043,,@提及,2025-11-10 04:02:29.902093,2
文013,环098,文件分享,2025-11-14 06:54:29.902093,5
文023,文093,群聊发言,2025-11-10 08:53:29.902093,1
环014,人023,@提及,2025-10-21 10:32:29.902093,3
环014,人023,@提及,2025-10-21 10:32:29.902093,3
环041,文066,@提及,2025-11-14 19:57:29.902093,5
文007,,群聊发言,2025-11-16 22:19:29.902093,5
文003,人022,私聊,2025-10-24 19:29:29.902093,1
文058,环078,@提及,2025-11-06 05:35:29.902093,3
环090,文023,@提及,2025-10-22 11:58:29.902093,4
环043,环030,文件分享,2025-10-23 17:21:29.902093,3
人095,人037,私聊,2025-11-01 03:22:29.902093,3
人078,人080,@提及,2025-10-20 15:24:29.902093,5
文066,人085,私聊,2025-10-27 20:04:29.902093,1
人098,文067,@提及,2025-10-26 02:39:29.902093,5
文010,文099,文件分享,2025-10-28 10:35:29.902093,2
人079,环045,私聊,2025-10-20 10:41:29.902093,5
环052,文035,群聊发言,2025-10-20 10:04:29.902093,3
环096,环091,群聊发言,2025-10-24 20:01:29.902093,4
人010,环014,@提及,2025-11-07 13:33:29.902093,4
文091,人095,@提及,2025-11-13 02:36:29.902093,1
环032,环071,私聊,2025-11-03 03:20:29.902093,2
环015,环007,群聊发言,2025-10-18 22:32:29.902093,5
人002,文055,@提及,2025-10-30 16:03:29.902093,1
人002,文055,@提及,2025-10-30 16:03:29.902093,1
环090,环089,@提及,2025-11-14 18:44:29.902093,3
环045,文046,群聊发言,2025-11-07 18:06:29.902093,4
环045,文046,群聊发言,2025-11-07 18:06:29.902093,4
人086,人097,群聊发言,2025-10-21 04:56:29.902093,5
人086,人097,群聊发言,2025-10-21 04:56:29.902093,5
文061,文012,群聊发言,2025-11-06 18:55:29.902093,5
文023,人094,群聊发言,2025-11-15 10:48:29.902093,5
文063,环003,私聊,2025-10-27 16:45:29.902093,2
文011,人033,群聊发言,2025-10-25 02:05:29.902093,5
人072,环091,群聊发言,2025-11-03 01:16:29.902093,2
环066,环099,群聊发言,2025-11-04 07:10:29.902093,4
环069,文062,私聊,2025-11-08 04:23:29.902093,3
人075,文079,私聊,2025-10-22 08:50:29.902093,1
人009,人069,私聊,2025-10-19 22:12:29.902093,1
环031,环086,@提及,2025-10-28 07:42:29.902093,2
文085,人016,文件分享,2025-11-05 08:57:29.902093,3
环100,文038,@提及,2025-11-15 18:15:29.902093,4
人098,人070,群聊发言,2025-11-07 02:10:29.902093,2
环097,环015,私聊,2025-11-06 21:35:29.902093,4
文045,环017,群聊发言,2025-10-24 09:47:29.902093,2
环021,人061,群聊发言,2025-11-05 00:37:29.902093,5
人069,环069,私聊,2025-11-05 23:45:29.902093,4
环063,环070,私聊,2025-11-06 00:54:29.902093,4
环035,文050,群聊发言,2025-10-25 21:25:29.902093,4
环035,文050,群聊发言,2025-10-25 21:25:29.902093,4
人097,环077,群聊发言,2025-10-25 10:05:29.902093,1
文074,环077,群聊发言,2025-10-29 22:04:29.902093,4
环045,环015,@提及,2025-11-14 13:56:29.902093,5
环046,环056,文件分享,2025-10-21 02:47:29.902093,1
环036,环019,群聊发言,2025-10-21 06:41:29.902093,3
环036,,群聊发言,2025-10-21 06:41:29.902093,3
人081,人073,私聊,2025-10-21 21:02:29.902093,1
环053,环071,@提及,2025-11-07 16:38:29.902093,3
环053,环071,@提及,2025-11-07 16:38:29.902093,3
环021,人001,群聊发言,2025-11-07 04:09:29.902093,4
文067,环046,@提及,2025-11-10 15:56:29.902093,5
文071,人011,群聊发言,2025-11-08 19:31:29.902093,1
人044,人005,@提及,2025-11-16 00:59:29.902093,4
文027,环081,群聊发言,2025-11-10 08:51:29.902093,2
环094,文084,@提及,2025-10-30 06:20:29.902093,4
环093,,群聊发言,2025-11-07 21:59:29.902093,4
人059,环097,群聊发言,2025-10-23 13:17:29.902093,4
人083,环061,群聊发言,2025-11-16 08:58:29.902093,2
文090,人024,文件分享,2025-11-14 21:43:29.902093,4
人079,人035,@提及,2025-10-24 11:55:29.902093,3
人089,人082,私聊,2025-10-25 04:29:29.902093,5
文069,环033,@提及,2025-10-27 01:28:29.902093,2
环030,文097,群聊发言,2025-11-07 01:11:29.902093,4
人029,环071,群聊发言,2025-10-29 23:04:29.902093,2
人023,文044,私聊,2025-11-11 23:32:29.902093,5
人084,人083,群聊发言,2025-10-31 06:29:29.902093,1
环098,人011,私聊,2025-10-29 08:44:29.902093,4
环098,人011,私聊,2025-10-29 08:44:29.902093,4
环021,文044,@提及,2025-10-24 10:16:29.902093,4
环021,文044,@提及,2025-10-24 10:16:29.902093,4
文100,人017,私聊,2025-10-26 22:27:29.902093,3
人019,文057,文件分享,2025-11-13 08:49:29.902093,3
文096,人080,私聊,2025-10-28 10:10:29.902093,1
人097,文055,群聊发言,2025-11-16 22:06:29.902093,5
环097,文064,群聊发言,2025-11-12 23:52:29.902093,2
环073,文039,@提及,2025-11-05 06:16:29.902093,3
环073,文039,@提及,2025-11-05 06:16:29.902093,3
环100,环014,群聊发言,2025-11-09 18:12:29.902093,2
文070,文052,私聊,2025-10-26 11:52:29.902093,4
文003,文063,私聊,2025-11-01 05:43:29.902093,2
文057,环051,文件分享,2025-11-05 01:11:29.902093,2
文053,环057,私聊,2025-10-31 13:50:29.902093,4
人080,人037,群聊发言,2025-10-30 13:36:29.902093,1
人044,人077,@提及,2025-11-11 15:48:29.902093,1
人080,人060,私聊,2025-11-11 12:20:29.902093,4
人073,文028,私聊,2025-11-12 12:27:29.902093,2
人077,文099,群聊发言,2025-11-17 07:48:29.902093,4
人098,环072,私聊,2025-10-24 07:35:29.902093,5
环010,环059,群聊发言,2025-10-26 21:14:29.902093,5
环059,环047,群聊发言,2025-11-08 10:13:29.902093,1
环049,人033,群聊发言,2025-10-29 23:46:29.902093,3
环018,文064,群聊发言,2025-11-15 12:47:29.902093,4
环058,人056,文件分享,2025-11-02 01:03:29.902093,4
人065,人070,私聊,2025-11-16 03:22:29.902093,5
人081,环044,私聊,2025-10-20 07:49:29.902093,1
人089,文029,私聊,2025-10-27 09:32:29.902093,5
环050,人085,文件分享,2025-10-25 10:23:29.902093,4
人036,环065,@提及,2025-11-10 07:27:29.902093,1
环071,环036,群聊发言,2025-10-30 12:08:29.902093,5
文087,环077,私聊,2025-11-15 16:45:29.902093,2
文087,,私聊,2025-11-15 16:45:29.902093,2
环069,人023,@提及,2025-11-08 21:59:29.902093,3
文072,人008,私聊,2025-11-14 21:26:29.902093,2
文015,,@提及,2025-10-26 00:31:29.902093,4
文033,人080,群聊发言,2025-10-28 11:20:29.902093,3
文089,文076,@提及,2025-11-04 05:25:29.902093,1
人063,文058,群聊发言,2025-11-17 19:11:29.902093,4
环078,文013,群聊发言,2025-11-13 11:40:29.902093,3
文006,,私聊,2025-10-21 02:35:29.902093,1
环002,环087,@提及,2025-10-31 01:23:29.902093,4
文087,人032,群聊发言,2025-11-12 12:01:29.902093,5
人076,人089,群聊发言,2025-10-27 07:26:29.902093,1
环025,环058,@提及,2025-11-03 21:43:29.902093,5
文012,,群聊发言,2025-11-03 21:15:29.902093,2
人029,环078,私聊,2025-11-17 11:55:29.902093,4
文097,文039,@提及,2025-11-13 00:56:29.902093,2
人062,人011,群聊发言,2025-10-28 21:14:29.902093,5
人058,文069,@提及,2025-11-07 10:42:29.902093,3
人063,文066,私聊,2025-10-26 21:14:29.902093,2
人087,文038,@提及,2025-11-05 02:01:29.902093,3
环075,文042,群聊发言,2025-11-08 12:46:29.902093,3
文072,人010,文件分享,2025-11-01 20:43:29.902093,4
环087,文069,群聊发言,2025-10-29 12:43:29.902093,5
环031,人003,文件分享,2025-11-15 09:45:29.902093,4
环021,人012,群聊发言,2025-11-04 15:51:29.902093,5
人007,文052,@提及,2025-10-24 12:17:29.902093,5
环027,文008,私聊,2025-11-07 18:03:29.902093,5
人039,人006,群聊发言,2025-11-02 11:04:29.902093,4
人098,环058,群聊发言,2025-11-01 10:32:29.902093,1
文036,人057,私聊,2025-11-10 13:45:29.902093,4
人029,,群聊发言,2025-11-14 19:51:29.902093,4
文026,人067,私聊,2025-11-04 01:46:29.902093,5
文001,环066,@提及,2025-10-18 22:55:29.902093,2
文051,文076,私聊,2025-10-24 01:49:29.902093,5
环091,人031,群聊发言,2025-10-21 10:40:29.902093,4
文090,文045,@提及,2025-10-19 04:05:29.902093,5
环023,环043,私聊,2025-11-16 07:58:29.902093,2
人023,人024,私聊,2025-10-21 02:05:29.902093,3
文008,,群聊发言,2025-11-06 21:10:29.902093,2
文086,文066,群聊发言,2025-10-26 07:53:29.902093,4
人095,人065,私聊,2025-11-15 07:01:29.902093,3
人095,人065,私聊,2025-11-15 07:01:29.902093,3
人041,环019,文件分享,2025-10-27 20:50:29.902093,1
文010,人016,@提及,2025-11-08 21:04:29.902093,1
环011,人080,群聊发言,2025-10-27 08:15:29.902093,1
环060,人099,@提及,2025-11-03 03:23:29.902093,1
文021,人004,私聊,2025-11-12 22:21:29.902093,1
环012,环073,群聊发言,2025-11-05 15:24:29.902093,1
环061,环013,群聊发言,2025-11-06 18:33:29.902093,1
环061,环013,群聊发言,2025-11-06 18:33:29.902093,1
环015,文075,私聊,2025-11-12 12:14:29.902093,4
人086,环005,群聊发言,2025-10-22 21:42:29.902093,1
文095,环100,私聊,2025-10-28 04:49:29.902093,2
文063,环099,私聊,2025-11-07 17:00:29.902093,5
环064,文084,群聊发言,2025-11-16 23:47:29.902093,3
人016,文089,群聊发言,2025-11-02 01:57:29.902093,1
文079,文082,群聊发言,2025-10-31 12:26:29.902093,1
文034,文002,@提及,2025-11-08 13:08:29.902093,4
文057,人036,私聊,2025-11-08 23:02:29.902093,4
环091,环064,群聊发言,2025-10-19 20:08:29.902093,3
文018,文076,私聊,2025-10-23 10:18:29.902093,2
文065,人073,群聊发言,2025-10-28 03:12:29.902093,1
人021,环041,群聊发言,2025-11-16 05:42:29.902093,4
人044,人023,@提及,2025-11-12 03:27:29.902093,4
文080,文025,群聊发言,2025-10-28 12:46:29.902093,1
环086,文075,@提及,2025-10-25 11:30:29.902093,3
环086,文075,@提及,2025-10-25 11:30:29.902093,3
文082,人037,群聊发言,2025-11-16 06:20:29.902093,4
文068,人079,@提及,2025-11-03 08:15:29.902093,1
人029,环052,文件分享,2025-10-25 03:33:29.902093,5
环024,文014,群聊发言,2025-10-27 04:39:29.902093,1
文087,环026,群聊发言,2025-10-31 08:52:29.902093,1
人089,人030,群聊发言,2025-11-05 18:41:29.902093,3
文070,环063,私聊,2025-11-03 08:55:29.902093,4
环047,人082,@提及,2025-11-06 19:15:29.902093,2
环048,文005,@提及,2025-10-28 13:33:29.902093,5
文099,文065,私聊,2025-10-26 15:43:29.902093,1
环031,人032,私聊,2025-11-10 22:58:29.902093,1
环013,人060,群聊发言,2025-10-20 00:19:29.902093,2
人099,人068,文件分享,2025-11-01 18:10:29.902093,3
人047,文053,群聊发言,2025-10-21 17:50:29.902093,4
文077,文027,私聊,2025-10-25 21:46:29.902093,4
人024,人034,群聊发言,2025-10-26 05:40:29.902093,1
环020,环040,@提及,2025-10-28 23:25:29.902093,4
文034,人042,群聊发言,2025-11-16 08:48:29.902093,3
环041,人060,群聊发言,2025-10-22 14:31:29.902093,3
环048,环060,群聊发言,2025-10-31 16:39:29.902093,1
人018,文039,@提及,2025-10-30 19:56:29.902093,1
环016,文046,群聊发言,2025-10-24 00:17:29.902093,3
人044,文013,@提及,2025-10-23 09:31:29.902093,3
人061,环059,文件分享,2025-11-11 19:58:29.902093,2
环065,人071,群聊发言,2025-10-19 12:52:29.902093,2
人059,文071,群聊发言,2025-11-12 19:11:29.902093,1
人059,文071,群聊发言,2025-11-12 19:11:29.902093,1
文090,人095,文件分享,2025-10-24 09:19:29.902093,4
文019,人047,@提及,2025-10-29 19:51:29.902093,5
文040,环100,群聊发言,2025-10-29 01:55:29.902093,4
人088,文009,私聊,2025-10-28 02:48:29.902093,3
文089,环031,私聊,2025-11-04 15:27:29.902093,2
环074,文073,私聊,2025-10-25 23:22:29.902093,3
环007,文028,群聊发言,2025-11-07 03:00:29.902093,3
人027,文012,私聊,2025-11-04 22:06:29.902093,3
人007,环061,群聊发言,2025-11-11 14:41:29.902093,3
文048,文001,@提及,2025-10-22 04:25:29.902093,5
人033,文049,文件分享,2025-10-19 05:27:29.902093,3
人047,文055,群聊发言,2025-10-24 00:21:29.902093,4
人083,人029,群聊发言,2025-11-07 11:10:29.902093,5
文022,环022,@提及,2025-10-31 00:18:29.902093,4
文023,人091,群聊发言,2025-10-23 23:21:29.902093,3
文059,,@提及,2025-10-26 10:55:29.902093,4
环028,文051,文件分享,2025-10-28 18:47:29.902093,5
环080,文016,@提及,2025-11-06 01:54:29.902093,2
环014,文076,@提及,2025-11-08 01:11:29.902093,3
环014,文076,@提及,2025-11-08 01:11:29.902093,3
环052,环094,群聊发言,2025-10-29 15:50:29.902093,1
环052,环094,群聊发言,2025-10-29 15:50:29.902093,1
环055,,群聊发言,2025-10-23 08:06:29.902093,1
文045,文018,私聊,2025-11-09 06:07:29.902093,1
环093,环047,@提及,2025-10-30 16:12:29.902093,1
人052,文053,@提及,2025-11-05 20:38:29.902093,2
人052,文053,@提及,2025-11-05 20:38:29.902093,2
人044,,私聊,2025-10-26 05:54:29.902093,2
文040,环096,@提及,2025-11-09 02:29:29.902093,1
环003,环067,@提及,2025-11-08 01:04:29.902093,2
环002,人012,@提及,2025-11-17 16:47:29.902093,1
文001,人010,群聊发言,2025-10-24 01:29:29.902093,3
环099,人057,私聊,2025-10-21 12:09:29.902093,2
人074,环044,群聊发言,2025-11-06 21:04:29.902093,4
人007,文066,@提及,2025-10-30 14:16:29.902093,2
人076,文007,@提及,2025-11-13 21:02:29.902093,2
文095,文076,文件分享,2025-11-16 04:08:29.902093,1
文084,文018,私聊,2025-11-01 13:53:29.902093,1
环057,,@提及,2025-10-26 23:44:29.902093,4
环057,环040,@提及,2025-11-02 19:28:29.902093,5
人008,环007,群聊发言,2025-10-30 07:50:29.902093,2
人008,环007,群聊发言,2025-10-30 07:50:29.902093,2
环009,环022,@提及,2025-11-06 07:22:29.902093,4
人011,人082,群聊发言,2025-10-19 21:03:29.902093,3
环046,环072,@提及,2025-10-19 17:01:29.902093,2
环046,环072,@提及,2025-10-19 17:01:29.902093,2
人057,人058,@提及,2025-11-02 00:10:29.902093,3
人061,文053,群聊发言,2025-11-06 16:04:29.902093,4
文047,环044,文件分享,2025-10-24 13:13:29.902093,5
人005,文068,群聊发言,2025-11-05 17:55:29.902093,4
环071,人021,文件分享,2025-11-03 10:41:29.902093,3
人060,文017,@提及,2025-10-22 00:18:29.902093,5
文012,文092,私聊,2025-10-20 07:33:29.902093,3
人066,文026,文件分享,2025-11-05 13:06:29.902093,1
人056,文035,群聊发言,2025-11-14 05:39:29.902093,5
环039,人049,群聊发言,2025-11-14 15:42:29.902093,3
文005,文047,@提及,2025-10-19 21:22:29.902093,1
环039,文091,@提及,2025-10-21 07:11:29.902093,5
环032,人066,群聊发言,2025-11-16 11:15:29.902093,3
文041,文059,@提及,2025-11-15 22:16:29.902093,1
人036,环002,@提及,2025-11-12 18:52:29.902093,2
人089,,群聊发言,2025-11-02 22:53:29.902093,4
环058,环009,群聊发言,2025-11-08 01:45:29.902093,1
人012,文086,私聊,2025-11-08 00:32:29.902093,1
文006,文093,私聊,2025-11-12 22:40:29.902093,2
文097,人012,@提及,2025-11-10 21:26:29.902093,3
文097,人012,@提及,2025-11-10 21:26:29.902093,3
人043,文066,文件分享,2025-10-31 11:55:29.902093,2
人050,人037,@提及,2025-10-24 13:49:29.902093,3
文077,人013,@提及,2025-11-13 17:04:29.902093,4
文077,人013,@提及,2025-11-13 17:04:29.902093,4
文040,文079,文件分享,2025-11-16 20:20:29.902093,1
环098,环059,@提及,2025-11-08 20:53:29.902093,5
环059,环010,文件分享,2025-10-21 08:15:29.902093,5
人073,环096,@提及,2025-10-21 02:59:29.902093,1
文051,文009,群聊发言,2025-11-08 12:02:29.902093,3
文082,环048,文件分享,2025-11-14 19:27:29.902093,2
人087,文061,群聊发言,2025-11-13 21:55:29.902093,5
文085,文078,群聊发言,2025-10-19 22:55:29.902093,4
文085,文078,群聊发言,2025-10-19 22:55:29.902093,4
文086,文048,群聊发言,2025-10-22 12:29:29.902093,3
文082,文081,文件分享,2025-10-28 12:43:29.902093,1
环032,人081,私聊,2025-10-23 10:54:29.902093,3
人007,人025,群聊发言,2025-11-07 13:28:29.902093,1
环086,文073,@提及,2025-10-21 09:16:29.902093,3
文063,文067,群聊发言,2025-10-28 12:19:29.902093,4
人044,人060,@提及,2025-10-24 05:42:29.902093,5
环049,人053,私聊,2025-11-05 04:33:29.902093,3
环088,文082,群聊发言,2025-11-11 13:20:29.902093,1
环012,环052,私聊,2025-11-09 00:15:29.902093,4
环012,环052,私聊,2025-11-09 00:15:29.902093,4
文059,文092,群聊发言,2025-10-29 08:45:29.902093,2
文005,环058,群聊发言,2025-11-06 10:56:29.902093,2
环056,环062,@提及,2025-11-09 00:06:29.902093,2
文041,文002,@提及,2025-11-07 12:05:29.902093,4
文092,人024,@提及,2025-10-19 19:57:29.902093,4
人028,文067,群聊发言,2025-11-15 16:27:29.902093,4
人028,文067,群聊发言,2025-11-15 16:27:29.902093,4
文067,文023,群聊发言,2025-10-31 21:22:29.902093,2
人071,人075,@提及,2025-11-12 01:14:29.902093,4
环084,环077,@提及,2025-10-22 19:13:29.902093,4
人047,环033,文件分享,2025-11-01 08:45:29.902093,5
人026,文073,@提及,2025-11-09 08:04:29.902093,1
环008,文052,私聊,2025-10-28 10:36:29.902093,2
环005,环028,@提及,2025-10-26 04:54:29.902093,4
环005,环028,@提及,2025-10-26 04:54:29.902093,4
文007,文063,文件分享,2025-11-11 10:03:29.902093,1
人080,环017,私聊,2025-11-12 08:22:29.902093,1
环005,文096,@提及,2025-10-22 13:31:29.902093,4
环042,文047,@提及,2025-11-16 10:04:29.902093,4
文056,环014,群聊发言,2025-11-12 14:30:29.902093,4
人073,人035,群聊发言,2025-11-14 20:23:29.902093,1
人009,环054,群聊发言,2025-10-31 22:50:29.902093,4
环014,,文件分享,2025-11-06 10:15:29.902093,4
文080,文048,群聊发言,2025-11-07 01:58:29.902093,1
人021,人013,文件分享,2025-10-22 07:29:29.902093,1
人003,文040,群聊发言,2025-11-13 08:12:29.902093,2
文092,人082,群聊发言,2025-10-20 06:44:29.902093,3
人049,文014,文件分享,2025-11-04 07:11:29.902093,1
人049,文014,文件分享,2025-11-04 07:11:29.902093,1
人064,环045,文件分享,2025-11-08 08:20:29.902093,5
文012,环028,群聊发言,2025-10-24 02:36:29.902093,2
环099,人006,群聊发言,2025-10-22 21:20:29.902093,2
人019,,私聊,2025-10-30 13:39:29.902093,5
文091,人031,群聊发言,2025-11-06 08:47:29.902093,4
人021,,@提及,2025-11-12 03:48:29.902093,3
环051,环037,@提及,2025-11-05 21:48:29.902093,1
环090,文094,私聊,2025-10-24 19:07:29.902093,3
环090,文094,私聊,2025-10-24 19:07:29.902093,3
环016,,群聊发言,2025-11-01 03:19:29.902093,3
人033,人058,私聊,2025-10-25 19:34:29.902093,5
人080,人089,群聊发言,2025-11-05 04:53:29.902093,2
人080,人089,群聊发言,2025-11-05 04:53:29.902093,2
人047,人005,文件分享,2025-11-12 14:07:29.902093,3
人047,人005,文件分享,2025-11-12 14:07:29.902093,3
人095,文005,文件分享,2025-11-04 11:32:29.902093,2
环015,环079,@提及,2025-10-24 10:38:29.902093,1
环015,环079,@提及,2025-10-24 10:38:29.902093,1
文090,环075,文件分享,2025-11-12 15:18:29.902093,5
文006,人084,群聊发言,2025-11-15 20:50:29.902093,2
环090,环024,群聊发言,2025-11-14 16:01:29.902093,5
人048,人001,群聊发言,2025-11-05 20:54:29.902093,5
人037,环018,私聊,2025-11-07 08:50:29.902093,2
环050,文064,群聊发言,2025-11-15 21:39:29.902093,4
环050,文064,群聊发言,2025-11-15 21:39:29.902093,4
人075,,文件分享,2025-10-19 06:15:29.902093,1
文067,文095,私聊,2025-11-06 07:28:29.902093,3
文067,文095,私聊,2025-11-06 07:28:29.902093,3
文089,环030,群聊发言,2025-11-16 14:06:29.902093,4
人040,人072,@提及,2025-10-22 06:40:29.902093,3
人059,文055,群聊发言,2025-10-27 11:48:29.902093,3
人008,文012,群聊发言,2025-10-28 08:52:29.902093,4
文073,环083,群聊发言,2025-10-29 15:43:29.902093,3
环023,人044,群聊发言,2025-10-25 05:25:29.902093,4
人027,人057,@提及,2025-10-23 19:45:29.902093,4
人056,文028,群聊发言,2025-10-25 00:00:29.902093,2
人030,文052,文件分享,2025-11-09 04:46:29.902093,5
环043,文097,群聊发言,2025-11-02 06:44:29.902093,3
文074,环061,@提及,2025-10-25 09:43:29.902093,4
文074,环061,@提及,2025-10-25 09:43:29.902093,4
环016,文059,@提及,2025-11-03 01:46:29.902093,2
文066,,私聊,2025-10-23 22:41:29.902093,4
人040,环085,群聊发言,2025-10-20 10:49:29.902093,5
人040,环085,群聊发言,2025-10-20 10:49:29.902093,5
环028,人097,@提及,2025-11-17 12:28:29.902093,1
环013,文088,@提及,2025-11-15 05:46:29.902093,2
文006,文095,私聊,2025-10-30 07:03:29.902093,3
人015,环066,@提及,2025-11-15 15:58:29.902093,2
人060,文070,私聊,2025-10-28 15:15:29.902093,5
环066,,群聊发言,2025-10-22 03:26:29.902093,5
人070,环085,群聊发言,2025-11-03 11:44:29.902093,4
文087,人006,群聊发言,2025-11-09 00:35:29.902093,4
环033,环069,@提及,2025-11-12 19:13:29.902093,2
文044,人054,@提及,2025-10-19 08:11:29.902093,3
环091,文010,群聊发言,2025-11-12 22:55:29.902093,1
环091,文010,群聊发言,2025-11-12 22:55:29.902093,1
环045,环030,私聊,2025-11-10 21:26:29.902093,3
人052,文085,群聊发言,2025-11-02 11:19:29.902093,3
人052,文085,群聊发言,2025-11-02 11:19:29.902093,3
人076,人061,群聊发言,2025-10-30 04:09:29.902093,1
环093,环085,私聊,2025-10-22 08:14:29.902093,2
环020,环022,私聊,2025-11-07 16:29:29.902093,4
文082,人008,@提及,2025-11-09 22:05:29.902093,3
文015,文076,文件分享,2025-10-23 21:48:29.902093,3
环044,环057,群聊发言,2025-10-31 11:01:29.902093,2
环032,,@提及,2025-11-12 23:06:29.902093,5
人012,人042,群聊发言,2025-11-08 21:59:29.902093,1
文049,文058,@提及,2025-11-06 04:52:29.902093,5
文023,人073,私聊,2025-10-24 21:30:29.902093,2
文020,环068,群聊发言,2025-10-22 04:55:29.902093,4
文020,环068,群聊发言,2025-10-22 04:55:29.902093,4
人055,文068,@提及,2025-11-02 07:50:29.902093,5
文043,环021,群聊发言,2025-10-18 22:38:29.902093,2
人018,文054,群聊发言,2025-11-07 17:02:29.902093,2
环052,人086,@提及,2025-10-19 18:31:29.902093,1
人026,人095,群聊发言,2025-11-04 03:02:29.902093,1
环099,人018,私聊,2025-11-02 05:07:29.902093,5
文007,文040,私聊,2025-11-01 22:49:29.902093,4
环036,人092,文件分享,2025-10-24 21:46:29.902093,5
文046,人014,@提及,2025-10-26 15:52:29.902093,3
文038,环033,群聊发言,2025-11-14 08:08:29.902093,4
文097,文047,私聊,2025-11-02 09:46:29.902093,3
环024,文036,@提及,2025-11-01 10:17:29.902093,1
人062,文007,群聊发言,2025-10-23 06:12:29.902093,1
人062,文007,群聊发言,2025-10-23 06:12:29.902093,1
环068,人004,群聊发言,2025-11-17 06:37:29.902093,3
环019,环004,群聊发言,2025-10-25 12:36:29.902093,2
人024,人075,私聊,2025-11-03 02:36:29.902093,4
环047,文093,@提及,2025-11-13 22:40:29.902093,4
环096,人064,@提及,2025-11-07 07:11:29.902093,3
环083,文085,私聊,2025-11-12 15:28:29.902093,1
环083,文085,私聊,2025-11-12 15:28:29.902093,1
文028,文095,群聊发言,2025-10-23 19:40:29.902093,2
文028,文095,群聊发言,2025-10-23 19:40:29.902093,2
人049,文001,私聊,2025-11-09 21:01:29.902093,2
环067,人055,@提及,2025-10-26 06:06:29.902093,5
文066,文052,私聊,2025-10-28 14:08:29.902093,4
文094,环054,@提及,2025-10-21 16:14:29.902093,4
人075,人037,@提及,2025-11-09 06:19:29.902093,4
文016,环040,群聊发言,2025-11-12 03:08:29.902093,2
人071,,文件分享,2025-11-03 05:08:29.902093,3
环075,文025,群聊发言,2025-10-19 08:43:29.902093,3
文030,人082,文件分享,2025-11-04 08:09:29.902093,1
文036,环001,文件分享,2025-11-02 04:37:29.902093,4
人082,环027,@提及,2025-10-21 06:30:29.902093,5
人082,环027,@提及,2025-10-21 06:30:29.902093,5
环011,人030,私聊,2025-11-14 22:24:29.902093,4
人018,人064,私聊,2025-10-27 02:51:29.902093,1
文042,环088,私聊,2025-10-30 21:47:29.902093,1
文026,环044,@提及,2025-10-18 23:04:29.902093,3
文079,文010,群聊发言,2025-11-02 21:08:29.902093,1
人058,文013,@提及,2025-11-05 03:36:29.902093,5
人058,文013,@提及,2025-11-05 03:36:29.902093,5
人041,文098,群聊发言,2025-10-21 15:04:29.902093,5
人090,文093,@提及,2025-10-20 07:09:29.902093,1
文001,环070,群聊发言,2025-11-08 20:09:29.902093,4
文001,环070,群聊发言,2025-11-08 20:09:29.902093,4
文077,,群聊发言,2025-11-05 05:33:29.902093,4
人093,环062,文件分享,2025-11-14 12:22:29.902093,4
人040,人081,私聊,2025-11-15 06:30:29.902093,3
环024,文065,私聊,2025-10-27 04:14:29.902093,3
环024,文065,私聊,2025-10-27 04:14:29.902093,3
文064,文087,群聊发言,2025-10-20 06:34:29.902093,3
环080,环081,群聊发言,2025-10-28 14:40:29.902093,5
人100,人029,群聊发言,2025-10-19 07:44:29.902093,1
人027,人068,群聊发言,2025-11-14 06:25:29.902093,2
人027,人068,群聊发言,2025-11-14 06:25:29.902093,2
人051,文006,@提及,2025-11-03 03:02:29.902093,5
人058,环041,群聊发言,2025-11-04 09:03:29.902093,3
文032,环025,私聊,2025-10-20 20:34:29.902093,3
人044,环036,私聊,2025-11-06 05:18:29.902093,1
人044,环036,私聊,2025-11-06 05:18:29.902093,1
人015,人091,群聊发言,2025-10-31 00:54:29.902093,2
人072,人049,@提及,2025-11-11 04:09:29.902093,2
环036,,文件分享,2025-10-27 21:18:29.902093,5
环033,人098,群聊发言,2025-11-15 00:32:29.902093,2
人065,环008,@提及,2025-11-01 01:42:29.902093,4
文003,环062,@提及,2025-11-12 04:16:29.902093,5
人068,人082,私聊,2025-11-08 22:23:29.902093,2
人039,文017,文件分享,2025-11-08 11:28:29.902093,4
文057,环003,文件分享,2025-10-22 05:32:29.902093,2
文003,人012,文件分享,2025-11-09 18:43:29.902093,1
环035,,群聊发言,2025-11-13 04:33:29.902093,3
环067,文001,群聊发言,2025-10-31 10:09:29.902093,2
人053,文055,私聊,2025-11-08 08:12:29.902093,1
人053,文055,私聊,2025-11-08 08:12:29.902093,1
文091,文099,私聊,2025-11-04 19:36:29.902093,2
文077,文002,群聊发言,2025-10-31 03:00:29.902093,3
人022,人018,群聊发言,2025-11-11 07:14:29.902093,3
环049,文012,群聊发言,2025-10-28 12:17:29.902093,4
环035,人040,私聊,2025-10-30 02:43:29.902093,5
环035,人040,私聊,2025-10-30 02:43:29.902093,5
文050,环065,文件分享,2025-10-26 00:19:29.902093,4
环020,人015,私聊,2025-11-12 19:43:29.902093,1
人022,环051,群聊发言,2025-11-12 00:48:29.902093,5
环074,人094,@提及,2025-11-13 16:42:29.902093,1
环086,人003,群聊发言,2025-10-28 14:57:29.902093,4
环086,人003,群聊发言,2025-10-28 14:57:29.902093,4
人087,文070,@提及,2025-11-05 11:11:29.902093,1
文086,文002,私聊,2025-10-29 00:12:29.902093,5
文036,文076,群聊发言,2025-11-13 11:25:29.902093,1
文015,人048,私聊,2025-10-19 04:46:29.902093,2
文011,文068,群聊发言,2025-11-11 19:23:29.902093,2
人090,环050,@提及,2025-11-04 19:23:29.902093,3
文041,人083,私聊,2025-10-22 07:45:29.902093,4
环050,环004,@提及,2025-11-01 00:36:29.902093,2
环076,环100,私聊,2025-11-12 08:59:29.902093,1
环042,文009,文件分享,2025-11-07 01:20:29.902093,2
文042,人069,@提及,2025-10-22 06:30:29.902093,3
文042,人069,@提及,2025-10-22 06:30:29.902093,3
文034,文099,群聊发言,2025-10-21 03:06:29.902093,1
文039,文055,文件分享,2025-11-09 02:40:29.902093,1
人089,文068,私聊,2025-10-31 19:52:29.902093,4
人089,文068,私聊,2025-10-31 19:52:29.902093,4
人084,环035,@提及,2025-11-05 21:34:29.902093,5
人054,文016,@提及,2025-10-19 01:26:29.902093,1
文092,人012,群聊发言,2025-10-21 15:26:29.902093,5
文092,人012,群聊发言,2025-10-21 15:26:29.902093,5
人035,人047,私聊,2025-10-21 03:03:29.902093,5
人086,文090,群聊发言,2025-10-22 11:16:29.902093,4
文089,环045,群聊发言,2025-11-16 13:03:29.902093,1
人048,文068,@提及,2025-11-15 21:14:29.902093,2
文013,环068,私聊,2025-10-31 13:37:29.902093,1
人099,环034,群聊发言,2025-11-07 16:01:29.902093,4
环020,人027,私聊,2025-10-28 04:11:29.902093,1
环020,人027,私聊,2025-10-28 04:11:29.902093,1
环053,人020,群聊发言,2025-10-21 16:32:29.902093,3
文097,文062,文件分享,2025-11-11 15:49:29.902093,1
环014,人027,私聊,2025-11-11 14:40:29.902093,1
环014,人027,私聊,2025-11-11 14:40:29.902093,1
环071,人018,文件分享,2025-10-23 06:40:29.902093,4
文069,人073,群聊发言,2025-11-13 02:45:29.902093,1
人070,人089,群聊发言,2025-10-24 14:54:29.902093,3
人075,人003,私聊,2025-11-12 08:05:29.902093,4
人046,人057,@提及,2025-10-23 16:54:29.902093,2
环027,文019,私聊,2025-11-07 23:04:29.902093,4
环047,环062,文件分享,2025-11-09 08:58:29.902093,1
环001,,群聊发言,2025-10-24 15:54:29.902093,1
环006,文001,群聊发言,2025-10-25 01:47:29.902093,1
环060,文061,私聊,2025-11-01 18:37:29.902093,5
环029,环016,群聊发言,2025-10-27 01:05:29.902093,3
环029,人030,群聊发言,2025-10-25 22:57:29.902093,2
环045,文020,@提及,2025-11-12 23:26:29.902093,1
人070,文060,@提及,2025-10-23 21:03:29.902093,4
文003,环049,@提及,2025-11-14 00:49:29.902093,4
人051,环069,@提及,2025-10-24 18:59:29.902093,5
文033,文023,私聊,2025-10-22 01:30:29.902093,2
文093,文089,@提及,2025-10-27 17:26:29.902093,1
人079,环029,群聊发言,2025-10-20 02:18:29.902093,5
人050,环010,群聊发言,2025-10-20 17:34:29.902093,1
人081,文023,群聊发言,2025-11-13 21:44:29.902093,4
环040,环072,群聊发言,2025-10-27 20:18:29.902093,3
人098,环074,@提及,2025-11-07 20:22:29.902093,2
人079,人095,@提及,2025-11-06 20:50:29.902093,4
环043,文089,@提及,2025-10-27 07:30:29.902093,1
文085,人092,文件分享,2025-11-11 16:43:29.902093,3
文076,环065,群聊发言,2025-11-03 16:42:29.902093,4
人085,文061,群聊发言,2025-10-24 07:37:29.902093,5
环083,环058,群聊发言,2025-11-01 00:22:29.902093,5
文048,环043,@提及,2025-10-25 13:46:29.902093,1
人077,人003,@提及,2025-10-27 10:58:29.902093,2
人091,人051,群聊发言,2025-11-14 16:35:29.902093,5
文017,文013,群聊发言,2025-11-10 09:16:29.902093,1
文064,文031,@提及,2025-10-30 13:09:29.902093,1
环009,环012,群聊发言,2025-11-04 02:56:29.902093,3
环009,环012,群聊发言,2025-11-04 02:56:29.902093,3
人070,,私聊,2025-11-02 11:00:29.902093,3
文080,文083,群聊发言,2025-10-19 08:15:29.902093,4
文080,,群聊发言,2025-10-19 08:15:29.902093,4
环007,,@提及,2025-11-17 05:56:29.902093,5
环070,环038,群聊发言,2025-10-31 03:07:29.902093,1
环070,环038,群聊发言,2025-10-31 03:07:29.902093,1
环012,环074,群聊发言,2025-11-08 19:46:29.902093,5
环002,文020,群聊发言,2025-11-02 07:02:29.902093,2
环071,环042,@提及,2025-10-20 02:39:29.902093,1
人011,环008,群聊发言,2025-11-13 22:54:29.902093,3
文047,环073,@提及,2025-10-21 21:11:29.902093,2
人092,环049,@提及,2025-11-09 00:34:29.902093,1
环047,环018,群聊发言,2025-10-27 09:22:29.902093,5
环003,人054,群聊发言,2025-11-10 00:56:29.902093,2
环071,环078,私聊,2025-11-10 21:33:29.902093,1
环039,环092,@提及,2025-10-24 00:32:29.902093,5
人049,文049,群聊发言,2025-11-06 07:04:29.902093,5
环008,文096,文件分享,2025-11-08 00:17:29.902093,5
环045,文008,@提及,2025-11-01 17:48:29.902093,5
人008,环094,@提及,2025-10-30 02:03:29.902093,4
环063,文048,私聊,2025-11-08 14:33:29.902093,5
文099,文095,私聊,2025-11-09 12:41:29.902093,3
文043,文046,@提及,2025-11-07 00:05:29.902093,1
环005,,私聊,2025-11-15 07:48:29.902093,2
文083,环096,@提及,2025-11-12 07:06:29.902093,3
人021,文077,私聊,2025-11-15 01:13:29.902093,1
人017,文047,@提及,2025-10-28 12:24:29.902093,3
环037,文018,@提及,2025-11-10 22:26:29.902093,4
人081,文016,文件分享,2025-11-09 03:17:29.902093,2
人086,环015,群聊发言,2025-11-06 11:30:29.902093,1
文085,环009,群聊发言,2025-11-12 14:16:29.902093,3
文085,环009,群聊发言,2025-11-12 14:16:29.902093,3
人067,环072,私聊,2025-10-31 07:28:29.902093,4
环022,人027,@提及,2025-11-01 19:57:29.902093,1
环073,人023,@提及,2025-10-20 21:55:29.902093,1
人062,文068,私聊,2025-10-31 05:06:29.902093,4
文040,文096,私聊,2025-11-05 06:25:29.902093,5
文056,环027,@提及,2025-11-06 06:17:29.902093,1
文072,环031,私聊,2025-10-28 13:07:29.902093,4
人077,文048,私聊,2025-10-18 22:19:29.902093,2
人077,文048,私聊,2025-10-18 22:19:29.902093,2
文086,人055,群聊发言,2025-10-18 22:10:29.902093,3
人087,环016,文件分享,2025-11-02 00:55:29.902093,5
环080,文027,文件分享,2025-11-11 13:47:29.902093,4
人077,人006,@提及,2025-11-01 20:53:29.902093,4
人093,文006,@提及,2025-11-03 21:38:29.902093,3
环023,文032,@提及,2025-11-02 14:51:29.902093,5
环048,文077,群聊发言,2025-10-23 21:20:29.902093,2
环048,文077,群聊发言,2025-10-23 21:20:29.902093,2
文009,文052,@提及,2025-10-27 05:59:29.902093,4
文009,,@提及,2025-10-27 05:59:29.902093,4
文073,文012,群聊发言,2025-11-08 19:16:29.902093,2
文012,文082,群聊发言,2025-11-13 04:07:29.902093,2
人031,人003,@提及,2025-11-07 16:55:29.902093,2
人048,人026,群聊发言,2025-11-07 17:31:29.902093,5
人027,人070,群聊发言,2025-11-15 23:49:29.902093,5
文082,文061,私聊,2025-11-10 00:14:29.902093,5
环025,环004,@提及,2025-10-29 03:45:29.902093,3
环061,文088,群聊发言,2025-11-12 22:17:29.902093,1
环061,文088,群聊发言,2025-11-12 22:17:29.902093,1
文080,环006,@提及,2025-11-17 10:04:29.902093,4
人069,环054,群聊发言,2025-11-05 23:28:29.902093,5
环084,文006,群聊发言,2025-10-23 23:04:29.902093,1
人038,文060,文件分享,2025-11-04 11:54:29.902093,5
人100,文029,私聊,2025-10-19 18:42:29.902093,3
环013,环078,群聊发言,2025-11-14 22:24:29.902093,5
文046,人042,私聊,2025-10-28 17:01:29.902093,1
文083,文084,@提及,2025-10-30 19:04:29.902093,1
人093,人010,群聊发言,2025-11-05 04:08:29.902093,4
人093,人010,群聊发言,2025-11-05 04:08:29.902093,4
文007,环080,@提及,2025-11-04 07:06:29.902093,1
文068,文024,群聊发言,2025-11-10 02:10:29.902093,3
文074,环018,群聊发言,2025-11-10 11:10:29.902093,1
人012,环038,文件分享,2025-10-19 02:12:29.902093,5
文057,环088,群聊发言,2025-11-12 02:51:29.902093,4
环003,环098,文件分享,2025-11-07 05:17:29.902093,2
人008,人077,@提及,2025-10-28 01:44:29.902093,5
人008,人077,@提及,2025-10-28 01:44:29.902093,5
环089,环059,@提及,2025-10-21 21:44:29.902093,1
文070,人003,群聊发言,2025-10-29 00:31:29.902093,4
人095,环020,私聊,2025-10-27 10:22:29.902093,5
人075,人063,群聊发言,2025-10-23 14:55:29.902093,5
文095,人010,@提及,2025-10-29 23:19:29.902093,4
环043,环052,群聊发言,2025-10-31 10:06:29.902093,3
人016,人088,群聊发言,2025-10-22 15:17:29.902093,4
人046,文097,私聊,2025-10-25 19:23:29.902093,3
人100,人079,群聊发言,2025-11-15 08:24:29.902093,2
文006,环081,群聊发言,2025-10-23 19:31:29.902093,5
环096,,文件分享,2025-11-08 13:14:29.902093,5
文055,人051,@提及,2025-11-13 22:24:29.902093,1
文045,环017,群聊发言,2025-10-31 00:23:29.902093,4
文055,人069,私聊,2025-11-05 05:40:29.902093,5
环087,环056,私聊,2025-11-06 06:53:29.902093,5
人084,文012,私聊,2025-11-01 19:18:29.902093,5
文059,环100,文件分享,2025-11-16 01:27:29.902093,4
环049,文086,群聊发言,2025-10-30 19:17:29.902093,4
环049,文086,群聊发言,2025-10-30 19:17:29.902093,4
文099,人098,文件分享,2025-10-30 17:59:29.902093,3
人031,人059,群聊发言,2025-11-14 15:12:29.902093,4
人031,人059,群聊发言,2025-11-14 15:12:29.902093,4
人055,文077,群聊发言,2025-11-13 01:25:29.902093,5
人094,环039,私聊,2025-10-31 05:09:29.902093,1
环084,人039,@提及,2025-11-15 03:28:29.902093,2
文064,环015,文件分享,2025-11-12 11:32:29.902093,4
环066,人052,@提及,2025-11-02 23:00:29.902093,2
环066,人052,@提及,2025-11-02 23:00:29.902093,2
环014,环099,@提及,2025-10-28 15:04:29.902093,4
人046,环049,私聊,2025-10-20 15:17:29.902093,3
文021,文054,@提及,2025-10-18 22:01:29.902093,5
文092,环031,群聊发言,2025-11-17 09:27:29.902093,3
环008,文073,群聊发言,2025-11-14 18:48:29.902093,2
人002,环065,群聊发言,2025-10-29 00:14:29.902093,3
环035,环012,@提及,2025-11-01 18:28:29.902093,2
环028,人047,群聊发言,2025-10-21 20:43:29.902093,5
环028,人047,群聊发言,2025-10-21 20:43:29.902093,5
文048,人066,@提及,2025-11-16 23:01:29.902093,2
人041,环042,群聊发言,2025-11-03 14:07:29.902093,2
环074,人038,私聊,2025-11-08 22:42:29.902093,1
人024,环044,文件分享,2025-10-21 11:11:29.902093,4
环080,文089,群聊发言,2025-11-07 05:02:29.902093,4
环080,文089,群聊发言,2025-11-07 05:02:29.902093,4
环072,文038,@提及,2025-11-14 06:46:29.902093,5
人034,环064,@提及,2025-10-30 18:53:29.902093,2
人096,文052,群聊发言,2025-10-28 19:08:29.902093,1
人004,环072,私聊,2025-11-17 05:29:29.902093,5
环042,环086,@提及,2025-11-10 03:40:29.902093,1
人098,环008,@提及,2025-10-23 17:12:29.902093,1
环004,人025,私聊,2025-11-15 09:45:29.902093,2
环032,人063,文件分享,2025-11-15 23:59:29.902093,2
文011,人046,@提及,2025-11-14 00:12:29.902093,2
人040,环024,群聊发言,2025-11-15 19:42:29.902093,3
环014,文075,群聊发言,2025-10-22 18:33:29.902093,2
环055,环026,文件分享,2025-10-24 06:19:29.902093,4
人040,环030,文件分享,2025-11-05 12:31:29.902093,2
环005,文049,私聊,2025-11-02 20:40:29.902093,2
人036,环075,@提及,2025-11-06 20:42:29.902093,1
人025,文052,群聊发言,2025-11-06 12:16:29.902093,4
文090,人027,@提及,2025-10-26 05:00:29.902093,3
人065,,文件分享,2025-11-15 20:24:29.902093,3
文010,环091,私聊,2025-11-15 02:45:29.902093,1
文015,人052,文件分享,2025-11-03 09:26:29.902093,2
人034,文015,@提及,2025-11-11 20:08:29.902093,5
环016,环087,群聊发言,2025-10-19 03:21:29.902093,4
环016,环087,群聊发言,2025-10-19 03:21:29.902093,4
文039,,@提及,2025-10-28 22:58:29.902093,1
环007,文012,群聊发言,2025-10-25 14:20:29.902093,2
文018,环056,@提及,2025-10-19 18:58:29.902093,5
环067,人089,文件分享,2025-10-19 04:59:29.902093,1
文030,文007,群聊发言,2025-11-12 20:54:29.902093,2
环078,文022,群聊发言,2025-11-04 22:07:29.902093,4
文054,环005,私聊,2025-11-02 04:34:29.902093,1
环054,人003,群聊发言,2025-10-19 15:09:29.902093,5
人003,文048,群聊发言,2025-11-03 02:02:29.902093,5
人002,人011,群聊发言,2025-11-09 21:00:29.902093,5
人020,人004,文件分享,2025-11-09 04:38:29.902093,2
人094,文022,群聊发言,2025-11-12 16:53:29.902093,1
人065,文040,群聊发言,2025-11-11 20:05:29.902093,2
人065,文040,群聊发言,2025-11-11 20:05:29.902093,2
文032,文083,私聊,2025-11-11 22:28:29.902093,4
环075,人069,群聊发言,2025-10-19 22:42:29.902093,4
人091,环013,群聊发言,2025-10-23 18:32:29.902093,5
环089,文016,群聊发言,2025-11-12 04:49:29.902093,5
文088,环079,文件分享,2025-10-20 23:07:29.902093,2
文082,文056,@提及,2025-10-26 03:46:29.902093,3
环026,人009,群聊发言,2025-10-23 15:18:29.902093,1
文052,文029,@提及,2025-11-14 11:40:29.902093,5
文063,人039,@提及,2025-10-22 10:59:29.902093,4
文065,人009,群聊发言,2025-10-21 12:15:29.902093,5
文086,人088,群聊发言,2025-10-31 22:24:29.902093,4
环031,环088,@提及,2025-10-23 14:51:29.902093,5
文007,文013,群聊发言,2025-11-07 06:01:29.902093,4
人069,人021,文件分享,2025-11-02 15:01:29.902093,1
环043,人031,群聊发言,2025-10-23 11:04:29.902093,4
环039,环001,文件分享,2025-10-19 17:50:29.902093,5
环001,人001,@提及,2025-11-09 21:23:29.902093,3
环025,,群聊发言,2025-11-14 15:06:29.902093,4
环041,人073,私聊,2025-11-06 15:47:29.902093,4
环001,人030,@提及,2025-11-15 17:37:29.902093,4
文066,文079,私聊,2025-11-03 00:24:29.902093,4
人035,,群聊发言,2025-11-03 07:35:29.902093,5
环016,环024,私聊,2025-10-22 10:57:29.902093,1
文080,人084,私聊,2025-11-15 15:27:29.902093,4
文041,环066,群聊发言,2025-11-03 10:31:29.902093,3
人046,环070,群聊发言,2025-10-23 15:36:29.902093,2
人032,文053,@提及,2025-11-16 07:11:29.902093,5
文006,环047,私聊,2025-10-19 09:18:29.902093,2
人079,文047,群聊发言,2025-11-07 06:42:29.902093,4
人092,环100,@提及,2025-11-07 22:08:29.902093,4
人023,环079,群聊发言,2025-11-10 18:21:29.902093,4
人023,环079,群聊发言,2025-11-10 18:21:29.902093,4
环003,文058,@提及,2025-11-15 10:33:29.902093,4
环090,文099,@提及,2025-11-16 05:09:29.902093,2
环006,文076,群聊发言,2025-11-17 10:38:29.902093,2
环088,环038,私聊,2025-11-07 02:41:29.902093,3
环088,环038,私聊,2025-11-07 02:41:29.902093,3
文031,文086,群聊发言,2025-10-23 03:05:29.902093,4
文054,环068,文件分享,2025-10-28 20:56:29.902093,2
人009,环060,@提及,2025-10-19 01:18:29.902093,2
环020,人082,文件分享,2025-10-21 01:04:29.902093,4
文042,环066,@提及,2025-10-29 22:52:29.902093,1
文042,环066,@提及,2025-10-29 22:52:29.902093,1
文086,人015,群聊发言,2025-11-06 13:57:29.902093,5
人084,文025,文件分享,2025-10-28 18:23:29.902093,5
人073,人048,群聊发言,2025-10-25 13:00:29.902093,1
人047,文053,群聊发言,2025-10-26 14:06:29.902093,1
文097,文008,群聊发言,2025-10-31 12:09:29.902093,2
文055,环029,群聊发言,2025-11-01 12:30:29.902093,5
人028,文061,@提及,2025-11-08 11:56:29.902093,2
环010,人013,群聊发言,2025-10-31 04:43:29.902093,1
环010,人013,群聊发言,2025-10-31 04:43:29.902093,1
文080,人020,私聊,2025-10-19 19:25:29.902093,3
文005,文036,私聊,2025-11-06 22:28:29.902093,4
文084,人001,私聊,2025-11-02 23:02:29.902093,5
文087,,私聊,2025-10-18 20:58:29.902093,3
文027,文007,私聊,2025-11-06 06:43:29.902093,1
文083,人048,私聊,2025-11-09 14:42:29.902093,5
环097,文087,@提及,2025-11-03 20:05:29.902093,2
环042,,群聊发言,2025-10-21 22:50:29.902093,2
文034,文035,群聊发言,2025-11-16 09:06:29.902093,2
环037,人095,群聊发言,2025-10-21 23:48:29.902093,1
文054,环051,@提及,2025-10-31 23:47:29.902093,1
文061,环024,私聊,2025-10-28 17:23:29.902093,5
文032,文081,文件分享,2025-10-27 11:00:29.902093,4
文048,人003,群聊发言,2025-10-30 17:21:29.902093,1
环047,,私聊,2025-10-25 05:46:29.902093,2
文014,人082,群聊发言,2025-10-30 22:06:29.902093,5
文091,文047,私聊,2025-11-06 04:32:29.902093,2
文091,文047,私聊,2025-11-06 04:32:29.902093,2
文035,环048,群聊发言,2025-10-27 00:49:29.902093,2
人082,人073,群聊发言,2025-11-14 03:51:29.902093,2
环008,环040,私聊,2025-11-04 20:42:29.902093,3
环059,文053,@提及,2025-10-28 16:50:29.902093,5
文051,人002,群聊发言,2025-10-24 19:52:29.902093,3
人002,文074,私聊,2025-11-13 18:14:29.902093,4
人049,人037,@提及,2025-11-07 13:59:29.902093,3
人067,环012,@提及,2025-11-03 10:40:29.902093,2
人013,,@提及,2025-10-30 16:49:29.902093,4
文072,环066,群聊发言,2025-11-07 23:22:29.902093,4
环080,环034,群聊发言,2025-11-11 15:14:29.902093,1
人071,文100,@提及,2025-10-28 13:45:29.902093,1
人015,人020,@提及,2025-10-20 21:16:29.902093,2
人019,环010,群聊发言,2025-10-21 16:16:29.902093,3
环055,文088,群聊发言,2025-10-28 08:25:29.902093,5
文075,人023,群聊发言,2025-10-27 22:12:29.902093,4
文083,人021,私聊,2025-11-02 22:04:29.902093,1
人087,文056,群聊发言,2025-11-14 19:53:29.902093,4
文028,文064,群聊发言,2025-11-17 14:59:29.902093,1
环008,环083,文件分享,2025-10-29 13:25:29.902093,1
环037,环028,群聊发言,2025-10-24 00:49:29.902093,2
环058,文031,私聊,2025-11-11 06:27:29.902093,2
文050,人026,@提及,2025-10-21 21:17:29.902093,1
文013,人011,文件分享,2025-10-30 07:00:29.902093,3
环072,文092,文件分享,2025-10-20 23:07:29.902093,1
文031,环030,私聊,2025-11-08 15:27:29.902093,3
人014,人090,私聊,2025-10-25 10:47:29.902093,4
人014,人090,私聊,2025-10-25 10:47:29.902093,4
文044,人043,@提及,2025-11-01 10:13:29.902093,1
环076,文080,群聊发言,2025-11-13 21:37:29.902093,2
文058,文093,群聊发言,2025-11-17 10:42:29.902093,5
文068,文017,群聊发言,2025-11-16 07:54:29.902093,1
人024,环078,群聊发言,2025-10-27 08:27:29.902093,3
环041,人012,群聊发言,2025-11-01 10:41:29.902093,1
环023,人082,文件分享,2025-10-24 23:03:29.902093,5
人089,人069,文件分享,2025-10-21 22:49:29.902093,1
人080,文098,私聊,2025-11-01 00:07:29.902093,5
文086,文091,文件分享,2025-11-04 02:39:29.902093,5
文086,文091,文件分享,2025-11-04 02:39:29.902093,5
文001,文098,私聊,2025-10-31 11:45:29.902093,4
文002,,文件分享,2025-10-18 21:39:29.902093,4
环086,人001,私聊,2025-11-16 09:39:29.902093,4
文040,人066,群聊发言,2025-11-03 06:34:29.902093,4
文076,环019,@提及,2025-10-28 23:48:29.902093,4
环094,环075,群聊发言,2025-10-25 01:44:29.902093,2
文012,人046,群聊发言,2025-10-22 20:10:29.902093,2
环013,环069,群聊发言,2025-11-07 21:14:29.902093,3
文040,人075,@提及,2025-11-04 20:50:29.902093,2
人003,环082,@提及,2025-11-17 11:42:29.902093,3
环004,人001,私聊,2025-11-04 14:58:29.902093,3
环004,人001,私聊,2025-11-04 14:58:29.902093,3
文085,文070,群聊发言,2025-11-06 15:42:29.902093,1
环050,环035,文件分享,2025-11-16 11:55:29.902093,2
环050,环035,文件分享,2025-11-16 11:55:29.902093,2
人046,环013,@提及,2025-11-13 16:10:29.902093,5
人002,环051,@提及,2025-11-06 17:02:29.902093,2
环052,环057,私聊,2025-11-06 16:32:29.902093,2
环084,文084,@提及,2025-10-31 21:10:29.902093,4
人058,文016,群聊发言,2025-10-30 10:15:29.902093,2
文062,文004,@提及,2025-11-12 22:36:29.902093,5
文012,环081,@提及,2025-10-24 05:04:29.902093,4
文057,环010,私聊,2025-11-10 21:09:29.902093,1
人079,人024,群聊发言,2025-11-08 05:46:29.902093,1
环064,环075,@提及,2025-10-28 03:43:29.902093,3
环064,环075,@提及,2025-10-28 03:43:29.902093,3
文038,文080,@提及,2025-11-11 01:34:29.902093,2
环024,人015,文件分享,2025-10-25 11:36:29.902093,3
环065,文053,群聊发言,2025-11-06 06:33:29.902093,3
文031,人098,文件分享,2025-11-05 16:34:29.902093,1
文031,人098,文件分享,2025-11-05 16:34:29.902093,1
文083,文067,私聊,2025-11-05 06:47:29.902093,5
环012,环073,@提及,2025-11-04 00:09:29.902093,1
人061,环081,私聊,2025-11-17 19:42:29.902093,4
文053,人082,群聊发言,2025-11-02 07:38:29.902093,1
文053,人082,群聊发言,2025-11-02 07:38:29.902093,1
环008,环012,@提及,2025-11-08 18:38:29.902093,3
文095,人014,文件分享,2025-11-16 01:37:29.902093,3
环035,环015,文件分享,2025-10-30 17:38:29.902093,4
文095,环057,私聊,2025-10-27 13:43:29.902093,5
文011,人092,文件分享,2025-10-27 03:54:29.902093,1
环013,环022,文件分享,2025-11-12 13:17:29.902093,5
文055,文085,群聊发言,2025-10-29 06:34:29.902093,3
文019,文066,私聊,2025-10-24 10:11:29.902093,4
人033,环038,群聊发言,2025-11-11 15:55:29.902093,1
文088,人069,私聊,2025-11-01 08:57:29.902093,2
文088,人069,私聊,2025-11-01 08:57:29.902093,2
文060,文015,文件分享,2025-11-16 12:05:29.902093,2
环038,人010,@提及,2025-10-29 18:13:29.902093,2
环038,人010,@提及,2025-10-29 18:13:29.902093,2
环081,人003,@提及,2025-11-01 09:05:29.902093,4
人040,环038,群聊发言,2025-11-09 05:24:29.902093,1
环082,环095,私聊,2025-11-01 10:34:29.902093,3
环082,环095,私聊,2025-11-01 10:34:29.902093,3
人088,环021,@提及,2025-10-19 12:25:29.902093,4
文096,,群聊发言,2025-10-29 15:58:29.902093,3
环052,文018,私聊,2025-11-07 21:34:29.902093,5
环052,文018,私聊,2025-11-07 21:34:29.902093,5
环099,人011,@提及,2025-10-19 19:33:29.902093,4
环099,人011,@提及,2025-10-19 19:33:29.902093,4
环091,环022,私聊,2025-11-17 10:53:29.902093,2
环091,环022,私聊,2025-11-17 10:53:29.902093,2
人018,人068,@提及,2025-11-12 12:50:29.902093,5
人053,人043,@提及,2025-10-25 21:23:29.902093,4
文092,人088,@提及,2025-10-26 01:34:29.902093,3
人048,环082,私聊,2025-11-13 01:45:29.902093,3
环001,文041,文件分享,2025-10-19 06:29:29.902093,5
文078,人037,文件分享,2025-10-23 06:07:29.902093,3
文085,文058,群聊发言,2025-11-06 13:53:29.902093,2
环048,人077,群聊发言,2025-11-15 11:12:29.902093,2
文082,文014,私聊,2025-11-16 13:49:29.902093,2
文095,文074,@提及,2025-10-20 08:20:29.902093,3
文095,文074,@提及,2025-10-20 08:20:29.902093,3
文084,文086,群聊发言,2025-11-01 05:27:29.902093,2
文024,文039,群聊发言,2025-10-30 06:46:29.902093,5
人076,环022,群聊发言,2025-11-04 15:54:29.902093,1
人018,人063,群聊发言,2025-11-14 15:26:29.902093,5
文008,人090,@提及,2025-10-20 11:24:29.902093,2
文003,环095,@提及,2025-10-25 19:16:29.902093,4
人013,人043,文件分享,2025-11-10 22:31:29.902093,4
文041,环076,@提及,2025-11-01 22:19:29.902093,4
人014,环002,@提及,2025-11-10 04:20:29.902093,2
人038,文098,群聊发言,2025-11-03 12:22:29.902093,5
文073,环075,@提及,2025-10-24 19:13:29.902093,3
环058,环064,@提及,2025-10-21 20:54:29.902093,5
环081,环087,@提及,2025-10-22 17:44:29.902093,2
文058,人039,群聊发言,2025-11-08 01:21:29.902093,1
文001,人003,文件分享,2025-11-15 23:49:29.902093,2
人073,人084,文件分享,2025-11-05 11:25:29.902093,4
环094,文083,群聊发言,2025-10-19 18:52:29.902093,1
环094,,群聊发言,2025-10-19 18:52:29.902093,1
人100,人011,私聊,2025-11-15 12:38:29.902093,4
文063,环039,文件分享,2025-10-19 02:52:29.902093,2
人072,人046,群聊发言,2025-10-25 22:56:29.902093,1
文087,文007,私聊,2025-10-22 15:14:29.902093,2
环038,环087,群聊发言,2025-11-01 18:56:29.902093,4
人095,文035,私聊,2025-11-16 06:03:29.902093,2
文100,,群聊发言,2025-10-30 08:36:29.902093,1
人027,环017,群聊发言,2025-11-12 03:55:29.902093,3
文010,文014,私聊,2025-11-08 14:47:29.902093,2
文081,人031,群聊发言,2025-11-12 05:16:29.902093,4
人057,环069,私聊,2025-11-12 06:33:29.902093,1
环028,文065,私聊,2025-11-07 02:33:29.902093,1
人067,环059,私聊,2025-11-14 00:38:29.902093,4
人039,人068,私聊,2025-11-16 17:17:29.902093,1
环042,人044,私聊,2025-11-08 21:05:29.902093,2
人015,人079,群聊发言,2025-11-08 01:44:29.902093,1
人046,环074,群聊发言,2025-10-24 12:32:29.902093,4
人051,文089,文件分享,2025-10-21 01:04:29.902093,1
文067,人075,@提及,2025-11-15 17:54:29.902093,5
环017,环070,@提及,2025-10-31 02:23:29.902093,1
环017,环070,@提及,2025-10-31 02:23:29.902093,1
人012,环025,群聊发言,2025-11-14 01:14:29.902093,4
人018,文083,私聊,2025-11-12 14:11:29.902093,5
人038,人011,私聊,2025-11-13 04:54:29.902093,1
文056,环030,群聊发言,2025-11-04 03:52:29.902093,2
环051,人053,私聊,2025-11-05 08:26:29.902093,1
人098,环081,@提及,2025-11-05 14:34:29.902093,5
文068,人079,@提及,2025-11-11 20:54:29.902093,3
人056,环032,私聊,2025-11-10 22:00:29.902093,4
人096,人067,@提及,2025-11-10 00:31:29.902093,5
人059,文074,@提及,2025-11-12 13:46:29.902093,3
环045,人048,@提及,2025-11-11 13:16:29.902093,3
人034,环046,@提及,2025-11-14 16:24:29.902093,4
文011,环037,群聊发言,2025-10-23 21:04:29.902093,4
环055,环010,@提及,2025-11-13 15:49:29.902093,3
环055,环010,@提及,2025-11-13 15:49:29.902093,3
人001,文022,@提及,2025-11-14 15:03:29.902093,3
人099,环032,文件分享,2025-11-07 11:06:29.902093,3
文100,文054,私聊,2025-11-05 14:34:29.902093,5
环086,环015,@提及,2025-10-24 14:06:29.902093,3
环086,环015,@提及,2025-10-24 14:06:29.902093,3
环049,人075,群聊发言,2025-11-17 19:17:29.902093,4
文008,文042,群聊发言,2025-11-01 16:56:29.902093,5
文098,环018,群聊发言,2025-11-17 04:34:29.902093,4
文076,文093,私聊,2025-11-09 18:04:29.902093,5
环004,人011,私聊,2025-10-28 05:53:29.902093,5
文084,人007,@提及,2025-10-21 20:10:29.902093,5
人052,文079,文件分享,2025-10-31 22:22:29.902093,1
人052,文079,文件分享,2025-10-31 22:22:29.902093,1
文032,人078,群聊发言,2025-10-21 17:49:29.902093,3
文032,人078,群聊发言,2025-10-21 17:49:29.902093,3
人075,环013,@提及,2025-10-30 00:56:29.902093,3
环063,环029,群聊发言,2025-10-30 01:50:29.902093,2
人013,人073,@提及,2025-11-09 14:44:29.902093,3
人014,人071,@提及,2025-10-28 03:31:29.902093,2
人084,文020,@提及,2025-11-14 14:17:29.902093,2
环041,环033,@提及,2025-10-25 22:26:29.902093,1
人032,文070,私聊,2025-10-31 15:00:29.902093,4
人032,,私聊,2025-10-31 15:00:29.902093,4
环008,人032,私聊,2025-11-04 09:03:29.902093,5
文092,环100,文件分享,2025-11-15 13:13:29.902093,2
人018,,@提及,2025-11-13 16:20:29.902093,4
环056,文065,@提及,2025-10-28 08:48:29.902093,3
环056,文065,@提及,2025-10-28 08:48:29.902093,3
环046,人066,群聊发言,2025-10-23 04:28:29.902093,5
环056,文038,群聊发言,2025-10-24 19:13:29.902093,1
环031,环083,群聊发言,2025-10-25 04:45:29.902093,3
文061,环007,私聊,2025-10-22 19:41:29.902093,4
文041,人023,@提及,2025-11-08 16:28:29.902093,5
人060,,@提及,2025-10-19 21:29:29.902093,4
人009,人046,文件分享,2025-10-31 02:05:29.902093,4
人041,文089,@提及,2025-10-28 03:00:29.902093,2
文002,,私聊,2025-10-30 11:09:29.902093,3
环081,文090,@提及,2025-10-25 08:03:29.902093,4
文019,文066,文件分享,2025-10-26 11:28:29.902093,5
文098,文059,群聊发言,2025-10-21 10:07:29.902093,5
文044,人063,@提及,2025-10-21 03:45:29.902093,4
文087,人045,群聊发言,2025-10-31 09:47:29.902093,2
人001,人019,@提及,2025-10-23 16:38:29.902093,5
文090,人006,群聊发言,2025-10-23 15:40:29.902093,1
文031,环052,群聊发言,2025-11-15 10:09:29.902093,1
人065,环040,@提及,2025-11-09 15:12:29.902093,2
人077,,群聊发言,2025-10-23 16:17:29.902093,2
环093,环039,文件分享,2025-11-16 06:47:29.902093,4
文010,人061,群聊发言,2025-11-06 14:34:29.902093,2
环040,人071,@提及,2025-11-15 08:08:29.902093,1
环040,人071,@提及,2025-11-15 08:08:29.902093,1
环036,文027,群聊发言,2025-11-05 18:33:29.902093,4
文052,文064,文件分享,2025-10-25 10:08:29.902093,3
环047,文044,群聊发言,2025-11-02 00:39:29.902093,1
环078,文008,文件分享,2025-11-13 22:39:29.902093,5
文025,环021,私聊,2025-10-23 19:31:29.902093,4
人046,,群聊发言,2025-11-09 02:02:29.902093,1
环037,环084,私聊,2025-10-27 22:38:29.902093,4
人001,文025,@提及,2025-11-15 06:59:29.902093,3
文048,人048,@提及,2025-10-28 19:12:29.902093,1
环075,人084,@提及,2025-11-06 11:26:29.902093,4
环051,文094,@提及,2025-10-29 00:23:29.902093,5
环057,人066,私聊,2025-10-31 01:01:29.902093,5
环057,人066,私聊,2025-10-31 01:01:29.902093,5
人026,文065,@提及,2025-10-27 14:38:29.902093,4
人068,人042,文件分享,2025-11-12 19:34:29.902093,3
人068,人042,文件分享,2025-11-12 19:34:29.902093,3
环020,环046,群聊发言,2025-10-31 12:27:29.902093,2
文040,文009,群聊发言,2025-10-24 08:12:29.902093,4
环085,人030,群聊发言,2025-11-12 03:23:29.902093,5
文074,人086,群聊发言,2025-11-13 16:13:29.902093,3
环006,人007,群聊发言,2025-10-20 01:58:29.902093,1
环078,文034,@提及,2025-10-31 03:18:29.902093,3
文096,人013,文件分享,2025-11-01 01:33:29.902093,1
环037,环098,私聊,2025-11-08 17:07:29.902093,1
环097,文071,文件分享,2025-11-14 20:31:29.902093,2
文037,,群聊发言,2025-10-28 00:27:29.902093,4
文052,环089,群聊发言,2025-10-21 21:29:29.902093,5
人014,环068,@提及,2025-11-14 13:34:29.902093,5
环048,人070,@提及,2025-10-29 01:27:29.902093,2
环050,文015,@提及,2025-10-31 07:35:29.902093,1
环028,人079,群聊发言,2025-11-08 04:06:29.902093,3
环028,,群聊发言,2025-11-08 04:06:29.902093,3
文015,,私聊,2025-10-26 20:55:29.902093,3
文064,人020,私聊,2025-10-25 00:29:29.902093,1
文091,文096,私聊,2025-10-22 02:25:29.902093,1
文091,文096,私聊,2025-10-22 02:25:29.902093,1
文010,环020,私聊,2025-10-19 15:12:29.902093,4
文027,文069,@提及,2025-11-07 19:18:29.902093,3
人039,人004,群聊发言,2025-11-13 19:05:29.902093,4
人027,人006,私聊,2025-11-03 09:01:29.902093,4
人100,人090,@提及,2025-10-26 15:43:29.902093,1
文008,人087,文件分享,2025-10-31 07:42:29.902093,3
文089,人043,群聊发言,2025-11-07 19:51:29.902093,3
人033,文082,私聊,2025-11-11 01:38:29.902093,5
人010,人067,私聊,2025-10-25 16:39:29.902093,1
人049,环059,@提及,2025-11-08 03:05:29.902093,4
人049,环059,@提及,2025-11-08 03:05:29.902093,4
人027,文023,@提及,2025-11-17 06:08:29.902093,1
文026,环080,群聊发言,2025-10-21 01:00:29.902093,1
文009,文020,文件分享,2025-11-13 05:26:29.902093,5
环029,环078,私聊,2025-11-16 00:44:29.902093,3
人044,人090,群聊发言,2025-11-08 08:32:29.902093,4
文080,文021,@提及,2025-11-04 00:57:29.902093,2
人059,环069,群聊发言,2025-11-16 14:52:29.902093,5
人094,文071,@提及,2025-10-31 08:49:29.902093,4
人059,环100,私聊,2025-10-19 14:21:29.902093,2
环073,,@提及,2025-10-31 14:59:29.902093,5
文071,文064,私聊,2025-11-11 21:03:29.902093,3
文068,环076,@提及,2025-11-04 23:37:29.902093,3
文051,人074,@提及,2025-10-23 09:00:29.902093,5
文051,人074,@提及,2025-10-23 09:00:29.902093,5
文052,文027,私聊,2025-11-02 06:18:29.902093,4
文032,文079,文件分享,2025-10-19 21:44:29.902093,2
人077,人044,群聊发言,2025-11-16 03:14:29.902093,4
人042,文009,私聊,2025-11-13 18:35:29.902093,4
人048,文006,群聊发言,2025-11-10 19:38:29.902093,3
环071,环058,@提及,2025-10-20 21:21:29.902093,5
人038,环087,群聊发言,2025-11-15 22:10:29.902093,5
环071,环011,群聊发言,2025-11-15 05:58:29.902093,2
人077,文079,@提及,2025-10-27 23:11:29.902093,3
文034,人052,@提及,2025-11-01 00:50:29.902093,1
环091,文001,文件分享,2025-11-10 11:14:29.902093,3
人071,文043,文件分享,2025-10-28 23:56:29.902093,4
人017,人058,群聊发言,2025-11-06 03:52:29.902093,2
环036,人079,@提及,2025-11-08 09:44:29.902093,4
文066,文065,@提及,2025-11-17 15:05:29.902093,2
人053,环024,@提及,2025-11-03 01:34:29.902093,1
人027,环012,@提及,2025-10-19 01:29:29.902093,3
文026,文053,@提及,2025-11-17 14:56:29.902093,3
文029,环100,群聊发言,2025-10-29 16:41:29.902093,1
环097,环098,文件分享,2025-10-26 03:03:29.902093,2
文089,环098,私聊,2025-11-09 15:10:29.902093,5
环099,人083,群聊发言,2025-10-21 15:07:29.902093,3
文066,环079,群聊发言,2025-11-03 04:54:29.902093,2
文005,环080,群聊发言,2025-11-12 08:59:29.902093,3
人069,文049,群聊发言,2025-11-05 01:29:29.902093,1
环096,环065,@提及,2025-10-28 18:15:29.902093,4
文061,环045,群聊发言,2025-11-07 08:27:29.902093,5
环079,环004,私聊,2025-10-25 12:37:29.902093,4
环054,环002,@提及,2025-11-04 17:58:29.902093,5
环005,,私聊,2025-10-23 17:29:29.902093,3
文032,环048,@提及,2025-11-14 22:08:29.902093,2
文029,环010,@提及,2025-11-02 16:04:29.902093,3
文029,环010,@提及,2025-11-02 16:04:29.902093,3
人069,人092,@提及,2025-11-02 18:27:29.902093,1
人092,环048,文件分享,2025-11-12 12:11:29.902093,3
文021,文049,私聊,2025-11-05 05:04:29.902093,5
环049,文091,私聊,2025-11-04 05:34:29.902093,2
人013,,文件分享,2025-10-31 11:49:29.902093,4
环093,文007,群聊发言,2025-10-22 09:50:29.902093,2
人044,,群聊发言,2025-10-21 17:01:29.902093,2
文028,人072,群聊发言,2025-10-22 00:19:29.902093,5
文011,文010,私聊,2025-11-03 21:35:29.902093,3
人053,人054,@提及,2025-11-17 02:45:29.902093,3
人048,人014,私聊,2025-11-06 05:50:29.902093,3
文086,文014,群聊发言,2025-11-06 19:47:29.902093,3
环100,人004,@提及,2025-10-19 21:07:29.902093,1
环039,,私聊,2025-10-21 19:21:29.902093,2
环091,文087,群聊发言,2025-11-07 08:17:29.902093,3
环011,人016,@提及,2025-11-13 14:24:29.902093,1
环022,环065,群聊发言,2025-10-30 10:01:29.902093,4
文027,人044,私聊,2025-11-05 17:08:29.902093,2
文027,人044,私聊,2025-11-05 17:08:29.902093,2
环048,环012,群聊发言,2025-11-08 19:31:29.902093,5
人077,文078,私聊,2025-11-02 03:07:29.902093,4
文086,文095,私聊,2025-11-16 07:15:29.902093,2
文086,文095,私聊,2025-11-16 07:15:29.902093,2
人046,人045,文件分享,2025-11-07 13:14:29.902093,4
环057,环064,群聊发言,2025-10-30 17:10:29.902093,1
人072,,私聊,2025-11-08 22:08:29.902093,5
文069,人053,群聊发言,2025-11-01 20:34:29.902093,5
人083,环095,@提及,2025-11-17 11:17:29.902093,3
环035,环020,群聊发言,2025-11-06 21:23:29.902093,3
人081,环006,群聊发言,2025-11-12 17:36:29.902093,5
人081,环006,群聊发言,2025-11-12 17:36:29.902093,5
环097,人095,私聊,2025-10-27 11:52:29.902093,3
人065,人004,群聊发言,2025-10-22 18:06:29.902093,5
环040,人087,群聊发言,2025-11-13 09:13:29.902093,2
环040,人087,群聊发言,2025-11-13 09:13:29.902093,2
环034,环013,群聊发言,2025-11-07 14:14:29.902093,5
环068,文065,群聊发言,2025-11-03 03:12:29.902093,1
环068,文065,群聊发言,2025-11-03 03:12:29.902093,1
文068,文018,群聊发言,2025-10-28 19:02:29.902093,5
文068,文018,群聊发言,2025-10-28 19:02:29.902093,5
环067,文037,文件分享,2025-11-02 11:18:29.902093,1
环085,人098,文件分享,2025-11-15 13:16:29.902093,5
环025,文087,群聊发言,2025-10-22 17:14:29.902093,3
文067,环065,@提及,2025-10-29 06:11:29.902093,1
文043,环095,@提及,2025-10-22 04:11:29.902093,3
文019,文068,私聊,2025-10-28 17:55:29.902093,2
人010,,群聊发言,2025-10-23 15:41:29.902093,2
文036,人081,私聊,2025-11-02 10:23:29.902093,3
环099,文074,群聊发言,2025-11-02 10:15:29.902093,1
人018,文021,群聊发言,2025-11-09 01:05:29.902093,5
人100,环079,@提及,2025-11-09 12:54:29.902093,4
人100,,@提及,2025-11-09 12:54:29.902093,4
文004,文018,文件分享,2025-10-29 09:54:29.902093,4
环051,环049,群聊发言,2025-10-24 06:35:29.902093,5
环051,环049,群聊发言,2025-10-24 06:35:29.902093,5
人012,文052,群聊发言,2025-10-19 06:18:29.902093,2
人083,文006,@提及,2025-11-03 15:06:29.902093,3
环082,文039,@提及,2025-10-21 04:14:29.902093,4
人013,文016,@提及,2025-11-01 12:46:29.902093,1
人072,文004,@提及,2025-10-30 16:06:29.902093,4
环047,文088,群聊发言,2025-10-25 23:29:29.902093,4
环018,环082,文件分享,2025-10-24 13:15:29.902093,5
文050,文054,@提及,2025-11-16 23:54:29.902093,4
文083,文066,@提及,2025-11-07 02:56:29.902093,2
人071,环005,@提及,2025-11-08 14:30:29.902093,5
人012,环059,私聊,2025-11-03 18:35:29.902093,2
文037,文019,群聊发言,2025-10-23 14:12:29.902093,4
环062,文098,文件分享,2025-11-10 19:41:29.902093,3
人041,环009,私聊,2025-11-17 04:00:29.902093,3
环063,文022,文件分享,2025-11-17 18:51:29.902093,3
人015,文063,文件分享,2025-10-26 20:31:29.902093,1
人041,,@提及,2025-11-13 20:50:29.902093,3
人042,文083,@提及,2025-10-20 07:29:29.902093,5
人042,文083,@提及,2025-10-20 07:29:29.902093,5
环083,,@提及,2025-10-22 10:53:29.902093,1
环099,环062,群聊发言,2025-11-16 17:00:29.902093,2
人077,环064,@提及,2025-11-12 08:36:29.902093,5
人046,文012,@提及,2025-11-16 08:55:29.902093,5
人046,文012,@提及,2025-11-16 08:55:29.902093,5
人085,文008,私聊,2025-10-21 18:11:29.902093,4
环090,人024,群聊发言,2025-10-23 20:43:29.902093,1
人069,人084,@提及,2025-11-05 17:56:29.902093,1
文053,人068,私聊,2025-10-29 08:28:29.902093,4
文024,环056,私聊,2025-11-10 01:11:29.902093,4
环001,环091,群聊发言,2025-11-16 14:45:29.902093,5
人007,人079,群聊发言,2025-11-16 10:37:29.902093,3
人028,环093,群聊发言,2025-10-28 04:51:29.902093,3
环024,文046,文件分享,2025-11-03 14:31:29.902093,2
环044,环056,群聊发言,2025-10-30 23:42:29.902093,3
人092,人013,群聊发言,2025-10-20 22:49:29.902093,3
人082,文048,私聊,2025-10-31 17:32:29.902093,3
文100,人099,群聊发言,2025-11-01 04:50:29.902093,1
人023,文011,@提及,2025-10-21 20:02:29.902093,5
环090,环085,@提及,2025-11-04 06:29:29.902093,2
文065,人074,群聊发言,2025-11-15 01:47:29.902093,1
环038,人099,私聊,2025-10-26 09:37:29.902093,2
人099,文011,群聊发言,2025-10-21 19:18:29.902093,3
环040,文056,群聊发言,2025-11-11 14:45:29.902093,1
人020,人098,群聊发言,2025-11-15 06:30:29.902093,5
人020,人098,群聊发言,2025-11-15 06:30:29.902093,5
环074,人007,群聊发言,2025-11-13 23:37:29.902093,1
人085,,@提及,2025-10-27 10:46:29.902093,2
文059,文017,群聊发言,2025-10-31 07:06:29.902093,4
文059,文017,群聊发言,2025-10-31 07:06:29.902093,4
文048,文068,@提及,2025-11-13 20:02:29.902093,1
人001,人019,@提及,2025-11-16 17:04:29.902093,5
环041,环085,群聊发言,2025-11-08 19:22:29.902093,3
人070,文095,@提及,2025-10-20 20:36:29.902093,2
人047,文098,群聊发言,2025-11-15 22:01:29.902093,4
环096,环097,群聊发言,2025-11-09 11:07:29.902093,1
文092,环083,@提及,2025-11-05 13:02:29.902093,2
环008,文076,群聊发言,2025-10-24 09:12:29.902093,2
环074,,群聊发言,2025-11-10 20:59:29.902093,3
文066,人020,文件分享,2025-11-04 05:07:29.902093,2
文087,人023,群聊发言,2025-10-23 11:52:29.902093,1
文006,文046,@提及,2025-11-09 18:55:29.902093,5
人076,人009,群聊发言,2025-10-19 11:11:29.902093,4
文038,人096,@提及,2025-11-13 14:49:29.902093,1
人053,人037,私聊,2025-10-31 20:23:29.902093,3
人053,人037,私聊,2025-10-31 20:23:29.902093,3
人067,人027,文件分享,2025-11-08 09:07:29.902093,1
环052,环049,群聊发言,2025-10-24 13:03:29.902093,1
人089,环076,私聊,2025-11-12 02:33:29.902093,4
文008,环070,群聊发言,2025-10-29 05:14:29.902093,1
人034,文053,群聊发言,2025-10-26 21:56:29.902093,4
环062,文091,@提及,2025-10-21 20:31:29.902093,2
环043,人033,私聊,2025-11-02 09:57:29.902093,1
人008,文020,文件分享,2025-10-26 06:12:29.902093,1
环052,人083,私聊,2025-11-12 01:03:29.902093,2
文010,,@提及,2025-10-24 07:35:29.902093,3
环072,人036,群聊发言,2025-10-28 22:28:29.902093,1
人072,文059,@提及,2025-11-07 18:56:29.902093,1
人028,,私聊,2025-11-07 10:27:29.902093,3
文061,环018,群聊发言,2025-10-21 01:41:29.902093,1
环057,文080,@提及,2025-10-21 20:23:29.902093,1
文014,环070,群聊发言,2025-10-24 20:12:29.902093,5
文014,环070,群聊发言,2025-10-24 20:12:29.902093,5
人033,文025,私聊,2025-11-09 08:42:29.902093,3
人100,人082,私聊,2025-10-27 12:56:29.902093,3
文008,环068,文件分享,2025-11-12 03:42:29.902093,2
文064,文098,@提及,2025-11-03 16:15:29.902093,2
文064,文098,@提及,2025-11-03 16:15:29.902093,2
环056,文083,文件分享,2025-11-12 01:52:29.902093,4
人043,人018,私聊,2025-10-18 23:34:29.902093,5
人021,,@提及,2025-10-20 00:13:29.902093,3
人047,人085,群聊发言,2025-10-28 01:55:29.902093,3
文059,文041,群聊发言,2025-10-19 03:27:29.902093,4
文068,,文件分享,2025-11-12 16:17:29.902093,4
人009,人075,@提及,2025-10-31 00:13:29.902093,4
人009,人075,@提及,2025-10-31 00:13:29.902093,4
人070,文024,@提及,2025-10-23 05:27:29.902093,4
人009,环073,群聊发言,2025-11-08 04:21:29.902093,5
人028,文056,私聊,2025-10-24 01:41:29.902093,5
环084,文027,@提及,2025-10-19 04:53:29.902093,3
文009,人069,私聊,2025-11-04 16:52:29.902093,4
人096,环065,私聊,2025-10-25 00:59:29.902093,5
环039,文085,文件分享,2025-11-03 14:03:29.902093,3
人003,人038,群聊发言,2025-11-01 14:03:29.902093,3
人003,人038,群聊发言,2025-11-01 14:03:29.902093,3
文010,人021,@提及,2025-11-10 11:08:29.902093,1
环003,文098,@提及,2025-10-31 16:45:29.902093,3
环091,人100,群聊发言,2025-11-10 13:59:29.902093,2
文075,环086,群聊发言,2025-10-25 20:48:29.902093,5
人016,人084,@提及,2025-11-04 22:40:29.902093,2
环056,人033,@提及,2025-10-23 07:54:29.902093,4
环053,文052,群聊发言,2025-11-07 23:18:29.902093,1
环056,人022,私聊,2025-10-28 06:33:29.902093,5
文091,人061,@提及,2025-11-03 01:03:29.902093,4
环065,文015,@提及,2025-11-02 13:57:29.902093,3
环001,文047,群聊发言,2025-11-01 01:07:29.902093,5
文072,文047,文件分享,2025-11-14 14:13:29.902093,3
文042,环020,文件分享,2025-11-05 16:06:29.902093,3
环006,人074,群聊发言,2025-11-03 04:03:29.902093,1
文059,人027,@提及,2025-10-26 04:37:29.902093,2
文059,人027,@提及,2025-10-26 04:37:29.902093,2
人034,人050,群聊发言,2025-10-25 12:48:29.902093,5
人053,环064,群聊发言,2025-11-17 10:26:29.902093,5
人053,环064,群聊发言,2025-11-17 10:26:29.902093,5
文091,文072,群聊发言,2025-11-14 02:28:29.902093,4
人094,人061,@提及,2025-10-26 17:11:29.902093,2
环050,文010,群聊发言,2025-10-18 20:40:29.902093,4
人017,环089,@提及,2025-10-20 18:45:29.902093,5
环029,环071,@提及,2025-11-10 20:41:29.902093,5
文092,文025,@提及,2025-10-29 13:30:29.902093,3
文024,环028,私聊,2025-10-24 09:26:29.902093,5
人028,人022,@提及,2025-10-29 04:54:29.902093,1
人036,文004,@提及,2025-11-10 15:34:29.902093,5
文062,人019,私聊,2025-11-06 22:10:29.902093,2
环069,文014,群聊发言,2025-11-12 05:37:29.902093,2
文013,文012,群聊发言,2025-10-21 10:45:29.902093,2
人064,环090,群聊发言,2025-11-14 13:56:29.902093,3
文004,环023,私聊,2025-10-25 20:32:29.902093,4
人018,环066,群聊发言,2025-11-06 00:42:29.902093,2
人007,文093,群聊发言,2025-10-23 13:24:29.902093,3
环087,环065,私聊,2025-11-08 07:29:29.902093,5
环087,环065,私聊,2025-11-08 07:29:29.902093,5
文091,文046,私聊,2025-11-07 11:47:29.902093,1
文072,人031,群聊发言,2025-11-11 11:20:29.902093,3
人083,人025,群聊发言,2025-11-07 10:25:29.902093,5
人083,人025,群聊发言,2025-11-07 10:25:29.902093,5
人078,人010,文件分享,2025-11-15 13:43:29.902093,5
人093,,群聊发言,2025-10-29 02:43:29.902093,2
文082,人087,群聊发言,2025-11-16 10:32:29.902093,4
文070,环042,群聊发言,2025-10-29 16:02:29.902093,2
环047,人036,@提及,2025-11-03 13:57:29.902093,1
文040,文093,私聊,2025-11-16 03:27:29.902093,2
文063,环042,私聊,2025-10-20 11:58:29.902093,2
文037,文039,文件分享,2025-10-21 16:57:29.902093,4
人090,人024,群聊发言,2025-10-21 13:59:29.902093,1
人049,人053,文件分享,2025-10-26 10:29:29.902093,3
环079,环026,私聊,2025-11-06 08:09:29.902093,1
环058,人062,群聊发言,2025-10-29 13:12:29.902093,1
文060,人071,群聊发言,2025-10-21 01:23:29.902093,5
文022,人082,文件分享,2025-10-18 23:21:29.902093,3
环093,人029,群聊发言,2025-11-11 13:26:29.902093,5
环078,环077,私聊,2025-10-21 10:29:29.902093,2
人062,环085,私聊,2025-10-31 05:43:29.902093,5
人041,文064,私聊,2025-11-09 08:54:29.902093,5
环033,文069,群聊发言,2025-10-22 06:06:29.902093,2
人036,文098,文件分享,2025-11-16 15:27:29.902093,3
环058,人095,群聊发言,2025-10-29 06:00:29.902093,3
文088,文045,群聊发言,2025-10-23 03:30:29.902093,3
环045,,文件分享,2025-11-13 00:00:29.902093,2
人057,环071,群聊发言,2025-10-30 20:05:29.902093,4
环059,环018,私聊,2025-11-05 10:24:29.902093,1
文098,环032,@提及,2025-10-26 13:22:29.902093,1
环072,人048,私聊,2025-11-15 15:28:29.902093,3
文025,文041,群聊发言,2025-10-26 16:51:29.902093,3
文048,人017,群聊发言,2025-11-15 18:06:29.902093,4
文047,环014,@提及,2025-10-31 04:54:29.902093,1
环006,环061,群聊发言,2025-11-17 12:49:29.902093,4
环056,文015,文件分享,2025-11-12 15:14:29.902093,4
人060,人036,群聊发言,2025-10-31 23:24:29.902093,1
人060,人036,群聊发言,2025-10-31 23:24:29.902093,1
环091,人075,@提及,2025-10-20 15:06:29.902093,3
环100,文083,@提及,2025-11-16 18:23:29.902093,2
环018,环001,私聊,2025-10-27 04:42:29.902093,4
环018,,私聊,2025-10-27 04:42:29.902093,4
文073,文070,@提及,2025-11-13 13:26:29.902093,1
文073,,@提及,2025-11-13 13:26:29.902093,1
文009,文059,@提及,2025-10-19 05:22:29.902093,1
环035,文025,群聊发言,2025-10-29 08:37:29.902093,5
环069,文055,私聊,2025-11-07 11:57:29.902093,3
文041,环066,@提及,2025-11-07 21:26:29.902093,3
环082,人015,@提及,2025-11-13 00:45:29.902093,3
文009,文071,群聊发言,2025-10-30 15:11:29.902093,1
人064,人025,文件分享,2025-11-10 06:46:29.902093,2
环024,环067,群聊发言,2025-11-13 04:47:29.902093,1
人029,人038,文件分享,2025-10-27 14:30:29.902093,1
人028,文080,@提及,2025-11-11 19:51:29.902093,2
环051,环034,私聊,2025-10-23 11:21:29.902093,2
人030,文093,群聊发言,2025-11-15 09:13:29.902093,3
人030,文093,群聊发言,2025-11-15 09:13:29.902093,3
环007,人050,@提及,2025-11-10 00:47:29.902093,4
环054,人054,文件分享,2025-11-05 10:38:29.902093,1
文023,人004,@提及,2025-10-22 10:48:29.902093,5
文055,环013,群聊发言,2025-10-25 21:54:29.902093,5
人068,文057,@提及,2025-11-01 18:15:29.902093,2
人004,文005,群聊发言,2025-11-10 10:05:29.902093,1
人072,文041,群聊发言,2025-11-16 00:42:29.902093,4
文057,文033,群聊发言,2025-11-04 17:54:29.902093,2
文092,人027,私聊,2025-10-20 02:17:29.902093,1
环011,环026,@提及,2025-11-01 10:41:29.902093,1
人002,人095,私聊,2025-11-17 11:22:29.902093,4
人057,环033,群聊发言,2025-11-09 14:30:29.902093,2
环038,人077,私聊,2025-11-16 06:19:29.902093,1
环012,人066,群聊发言,2025-10-30 06:10:29.902093,1
人038,文026,群聊发言,2025-11-06 05:02:29.902093,5
文032,文007,文件分享,2025-10-21 23:05:29.902093,3
环014,,私聊,2025-11-09 08:40:29.902093,1
环068,人050,群聊发言,2025-10-24 05:35:29.902093,3
环068,人050,群聊发言,2025-10-24 05:35:29.902093,3
文057,人058,私聊,2025-11-13 17:48:29.902093,1
人099,文013,@提及,2025-11-14 00:26:29.902093,1
环024,,群聊发言,2025-10-31 07:50:29.902093,4
环028,,私聊,2025-10-26 00:38:29.902093,4
环007,文029,群聊发言,2025-10-26 05:02:29.902093,5
文053,文036,群聊发言,2025-10-26 15:51:29.902093,4
文053,文036,群聊发言,2025-10-26 15:51:29.902093,4
人037,文001,私聊,2025-10-19 23:27:29.902093,2
文066,文002,私聊,2025-10-20 14:27:29.902093,3
人055,人066,私聊,2025-11-07 02:49:29.902093,3
人074,文067,@提及,2025-11-08 15:34:29.902093,5
人098,,群聊发言,2025-11-07 17:46:29.902093,3
文011,文022,@提及,2025-11-03 23:08:29.902093,4
文042,人053,群聊发言,2025-10-28 12:26:29.902093,1
人002,人086,私聊,2025-10-22 16:58:29.902093,4
人092,人053,私聊,2025-11-15 13:09:29.902093,4
文070,环070,文件分享,2025-10-30 10:49:29.902093,3
人023,文072,私聊,2025-10-26 03:23:29.902093,4
人023,文072,私聊,2025-10-26 03:23:29.902093,4
环051,文019,私聊,2025-10-19 15:27:29.902093,3
环032,人078,私聊,2025-11-04 15:00:29.902093,1
文003,环006,文件分享,2025-10-30 02:41:29.902093,5
文019,环009,群聊发言,2025-11-09 07:30:29.902093,4
文094,人021,@提及,2025-10-28 03:34:29.902093,1
人002,环087,群聊发言,2025-10-28 01:51:29.902093,1
环091,文090,群聊发言,2025-11-04 00:49:29.902093,2
文068,,@提及,2025-10-21 11:05:29.902093,3
文048,环022,私聊,2025-11-15 00:29:29.902093,5
环081,文008,@提及,2025-11-06 08:59:29.902093,2
环081,文008,@提及,2025-11-06 08:59:29.902093,2
文059,文046,@提及,2025-10-22 10:55:29.902093,4
环018,文075,群聊发言,2025-10-22 10:44:29.902093,1
文026,人028,文件分享,2025-11-03 19:30:29.902093,1
文045,人040,群聊发言,2025-10-30 00:13:29.902093,1
人051,文009,@提及,2025-10-26 08:20:29.902093,4
人051,文009,@提及,2025-10-26 08:20:29.902093,4
人049,人026,@提及,2025-11-14 00:25:29.902093,4
人049,人026,@提及,2025-11-14 00:25:29.902093,4
文097,人024,群聊发言,2025-11-07 01:59:29.902093,1
文097,人024,群聊发言,2025-11-07 01:59:29.902093,1
人077,人056,@提及,2025-11-16 21:19:29.902093,4
人036,环014,私聊,2025-10-29 09:19:29.902093,3
文068,文017,群聊发言,2025-10-27 11:55:29.902093,3
文021,文009,群聊发言,2025-10-19 05:22:29.902093,2
文041,环060,群聊发言,2025-11-06 07:47:29.902093,2
文027,文063,私聊,2025-10-31 17:20:29.902093,1
人099,环086,文件分享,2025-11-07 10:41:29.902093,1
环092,环036,群聊发言,2025-11-15 16:55:29.902093,1
人041,人055,私聊,2025-11-04 23:04:29.902093,3
环089,环044,@提及,2025-11-14 01:57:29.902093,2
环087,人026,私聊,2025-10-28 23:33:29.902093,3
人078,人049,@提及,2025-11-04 02:01:29.902093,2
文011,文090,群聊发言,2025-10-29 02:43:29.902093,3
文062,文039,私聊,2025-11-01 22:04:29.902093,1
文062,文039,私聊,2025-11-01 22:04:29.902093,1
人074,环077,群聊发言,2025-10-31 19:05:29.902093,4
人081,环035,群聊发言,2025-11-10 23:56:29.902093,5
文095,文082,群聊发言,2025-10-25 05:28:29.902093,4
环025,文090,群聊发言,2025-10-20 01:06:29.902093,5
文044,人055,@提及,2025-11-03 17:30:29.902093,3
文045,人011,群聊发言,2025-10-24 15:23:29.902093,5
环063,环079,群聊发言,2025-11-08 10:45:29.902093,3
文060,文005,@提及,2025-10-23 14:20:29.902093,1
环087,人050,私聊,2025-11-10 20:29:29.902093,3
人071,文086,群聊发言,2025-10-22 21:29:29.902093,1
人032,环082,群聊发言,2025-11-08 17:00:29.902093,4
文051,人007,@提及,2025-10-25 00:23:29.902093,3
环044,人057,群聊发言,2025-10-23 04:47:29.902093,1
人037,文066,私聊,2025-11-05 13:10:29.902093,2
环074,环013,私聊,2025-11-10 06:55:29.902093,1
环091,文069,群聊发言,2025-10-20 10:18:29.902093,2
人041,人002,@提及,2025-11-06 06:38:29.902093,1
环072,环065,群聊发言,2025-10-23 14:13:29.902093,4
环002,环053,群聊发言,2025-11-11 12:57:29.902093,4
环002,环053,群聊发言,2025-11-11 12:57:29.902093,4
文072,,私聊,2025-10-22 13:35:29.902093,2
文094,,@提及,2025-10-26 09:31:29.902093,4
人036,人006,群聊发言,2025-11-09 02:22:29.902093,5
文094,人001,私聊,2025-10-23 16:46:29.902093,4
文040,人061,私聊,2025-11-14 02:31:29.902093,3
文042,文017,@提及,2025-11-11 11:15:29.902093,4
人072,文003,群聊发言,2025-10-25 19:58:29.902093,2
文006,人082,@提及,2025-11-13 09:21:29.902093,1
环094,文053,群聊发言,2025-10-23 09:50:29.902093,4
环077,人065,文件分享,2025-11-16 23:30:29.902093,3
人040,人018,群聊发言,2025-11-08 10:29:29.902093,3
人083,文085,群聊发言,2025-11-16 03:11:29.902093,1
人066,文040,文件分享,2025-10-22 23:01:29.902093,5
文019,环076,群聊发言,2025-11-13 22:55:29.902093,4
文007,人019,@提及,2025-11-07 16:44:29.902093,2
人036,环081,文件分享,2025-11-06 02:40:29.902093,3
环026,人004,群聊发言,2025-10-27 15:37:29.902093,4
环056,文089,群聊发言,2025-11-13 07:43:29.902093,5
环045,人098,文件分享,2025-10-31 11:20:29.902093,4
环045,人098,文件分享,2025-10-31 11:20:29.902093,4
环004,文019,群聊发言,2025-11-17 05:24:29.902093,5
文043,文031,@提及,2025-11-06 20:52:29.902093,4
文043,文031,@提及,2025-11-06 20:52:29.902093,4
环023,人054,@提及,2025-10-21 05:35:29.902093,1
文019,,群聊发言,2025-10-19 19:32:29.902093,1
人001,人033,群聊发言,2025-11-03 13:23:29.902093,2
环028,环031,群聊发言,2025-10-23 13:02:29.902093,2
文001,环018,@提及,2025-11-02 14:50:29.902093,1
人052,文070,群聊发言,2025-10-28 15:42:29.902093,1
环090,文097,群聊发言,2025-10-23 16:01:29.902093,1
环011,,私聊,2025-10-27 22:52:29.902093,3
文020,文015,@提及,2025-11-14 11:31:29.902093,1
环076,人062,@提及,2025-10-19 21:56:29.902093,4
文052,文094,@提及,2025-10-23 07:32:29.902093,1
环027,人004,群聊发言,2025-11-12 23:56:29.902093,4
人022,文067,私聊,2025-11-13 16:53:29.902093,5
文062,人060,文件分享,2025-11-11 00:48:29.902093,4
文035,环095,@提及,2025-11-10 17:16:29.902093,1
人066,文042,私聊,2025-11-14 07:09:29.902093,1
人066,文042,私聊,2025-11-14 07:09:29.902093,1
文008,人025,文件分享,2025-10-21 12:45:29.902093,3
人080,环038,@提及,2025-11-01 20:46:29.902093,5
文096,环048,@提及,2025-11-03 13:47:29.902093,5
人061,环076,文件分享,2025-11-04 01:30:29.902093,3
人052,文014,@提及,2025-10-23 05:31:29.902093,2
人052,环037,私聊,2025-10-27 13:11:29.902093,2
文048,文099,群聊发言,2025-11-07 19:07:29.902093,5
环089,环054,群聊发言,2025-11-02 22:00:29.902093,5
文024,,@提及,2025-11-10 10:23:29.902093,2
人062,人034,私聊,2025-11-11 00:57:29.902093,4
文046,文093,群聊发言,2025-10-24 02:54:29.902093,1
文005,人034,@提及,2025-11-14 03:46:29.902093,3
环024,,@提及,2025-11-09 09:20:29.902093,4
文003,环008,@提及,2025-10-24 02:02:29.902093,1
人018,环016,群聊发言,2025-11-06 09:36:29.902093,5
人022,文048,文件分享,2025-10-25 12:17:29.902093,4
人083,人002,@提及,2025-11-09 20:49:29.902093,4
文059,环024,文件分享,2025-11-09 10:26:29.902093,1
人083,文015,私聊,2025-11-06 09:10:29.902093,5
人057,人098,群聊发言,2025-11-04 21:06:29.902093,5
人011,环069,@提及,2025-11-16 23:28:29.902093,4
文099,文096,群聊发言,2025-10-23 18:26:29.902093,1
人078,人038,@提及,2025-11-11 21:23:29.902093,5
环015,环086,@提及,2025-10-20 12:30:29.902093,5
人069,环095,私聊,2025-11-06 15:51:29.902093,3
人067,环004,群聊发言,2025-10-26 06:28:29.902093,4
环051,人099,@提及,2025-10-19 06:27:29.902093,1
文007,环037,群聊发言,2025-10-22 01:04:29.902093,4
文100,环025,私聊,2025-11-02 10:12:29.902093,5
环069,环098,@提及,2025-10-30 23:59:29.902093,1
环040,人098,群聊发言,2025-10-20 04:56:29.902093,4
人031,文075,群聊发言,2025-11-10 06:35:29.902093,5
人031,,群聊发言,2025-11-10 06:35:29.902093,5
人008,人013,文件分享,2025-10-31 21:35:29.902093,2
环032,人016,私聊,2025-11-08 01:24:29.902093,1
人093,文082,文件分享,2025-10-29 07:50:29.902093,5
文068,人037,私聊,2025-11-06 05:41:29.902093,1
环016,人022,群聊发言,2025-10-22 00:24:29.902093,4
人033,环078,群聊发言,2025-11-03 18:00:29.902093,3
人033,环078,群聊发言,2025-11-03 18:00:29.902093,3
文011,,私聊,2025-11-11 19:11:29.902093,5
人078,环064,群聊发言,2025-11-12 14:57:29.902093,3
环036,文051,群聊发言,2025-11-01 07:10:29.902093,5
文009,人044,群聊发言,2025-11-05 16:06:29.902093,1
环038,文094,群聊发言,2025-11-08 17:37:29.902093,5
环061,文055,群聊发言,2025-10-27 12:14:29.902093,4
人021,环089,文件分享,2025-10-31 04:07:29.902093,3
文068,人099,群聊发言,2025-11-01 03:34:29.902093,5
文068,,群聊发言,2025-11-01 03:34:29.902093,5
文040,人024,群聊发言,2025-10-26 02:07:29.902093,5
文003,环034,@提及,2025-10-23 17:13:29.902093,3
文007,文044,@提及,2025-10-20 07:51:29.902093,1
环032,文017,@提及,2025-10-19 13:33:29.902093,2
文069,人001,@提及,2025-10-22 23:06:29.902093,4
人048,人084,@提及,2025-11-06 03:08:29.902093,5
文072,文025,群聊发言,2025-10-22 13:41:29.902093,1
环032,文006,@提及,2025-10-30 06:49:29.902093,4
环007,环094,群聊发言,2025-11-08 02:13:29.902093,5
环090,人083,群聊发言,2025-11-05 12:12:29.902093,4
环008,文043,@提及,2025-11-05 17:21:29.902093,5
环010,文091,群聊发言,2025-11-11 14:33:29.902093,2
人093,人038,@提及,2025-10-21 21:54:29.902093,1
环015,人045,@提及,2025-10-26 13:43:29.902093,1
人035,,私聊,2025-11-10 19:08:29.902093,2
文008,环098,群聊发言,2025-11-11 01:14:29.902093,5
环095,人001,文件分享,2025-11-17 19:39:29.902093,3
环021,人026,私聊,2025-11-10 10:28:29.902093,3
文008,环048,@提及,2025-10-31 11:07:29.902093,5
文092,人003,@提及,2025-11-06 18:07:29.902093,5
人038,文033,群聊发言,2025-10-25 01:39:29.902093,4
人076,人034,群聊发言,2025-11-11 16:45:29.902093,1
人069,人094,群聊发言,2025-11-06 15:23:29.902093,5
环026,环042,@提及,2025-11-09 19:17:29.902093,3
环089,环064,群聊发言,2025-11-03 07:12:29.902093,3
环046,,私聊,2025-11-06 14:16:29.902093,3
环037,人010,文件分享,2025-10-22 20:13:29.902093,5
文059,文044,@提及,2025-11-15 19:10:29.902093,4
文096,人001,@提及,2025-11-16 17:13:29.902093,2
环086,环022,@提及,2025-10-27 03:41:29.902093,1
环012,环004,群聊发言,2025-10-24 15:52:29.902093,4
文024,人065,@提及,2025-11-03 05:11:29.902093,2
人097,,@提及,2025-10-30 09:17:29.902093,2
人086,人030,@提及,2025-11-15 22:13:29.902093,4
文011,人080,私聊,2025-11-08 22:52:29.902093,3
文078,人072,@提及,2025-10-23 15:35:29.902093,3
文032,环016,群聊发言,2025-11-11 03:52:29.902093,4
人098,人005,私聊,2025-11-09 01:13:29.902093,4
文020,文053,@提及,2025-10-23 15:58:29.902093,1
人047,人087,@提及,2025-11-12 22:25:29.902093,2
人093,人098,@提及,2025-11-12 03:29:29.902093,4
文010,文084,群聊发言,2025-11-15 18:17:29.902093,5
文040,人060,@提及,2025-11-05 12:47:29.902093,4
文091,文004,@提及,2025-11-10 03:53:29.902093,2
文078,文006,@提及,2025-11-02 20:23:29.902093,1
文026,文066,文件分享,2025-11-01 06:11:29.902093,1
文055,人100,私聊,2025-10-28 10:34:29.902093,5
文055,人100,私聊,2025-10-28 10:34:29.902093,5
环099,环034,群聊发言,2025-11-03 17:21:29.902093,2
人008,文038,@提及,2025-11-04 01:29:29.902093,4
环018,环075,@提及,2025-11-08 13:34:29.902093,1
人043,文091,群聊发言,2025-11-08 15:15:29.902093,3
环061,环060,文件分享,2025-11-05 02:13:29.902093,1
文027,人016,文件分享,2025-10-30 14:57:29.902093,1
文055,文019,私聊,2025-10-19 02:09:29.902093,1
环015,文012,私聊,2025-10-22 07:41:29.902093,1
环043,文034,群聊发言,2025-11-09 21:08:29.902093,5
人068,文047,群聊发言,2025-11-09 03:24:29.902093,2
人011,文006,@提及,2025-10-19 06:06:29.902093,4
环045,文053,私聊,2025-11-17 19:43:29.902093,5
人099,文062,@提及,2025-11-08 04:18:29.902093,1
文095,文030,群聊发言,2025-10-23 15:54:29.902093,2
文066,文087,群聊发言,2025-10-26 01:11:29.902093,5
文046,人086,群聊发言,2025-10-27 16:31:29.902093,5
文046,人086,群聊发言,2025-10-27 16:31:29.902093,5
文075,人057,@提及,2025-11-10 19:59:29.902093,4
文011,人040,@提及,2025-10-24 12:02:29.902093,1
人006,人095,群聊发言,2025-10-20 14:19:29.902093,1
文033,人003,@提及,2025-10-19 20:24:29.902093,3
文039,文060,文件分享,2025-11-06 19:53:29.902093,2
环073,文050,群聊发言,2025-11-01 18:07:29.902093,1
人075,人032,@提及,2025-11-09 10:41:29.902093,2
人075,人032,@提及,2025-11-09 10:41:29.902093,2
环012,文015,@提及,2025-10-21 22:11:29.902093,5
人063,文022,群聊发言,2025-11-13 21:03:29.902093,1
人063,文022,群聊发言,2025-11-13 21:03:29.902093,1
环075,文004,私聊,2025-11-17 15:03:29.902093,5
文086,文023,群聊发言,2025-11-12 01:59:29.902093,2
人086,环023,@提及,2025-10-20 12:27:29.902093,1
人086,环023,@提及,2025-10-20 12:27:29.902093,1
人060,,@提及,2025-11-09 10:39:29.902093,1
环024,环017,群聊发言,2025-11-10 04:14:29.902093,2
人049,人089,@提及,2025-11-09 00:57:29.902093,1
人016,环042,@提及,2025-10-28 02:23:29.902093,4
人095,文061,私聊,2025-10-18 22:56:29.902093,2
人086,文049,@提及,2025-10-20 17:10:29.902093,4
文009,环035,@提及,2025-11-07 20:52:29.902093,5
环048,文045,文件分享,2025-10-30 15:27:29.902093,4
文007,人058,@提及,2025-11-05 04:32:29.902093,5
人004,文090,群聊发言,2025-10-21 18:59:29.902093,1
文047,人052,群聊发言,2025-11-16 00:00:29.902093,2
人005,环069,@提及,2025-10-28 21:51:29.902093,5
文082,文007,@提及,2025-11-11 08:24:29.902093,5
人018,环065,私聊,2025-11-02 03:20:29.902093,5
人046,环013,群聊发言,2025-11-06 21:19:29.902093,1
人060,人031,群聊发言,2025-11-02 10:53:29.902093,3
人060,人031,群聊发言,2025-11-02 10:53:29.902093,3
人092,文076,文件分享,2025-11-17 03:34:29.902093,1
环081,文016,@提及,2025-10-23 09:33:29.902093,1
文005,文020,@提及,2025-10-29 05:24:29.902093,3
环020,环046,群聊发言,2025-10-29 18:59:29.902093,2
人027,人072,@提及,2025-11-16 08:03:29.902093,5
人056,人066,私聊,2025-11-12 00:50:29.902093,4
人056,人066,私聊,2025-11-12 00:50:29.902093,4
人089,文038,群聊发言,2025-11-13 21:10:29.902093,4
人047,人048,@提及,2025-11-03 20:05:29.902093,1
人062,文079,@提及,2025-11-13 00:20:29.902093,4
文064,文087,@提及,2025-11-01 18:43:29.902093,1
人014,,私聊,2025-10-27 19:47:29.902093,1
人040,环051,@提及,2025-11-04 08:23:29.902093,4
人098,环041,群聊发言,2025-10-24 22:39:29.902093,1
人072,人035,群聊发言,2025-11-06 03:01:29.902093,2
文086,文015,私聊,2025-10-21 20:21:29.902093,3
环080,人064,文件分享,2025-11-02 23:13:29.902093,1
环049,环006,群聊发言,2025-10-26 15:41:29.902093,5
环049,环006,群聊发言,2025-10-26 15:41:29.902093,5
环009,文042,@提及,2025-11-08 16:39:29.902093,4
环009,文042,@提及,2025-11-08 16:39:29.902093,4
环094,人053,文件分享,2025-11-16 21:33:29.902093,1
环079,人032,私聊,2025-10-28 13:31:29.902093,1
环013,文077,私聊,2025-10-29 14:09:29.902093,2
环013,文077,私聊,2025-10-29 14:09:29.902093,2
人031,人094,@提及,2025-11-07 21:35:29.902093,2
人002,文076,@提及,2025-10-23 08:06:29.902093,2
人067,文005,文件分享,2025-11-09 13:50:29.902093,5
环075,人011,私聊,2025-11-17 11:36:29.902093,4
文042,环090,文件分享,2025-11-04 16:09:29.902093,4
文096,环056,文件分享,2025-11-01 22:45:29.902093,3
环009,环070,@提及,2025-10-22 06:35:29.902093,4
文007,人019,群聊发言,2025-11-07 06:57:29.902093,3
文053,文033,群聊发言,2025-11-13 10:32:29.902093,5
文032,环076,私聊,2025-10-27 20:16:29.902093,4
文059,文075,群聊发言,2025-10-26 06:29:29.902093,2
文037,环098,@提及,2025-10-29 23:42:29.902093,3
人054,文019,文件分享,2025-10-23 03:21:29.902093,2
文031,环080,@提及,2025-11-11 20:04:29.902093,4
人065,人016,@提及,2025-10-19 00:20:29.902093,1
环055,环049,@提及,2025-10-27 01:05:29.902093,5
文046,人023,@提及,2025-11-03 10:55:29.902093,3
文046,人023,@提及,2025-11-03 10:55:29.902093,3
人065,人090,@提及,2025-10-31 11:23:29.902093,2
人002,环086,私聊,2025-11-15 02:57:29.902093,1
人033,环081,群聊发言,2025-11-05 14:38:29.902093,1
环009,人054,群聊发言,2025-10-28 21:02:29.902093,5
文027,文043,@提及,2025-11-04 01:07:29.902093,1
文027,文043,@提及,2025-11-04 01:07:29.902093,1
人044,文094,私聊,2025-10-18 22:14:29.902093,5
环009,环048,群聊发言,2025-11-08 20:42:29.902093,3
环009,环048,群聊发言,2025-11-08 20:42:29.902093,3
文099,文022,@提及,2025-11-03 09:58:29.902093,4
文019,文033,文件分享,2025-10-20 20:20:29.902093,1
文019,文033,文件分享,2025-10-20 20:20:29.902093,1
人058,文019,@提及,2025-10-29 15:24:29.902093,3
环084,文047,群聊发言,2025-11-04 21:50:29.902093,2
文093,环027,群聊发言,2025-11-10 01:32:29.902093,3
人067,文041,文件分享,2025-11-02 15:00:29.902093,4
人047,文097,群聊发言,2025-11-04 11:24:29.902093,2
人047,文097,群聊发言,2025-11-04 11:24:29.902093,2
环009,环062,文件分享,2025-11-11 12:32:29.902093,3
环078,人064,私聊,2025-10-31 07:59:29.902093,3
文005,环069,文件分享,2025-11-10 04:20:29.902093,2
文005,环069,文件分享,2025-11-10 04:20:29.902093,2
人017,人088,群聊发言,2025-11-15 10:31:29.902093,4
文026,人080,群聊发言,2025-11-14 01:21:29.902093,4
文026,人080,群聊发言,2025-11-14 01:21:29.902093,4
文033,环087,@提及,2025-11-06 02:46:29.902093,3
人014,文005,群聊发言,2025-11-06 05:46:29.902093,3
人014,文005,群聊发言,2025-11-06 05:46:29.902093,3
人071,人049,@提及,2025-11-07 06:17:29.902093,5
人054,环001,群聊发言,2025-11-14 19:59:29.902093,5
人019,环002,群聊发言,2025-10-26 11:53:29.902093,3
文014,文080,群聊发言,2025-11-12 13:39:29.902093,1
文010,环062,@提及,2025-10-28 05:11:29.902093,3
环041,环009,私聊,2025-11-10 15:00:29.902093,4
环072,人027,@提及,2025-10-30 11:45:29.902093,2
文074,环096,群聊发言,2025-10-29 07:09:29.902093,2
文039,人071,@提及,2025-11-14 01:55:29.902093,5
环015,环012,@提及,2025-11-10 07:10:29.902093,3
人086,文061,群聊发言,2025-10-21 07:31:29.902093,4
环088,人008,群聊发言,2025-11-08 06:12:29.902093,2
人096,人067,@提及,2025-11-12 11:58:29.902093,5
环077,人082,私聊,2025-11-17 00:56:29.902093,3
环076,文046,群聊发言,2025-11-15 12:47:29.902093,2
人046,环098,群聊发言,2025-10-20 06:49:29.902093,3
环025,环043,群聊发言,2025-10-23 08:11:29.902093,1
环025,环043,群聊发言,2025-10-23 08:11:29.902093,1
环005,人054,@提及,2025-11-06 07:09:29.902093,5
人029,人018,群聊发言,2025-11-05 17:43:29.902093,1
环081,人057,私聊,2025-11-15 00:54:29.902093,1
文038,文084,私聊,2025-11-10 16:20:29.902093,2
环029,环011,群聊发言,2025-11-09 19:25:29.902093,4
环100,人086,私聊,2025-11-05 05:33:29.902093,5
文005,人027,私聊,2025-11-16 16:05:29.902093,3
环038,人089,@提及,2025-10-27 16:31:29.902093,2
环066,环056,@提及,2025-10-29 13:15:29.902093,4
环073,人001,私聊,2025-10-29 17:13:29.902093,3
环079,文029,群聊发言,2025-10-19 13:03:29.902093,4
环067,人064,@提及,2025-11-07 15:48:29.902093,1
人009,文094,群聊发言,2025-11-15 22:13:29.902093,4
人090,文047,@提及,2025-11-07 21:56:29.902093,5
文073,人062,群聊发言,2025-10-27 09:26:29.902093,4
环082,环046,群聊发言,2025-10-23 18:08:29.902093,1
环089,文081,群聊发言,2025-11-04 15:19:29.902093,2
文055,人018,私聊,2025-10-21 11:54:29.902093,1
文055,人018,私聊,2025-10-21 11:54:29.902093,1
文041,环037,@提及,2025-11-03 17:08:29.902093,5
环018,文014,群聊发言,2025-11-15 19:09:29.902093,5
文085,文042,@提及,2025-10-26 00:40:29.902093,5
文068,人079,@提及,2025-10-30 21:52:29.902093,5
人061,环083,@提及,2025-10-29 15:09:29.902093,5
文031,环019,群聊发言,2025-10-21 00:40:29.902093,1
环076,文069,私聊,2025-11-14 05:50:29.902093,2
环003,环011,群聊发言,2025-11-08 08:47:29.902093,2
环003,环011,群聊发言,2025-11-08 08:47:29.902093,2
人084,人028,群聊发言,2025-10-28 09:44:29.902093,4
人084,人028,群聊发言,2025-10-28 09:44:29.902093,4
人048,人004,文件分享,2025-11-15 11:16:29.902093,1
文100,文080,群聊发言,2025-10-19 02:31:29.902093,5
人042,文077,@提及,2025-10-30 14:35:29.902093,3
文043,人009,群聊发言,2025-11-13 08:42:29.902093,5
文089,人026,@提及,2025-11-05 11:32:29.902093,3
人012,人004,群聊发言,2025-10-22 08:12:29.902093,1
人081,人027,群聊发言,2025-10-19 22:26:29.902093,3
人026,文095,文件分享,2025-10-18 22:03:29.902093,2
文066,环071,文件分享,2025-11-02 01:32:29.902093,3
环081,环099,@提及,2025-10-25 16:32:29.902093,4
人061,人071,私聊,2025-11-08 17:53:29.902093,2
文007,文086,群聊发言,2025-10-31 21:30:29.902093,3
环047,,@提及,2025-11-05 12:24:29.902093,5
环037,文032,群聊发言,2025-11-01 23:51:29.902093,5
人066,环085,@提及,2025-10-28 10:32:29.902093,1
人066,环085,@提及,2025-10-28 10:32:29.902093,1
文083,人093,@提及,2025-10-29 06:13:29.902093,1
人052,文031,群聊发言,2025-11-13 11:19:29.902093,3
人089,文027,群聊发言,2025-11-04 05:18:29.902093,1
人042,文017,私聊,2025-11-16 09:27:29.902093,4
人011,人014,@提及,2025-10-27 16:10:29.902093,2
环024,文033,@提及,2025-11-13 23:27:29.902093,4
环060,文078,群聊发言,2025-11-14 15:38:29.902093,5
人027,文046,@提及,2025-10-19 06:11:29.902093,3
文078,环028,@提及,2025-11-01 20:30:29.902093,4
文078,环028,@提及,2025-11-01 20:30:29.902093,4
环009,,群聊发言,2025-11-14 04:50:29.902093,2
人034,文014,@提及,2025-11-14 00:14:29.902093,5
环075,人031,私聊,2025-11-17 00:43:29.902093,2
文084,文060,群聊发言,2025-10-30 13:23:29.902093,3
人045,环004,群聊发言,2025-11-12 16:27:29.902093,5
环037,人082,群聊发言,2025-10-24 13:23:29.902093,1
文073,人014,群聊发言,2025-11-14 03:15:29.902093,1
文010,人066,私聊,2025-11-13 10:13:29.902093,1
环011,环071,@提及,2025-10-25 04:51:29.902093,5
文092,人068,群聊发言,2025-11-03 15:35:29.902093,5
文036,文045,文件分享,2025-10-22 15:15:29.902093,4
环053,,群聊发言,2025-10-31 13:35:29.902093,2
环082,文059,群聊发言,2025-11-08 10:22:29.902093,3
人016,环093,群聊发言,2025-11-10 19:50:29.902093,2
环080,环093,群聊发言,2025-11-08 12:40:29.902093,5
环010,,群聊发言,2025-10-28 04:49:29.902093,2
人064,人020,群聊发言,2025-10-21 22:09:29.902093,2
环010,环031,@提及,2025-11-16 14:37:29.902093,2
文072,环040,@提及,2025-11-14 19:08:29.902093,3
环074,人002,群聊发言,2025-10-26 23:07:29.902093,2
人075,环032,文件分享,2025-11-07 21:00:29.902093,2
文037,文050,群聊发言,2025-10-29 00:57:29.902093,1
人026,人012,群聊发言,2025-11-14 01:49:29.902093,1
环090,文079,@提及,2025-11-09 18:00:29.902093,5
文028,环061,@提及,2025-10-22 04:12:29.902093,4
人016,环032,私聊,2025-11-06 09:21:29.902093,1
文046,环012,群聊发言,2025-11-07 17:30:29.902093,4
环100,人001,群聊发言,2025-11-01 14:19:29.902093,3
环036,人047,@提及,2025-11-06 06:30:29.902093,2
文090,环011,@提及,2025-11-13 06:11:29.902093,4
环064,文025,@提及,2025-11-09 09:55:29.902093,3
环046,文074,@提及,2025-11-12 01:04:29.902093,3
环091,文037,群聊发言,2025-10-26 03:55:29.902093,4
人062,人076,群聊发言,2025-10-30 14:57:29.902093,1
人022,环004,@提及,2025-10-22 20:06:29.902093,4
环044,文002,@提及,2025-11-11 04:56:29.902093,1
文080,文063,群聊发言,2025-10-25 15:08:29.902093,5
环077,环036,群聊发言,2025-10-27 19:58:29.902093,2
人007,环044,私聊,2025-11-08 00:40:29.902093,1
人007,环044,私聊,2025-11-08 00:40:29.902093,1
环051,文072,@提及,2025-11-07 16:33:29.902093,5
人057,环090,群聊发言,2025-11-15 18:22:29.902093,2
环065,人020,私聊,2025-10-31 21:03:29.902093,3
人007,人075,私聊,2025-11-17 04:43:29.902093,5
文089,人004,私聊,2025-10-20 07:43:29.902093,4
文033,人055,文件分享,2025-11-15 23:14:29.902093,4
文032,文097,群聊发言,2025-10-28 15:32:29.902093,2
文071,文011,群聊发言,2025-11-10 14:19:29.902093,2
人056,人015,文件分享,2025-10-23 07:45:29.902093,5
环083,文023,@提及,2025-11-06 06:42:29.902093,1
环070,环088,@提及,2025-11-05 16:54:29.902093,4
人100,环062,@提及,2025-11-09 12:44:29.902093,3
文035,人013,私聊,2025-11-02 12:42:29.902093,3
文025,人072,群聊发言,2025-10-23 21:17:29.902093,5
文053,文059,群聊发言,2025-10-27 12:40:29.902093,5
环030,文090,私聊,2025-11-13 00:19:29.902093,1
文010,环020,@提及,2025-10-21 19:59:29.902093,5
文024,环036,@提及,2025-11-01 15:18:29.902093,4
环067,人003,群聊发言,2025-10-26 23:32:29.902093,2
文044,,私聊,2025-11-04 16:33:29.902093,3
环089,文005,@提及,2025-10-19 16:52:29.902093,1
文048,环068,@提及,2025-10-26 08:23:29.902093,5
文099,人004,群聊发言,2025-10-19 22:20:29.902093,3
环097,人071,群聊发言,2025-10-23 14:50:29.902093,5
环086,文098,私聊,2025-11-13 17:45:29.902093,2
文052,人067,@提及,2025-11-12 18:51:29.902093,3
环093,环009,文件分享,2025-11-04 20:00:29.902093,3
环057,文060,私聊,2025-11-06 21:16:29.902093,4
文016,人017,群聊发言,2025-11-15 18:22:29.902093,5
环030,文013,私聊,2025-10-25 02:17:29.902093,5
环017,环040,群聊发言,2025-11-03 05:27:29.902093,2
环017,环031,文件分享,2025-11-15 07:19:29.902093,3
环017,环031,文件分享,2025-11-15 07:19:29.902093,3
人060,人100,文件分享,2025-10-28 04:50:29.902093,1
人041,人009,群聊发言,2025-10-19 11:31:29.902093,5
人045,人085,私聊,2025-11-12 14:28:29.902093,5
人024,人013,群聊发言,2025-10-26 08:10:29.902093,5
人024,人013,群聊发言,2025-10-26 08:10:29.902093,5
文035,环089,群聊发言,2025-11-05 11:04:29.902093,4
人070,环024,私聊,2025-10-20 07:34:29.902093,3
环010,人011,@提及,2025-10-24 04:09:29.902093,1
环010,人011,@提及,2025-10-24 04:09:29.902093,1
环044,人083,私聊,2025-11-10 18:35:29.902093,3
环020,文091,群聊发言,2025-10-31 06:12:29.902093,5
环020,文091,群聊发言,2025-10-31 06:12:29.902093,5
文053,,群聊发言,2025-10-29 13:24:29.902093,1
环056,文063,@提及,2025-11-02 12:16:29.902093,1
人062,文041,群聊发言,2025-11-03 02:25:29.902093,3
文095,人039,群聊发言,2025-11-05 07:50:29.902093,5
环050,环090,私聊,2025-11-12 19:07:29.902093,1
人006,人100,私聊,2025-11-13 01:57:29.902093,1
文039,人027,群聊发言,2025-11-10 08:45:29.902093,5
文058,环023,群聊发言,2025-10-19 12:16:29.902093,3
人025,环061,@提及,2025-11-06 09:26:29.902093,2
人025,环061,@提及,2025-11-06 09:26:29.902093,2
人043,人091,私聊,2025-10-29 02:10:29.902093,4
人043,人091,私聊,2025-10-29 02:10:29.902093,4
人082,,文件分享,2025-11-11 21:22:29.902093,3
文063,文029,文件分享,2025-11-03 07:16:29.902093,5
环018,环038,群聊发言,2025-10-20 12:27:29.902093,2
人041,文030,群聊发言,2025-11-13 08:47:29.902093,1
人051,人002,群聊发言,2025-11-03 09:40:29.902093,5
人051,人002,群聊发言,2025-11-03 09:40:29.902093,5
环030,人010,@提及,2025-10-26 22:07:29.902093,3
环092,人070,@提及,2025-11-11 12:43:29.902093,4
环049,环080,@提及,2025-11-08 20:50:29.902093,3
文054,环048,私聊,2025-11-09 22:00:29.902093,2
环040,人035,@提及,2025-10-26 16:59:29.902093,2
人007,人041,群聊发言,2025-10-21 04:44:29.902093,1
文011,文022,群聊发言,2025-10-26 14:59:29.902093,4
文008,文045,群聊发言,2025-11-09 21:17:29.902093,5
人099,人055,@提及,2025-11-07 02:29:29.902093,2
文061,文080,@提及,2025-10-22 14:18:29.902093,4
人006,环007,私聊,2025-11-08 00:49:29.902093,5
环092,文012,@提及,2025-11-01 18:51:29.902093,3
人079,文075,私聊,2025-10-27 20:50:29.902093,1
环041,环097,群聊发言,2025-10-22 11:10:29.902093,2
人048,人075,群聊发言,2025-11-02 19:53:29.902093,3
文053,文007,@提及,2025-11-09 15:56:29.902093,4
文035,环013,@提及,2025-11-14 03:08:29.902093,3
环087,文043,@提及,2025-11-05 21:06:29.902093,4
环022,,群聊发言,2025-10-25 14:48:29.902093,4
环016,文015,@提及,2025-10-27 03:02:29.902093,2
文053,人099,群聊发言,2025-11-03 05:48:29.902093,3
文035,文063,@提及,2025-11-08 14:13:29.902093,5
文100,文081,@提及,2025-11-04 19:55:29.902093,5
环019,人018,@提及,2025-10-20 19:14:29.902093,4
文088,人020,私聊,2025-11-11 20:09:29.902093,3
文088,人020,私聊,2025-11-11 20:09:29.902093,3
文017,文076,@提及,2025-10-27 22:06:29.902093,1
人021,文038,私聊,2025-11-13 23:48:29.902093,2
人007,环077,@提及,2025-10-27 22:53:29.902093,2
人007,环077,@提及,2025-10-27 22:53:29.902093,2
文100,人071,群聊发言,2025-10-19 14:55:29.902093,3
环044,文038,群聊发言,2025-11-10 12:17:29.902093,2
人084,文024,@提及,2025-10-19 19:16:29.902093,4
环012,环020,群聊发言,2025-11-04 21:56:29.902093,5
环071,文086,私聊,2025-10-30 20:17:29.902093,3
人033,环069,群聊发言,2025-10-27 17:08:29.902093,2
环026,人093,@提及,2025-10-25 18:41:29.902093,4
环072,文038,群聊发言,2025-10-29 22:13:29.902093,1
文062,人098,群聊发言,2025-11-05 21:08:29.902093,3
文061,文082,@提及,2025-11-09 19:09:29.902093,4
环085,环067,群聊发言,2025-11-14 11:37:29.902093,5
人065,文017,群聊发言,2025-10-31 08:21:29.902093,3
人065,文017,群聊发言,2025-10-31 08:21:29.902093,3
文017,人034,文件分享,2025-11-04 19:49:29.902093,3
人082,文022,群聊发言,2025-11-17 17:44:29.902093,5
环075,文053,文件分享,2025-11-13 21:47:29.902093,3
文035,人043,私聊,2025-11-06 18:35:29.902093,1
文009,环053,群聊发言,2025-10-29 22:43:29.902093,2
环022,环018,群聊发言,2025-11-05 13:12:29.902093,3
环039,,群聊发言,2025-11-11 20:01:29.902093,2
人088,人028,私聊,2025-10-25 06:52:29.902093,3
环049,,@提及,2025-11-07 09:08:29.902093,3
文036,,群聊发言,2025-11-15 21:39:29.902093,3
环074,文012,私聊,2025-11-06 08:14:29.902093,3
人048,人090,群聊发言,2025-11-02 01:13:29.902093,5
文057,环071,私聊,2025-11-16 08:57:29.902093,1
人033,人092,私聊,2025-10-28 09:04:29.902093,5
文038,人036,@提及,2025-11-03 05:01:29.902093,5
文086,文002,群聊发言,2025-11-04 07:07:29.902093,5
文011,文087,@提及,2025-10-26 05:18:29.902093,4
文073,,@提及,2025-11-11 14:24:29.902093,1
文025,文075,@提及,2025-11-09 04:31:29.902093,4
文025,文075,@提及,2025-11-09 04:31:29.902093,4
环068,环056,私聊,2025-10-30 17:58:29.902093,2
人073,人060,群聊发言,2025-10-29 17:34:29.902093,4
文009,环018,群聊发言,2025-11-02 12:45:29.902093,1
文009,环018,群聊发言,2025-11-02 12:45:29.902093,1
文021,文044,群聊发言,2025-11-12 17:05:29.902093,5
文021,文044,群聊发言,2025-11-12 17:05:29.902093,5
文088,人087,@提及,2025-10-31 11:30:29.902093,1
文088,人087,@提及,2025-10-31 11:30:29.902093,1
文015,人080,@提及,2025-11-15 19:58:29.902093,1
环003,人048,群聊发言,2025-10-24 08:39:29.902093,2
环007,人090,群聊发言,2025-11-14 16:12:29.902093,1
环041,人001,@提及,2025-11-13 12:04:29.902093,1
环097,文061,文件分享,2025-10-29 03:53:29.902093,3
环037,文011,文件分享,2025-10-24 02:05:29.902093,4
文057,文008,@提及,2025-11-02 09:42:29.902093,4
人032,环076,@提及,2025-11-16 11:12:29.902093,4
文039,人012,群聊发言,2025-11-07 00:19:29.902093,1
文004,环035,群聊发言,2025-11-14 00:44:29.902093,4
文018,人012,@提及,2025-10-30 04:05:29.902093,3
文100,人014,文件分享,2025-11-01 04:15:29.902093,5
人025,环041,@提及,2025-10-25 01:00:29.902093,3
文009,文094,群聊发言,2025-10-20 14:32:29.902093,2
文055,文072,群聊发言,2025-10-26 04:02:29.902093,3
文062,文003,群聊发言,2025-10-18 22:28:29.902093,2
环076,环051,私聊,2025-11-05 07:55:29.902093,2
人013,文044,私聊,2025-10-31 09:35:29.902093,3
人079,文080,@提及,2025-11-04 09:52:29.902093,2
环059,文026,群聊发言,2025-10-22 18:38:29.902093,3
文001,环019,私聊,2025-11-14 18:51:29.902093,2
环085,文077,群聊发言,2025-11-02 23:23:29.902093,5
文052,,群聊发言,2025-11-10 08:48:29.902093,5
人052,人069,@提及,2025-10-26 23:42:29.902093,3
人025,人027,群聊发言,2025-11-10 13:10:29.902093,4
文028,环090,群聊发言,2025-10-29 05:28:29.902093,4
文045,环077,私聊,2025-11-02 05:38:29.902093,2
环057,文031,@提及,2025-11-10 02:47:29.902093,1
人048,环069,@提及,2025-11-10 05:26:29.902093,4
人091,环037,@提及,2025-11-08 15:32:29.902093,5
环071,环022,私聊,2025-10-24 22:20:29.902093,1
人049,环059,群聊发言,2025-11-12 16:48:29.902093,5
文049,人100,私聊,2025-11-08 05:25:29.902093,4
人032,环039,@提及,2025-11-05 17:08:29.902093,3
人032,环039,@提及,2025-11-05 17:08:29.902093,3
环004,文037,@提及,2025-10-24 13:11:29.902093,1
人026,人045,私聊,2025-11-12 17:04:29.902093,1
环018,环056,群聊发言,2025-10-27 00:46:29.902093,5
文100,,@提及,2025-11-06 12:38:29.902093,1
环025,环023,群聊发言,2025-10-25 18:34:29.902093,1
人003,人081,@提及,2025-10-28 13:31:29.902093,4
人003,人081,@提及,2025-10-28 13:31:29.902093,4
文083,文065,群聊发言,2025-11-07 02:15:29.902093,2
环009,文030,群聊发言,2025-10-24 06:00:29.902093,5
文084,环005,私聊,2025-11-03 23:25:29.902093,3
文085,人023,@提及,2025-10-26 17:12:29.902093,3
文085,人023,@提及,2025-10-26 17:12:29.902093,3
文078,文034,群聊发言,2025-10-20 07:43:29.902093,1
人018,文074,群聊发言,2025-10-31 20:01:29.902093,4
文037,人079,@提及,2025-11-03 16:59:29.902093,4
文025,环050,私聊,2025-10-22 22:09:29.902093,2
文025,环050,私聊,2025-10-22 22:09:29.902093,2
文059,文069,群聊发言,2025-10-22 15:38:29.902093,3
环034,人083,群聊发言,2025-11-17 01:38:29.902093,2
环035,文019,文件分享,2025-11-14 19:05:29.902093,2
人027,文063,群聊发言,2025-11-09 13:34:29.902093,3
环097,人028,群聊发言,2025-11-02 01:55:29.902093,1
文073,人071,群聊发言,2025-11-12 19:13:29.902093,3
人073,文073,私聊,2025-11-11 18:07:29.902093,1
环041,人055,文件分享,2025-11-16 12:35:29.902093,1
人027,人049,@提及,2025-10-30 03:16:29.902093,3
人011,人084,群聊发言,2025-11-14 06:10:29.902093,4
文031,文017,文件分享,2025-10-26 09:49:29.902093,3
环069,,群聊发言,2025-10-23 23:27:29.902093,1
环014,环044,群聊发言,2025-10-25 22:07:29.902093,2
环046,文035,私聊,2025-11-11 13:07:29.902093,1
环046,文035,私聊,2025-11-11 13:07:29.902093,1
人050,文065,私聊,2025-11-09 14:19:29.902093,2
人071,环069,文件分享,2025-11-16 21:43:29.902093,1
人071,环069,文件分享,2025-11-16 21:43:29.902093,1
人085,人041,@提及,2025-11-14 16:48:29.902093,4
环019,文090,群聊发言,2025-10-19 00:09:29.902093,3
文082,文060,群聊发言,2025-11-12 11:56:29.902093,1
文036,环010,群聊发言,2025-10-19 15:15:29.902093,1
文085,环003,@提及,2025-10-29 17:55:29.902093,2
文023,,@提及,2025-10-25 12:33:29.902093,3
文050,文082,@提及,2025-11-13 05:07:29.902093,2
文037,人038,@提及,2025-11-11 12:00:29.902093,5
人021,人087,群聊发言,2025-10-25 02:23:29.902093,2
环063,人031,@提及,2025-11-03 07:00:29.902093,3
人042,环094,@提及,2025-11-04 00:08:29.902093,5
人050,文091,私聊,2025-10-25 07:56:29.902093,1
人006,人041,群聊发言,2025-10-27 01:12:29.902093,5
环006,人067,@提及,2025-11-03 06:50:29.902093,5
文055,人050,私聊,2025-11-10 09:51:29.902093,4
人045,环051,群聊发言,2025-10-26 16:09:29.902093,2
文060,环008,群聊发言,2025-11-11 07:44:29.902093,1
文060,环008,群聊发言,2025-11-11 07:44:29.902093,1
文046,人036,私聊,2025-10-24 21:29:29.902093,2
环098,文078,群聊发言,2025-11-01 15:05:29.902093,1
环034,文033,@提及,2025-10-21 08:07:29.902093,4
人042,人085,@提及,2025-10-19 11:27:29.902093,3
环001,文067,私聊,2025-10-26 16:52:29.902093,5
环095,文019,@提及,2025-10-22 12:42:29.902093,2
文054,人044,群聊发言,2025-11-12 05:37:29.902093,3
环045,环064,私聊,2025-11-11 17:11:29.902093,1
人009,环051,群聊发言,2025-11-06 10:21:29.902093,5
环043,人069,群聊发言,2025-10-22 12:54:29.902093,3
人014,文045,群聊发言,2025-10-18 22:37:29.902093,3
人009,文079,群聊发言,2025-11-14 23:26:29.902093,3
环090,环039,群聊发言,2025-11-12 04:49:29.902093,1
环084,文081,@提及,2025-10-28 18:08:29.902093,2
环099,文052,@提及,2025-11-09 00:54:29.902093,3
环093,环090,群聊发言,2025-11-06 20:00:29.902093,4
人034,人053,@提及,2025-10-25 18:53:29.902093,3
环056,环018,群聊发言,2025-10-19 04:39:29.902093,2
环067,文044,群聊发言,2025-11-05 23:44:29.902093,3
人009,人058,群聊发言,2025-11-04 16:36:29.902093,1
人009,人058,群聊发言,2025-11-04 16:36:29.902093,1
文020,人095,私聊,2025-11-06 15:55:29.902093,5
人073,环094,@提及,2025-10-24 08:37:29.902093,4
人038,环027,@提及,2025-11-01 12:25:29.902093,2
环096,文087,群聊发言,2025-10-22 05:24:29.902093,4
文068,人092,私聊,2025-11-14 17:20:29.902093,3
环013,环095,群聊发言,2025-10-20 01:48:29.902093,3
环024,文039,私聊,2025-11-14 17:34:29.902093,4
文071,文083,群聊发言,2025-11-09 08:15:29.902093,1
文049,环057,@提及,2025-11-08 17:09:29.902093,5
文039,文073,文件分享,2025-11-04 02:41:29.902093,4
文061,文044,群聊发言,2025-11-12 13:43:29.902093,4
环007,环048,@提及,2025-11-15 20:14:29.902093,2
人022,文036,文件分享,2025-11-06 19:45:29.902093,1
人022,文036,文件分享,2025-11-06 19:45:29.902093,1
环023,人015,私聊,2025-10-19 01:15:29.902093,1
环023,人015,私聊,2025-10-19 01:15:29.902093,1
环069,人062,@提及,2025-11-04 12:02:29.902093,1
人002,环075,私聊,2025-11-02 19:40:29.902093,1
环005,人063,群聊发言,2025-10-27 21:22:29.902093,2
环092,环001,群聊发言,2025-11-07 23:05:29.902093,5
文046,人099,私聊,2025-11-03 23:02:29.902093,4
环023,环070,群聊发言,2025-11-02 05:56:29.902093,3
人003,文063,文件分享,2025-10-24 02:55:29.902093,4
环051,人052,群聊发言,2025-11-13 12:49:29.902093,4
人098,文019,群聊发言,2025-11-04 02:43:29.902093,2
文051,环040,@提及,2025-11-03 15:12:29.902093,5
环018,文026,文件分享,2025-10-29 14:04:29.902093,1
环004,文039,@提及,2025-11-15 21:54:29.902093,1
人042,文029,文件分享,2025-11-07 16:34:29.902093,4
环050,人045,群聊发言,2025-10-30 22:17:29.902093,4
环068,环008,群聊发言,2025-10-21 00:48:29.902093,5
文087,文094,群聊发言,2025-10-29 16:25:29.902093,2
环033,文023,文件分享,2025-11-02 22:30:29.902093,4
人090,文047,群聊发言,2025-11-11 13:26:29.902093,1
文056,人090,群聊发言,2025-11-08 08:00:29.902093,4
人082,人075,文件分享,2025-10-30 16:29:29.902093,4
环052,环053,@提及,2025-10-22 07:02:29.902093,5
人064,文037,@提及,2025-10-27 11:34:29.902093,3
人064,文037,@提及,2025-10-27 11:34:29.902093,3
文053,,@提及,2025-10-30 18:48:29.902093,5
环013,环062,@提及,2025-10-25 22:35:29.902093,5
环013,环062,@提及,2025-10-25 22:35:29.902093,5
环054,环067,私聊,2025-11-02 16:52:29.902093,2
人071,,@提及,2025-10-31 01:54:29.902093,1
环052,人071,文件分享,2025-11-03 09:35:29.902093,4
环095,环053,群聊发言,2025-11-03 20:36:29.902093,5
环032,环029,群聊发言,2025-11-09 00:43:29.902093,5
文088,,群聊发言,2025-11-08 10:05:29.902093,4
人058,人068,文件分享,2025-10-30 17:27:29.902093,4
环093,环067,私聊,2025-10-27 16:38:29.902093,3
环093,环067,私聊,2025-10-27 16:38:29.902093,3
文002,文027,私聊,2025-11-07 11:56:29.902093,1
人081,人023,私聊,2025-10-26 12:17:29.902093,4
环007,环074,私聊,2025-10-20 18:25:29.902093,3
人009,文016,文件分享,2025-10-22 22:37:29.902093,2
人038,环045,群聊发言,2025-10-22 14:21:29.902093,5
人076,环037,@提及,2025-10-30 09:19:29.902093,3
文056,,群聊发言,2025-11-03 15:37:29.902093,2
文043,文061,群聊发言,2025-11-04 13:19:29.902093,2
人041,人071,群聊发言,2025-10-30 06:55:29.902093,5
环075,环089,@提及,2025-10-23 12:49:29.902093,3
文095,文098,群聊发言,2025-11-11 02:12:29.902093,4
人014,文025,文件分享,2025-11-05 16:59:29.902093,2
环002,环062,@提及,2025-11-03 21:37:29.902093,1
环002,环062,@提及,2025-11-03 21:37:29.902093,1
环002,环081,群聊发言,2025-10-28 03:14:29.902093,2
文015,环024,@提及,2025-10-19 13:48:29.902093,4
环064,文036,@提及,2025-10-19 17:38:29.902093,1
人093,,群聊发言,2025-11-11 11:12:29.902093,5
文021,,@提及,2025-11-02 04:45:29.902093,4
文026,文043,群聊发言,2025-11-08 01:43:29.902093,5
人098,文019,@提及,2025-11-08 00:43:29.902093,4
人017,人049,@提及,2025-11-17 17:36:29.902093,1
文078,文086,文件分享,2025-11-02 21:15:29.902093,1
文078,文086,文件分享,2025-11-02 21:15:29.902093,1
环072,环097,群聊发言,2025-11-01 18:34:29.902093,4
文036,,私聊,2025-11-12 22:08:29.902093,5
环061,文022,@提及,2025-10-22 14:17:29.902093,1
文072,文092,@提及,2025-10-24 19:29:29.902093,4
人072,人025,群聊发言,2025-11-10 00:11:29.902093,4
人087,,群聊发言,2025-10-23 02:41:29.902093,4
人012,人028,群聊发言,2025-11-04 15:24:29.902093,3
文050,文016,@提及,2025-10-31 08:20:29.902093,5
文038,,私聊,2025-10-28 10:56:29.902093,3
人033,人093,私聊,2025-10-31 03:50:29.902093,1
环026,环057,@提及,2025-11-12 21:51:29.902093,1
文045,文004,私聊,2025-10-29 21:16:29.902093,2
人021,,群聊发言,2025-11-11 09:42:29.902093,4
文017,环046,群聊发言,2025-10-27 10:22:29.902093,2
人081,文094,群聊发言,2025-10-31 22:21:29.902093,4
环081,人006,群聊发言,2025-11-03 19:24:29.902093,1
环081,人006,群聊发言,2025-11-03 19:24:29.902093,1
人062,环088,群聊发言,2025-11-08 14:40:29.902093,4
人025,文094,群聊发言,2025-10-28 09:26:29.902093,1
人040,文052,群聊发言,2025-10-26 00:12:29.902093,2
人040,文052,群聊发言,2025-10-26 00:12:29.902093,2
人077,人002,@提及,2025-10-22 21:28:29.902093,3
文033,环069,@提及,2025-11-08 09:26:29.902093,2
人062,文070,@提及,2025-10-31 13:59:29.902093,5
环067,人083,群聊发言,2025-11-11 19:09:29.902093,4
文012,文010,文件分享,2025-11-12 03:29:29.902093,3
人067,文006,群聊发言,2025-11-07 20:40:29.902093,5
文058,环009,群聊发言,2025-10-29 21:19:29.902093,3
文071,,群聊发言,2025-11-12 10:29:29.902093,5
环083,,私聊,2025-10-29 04:08:29.902093,4
环085,文009,私聊,2025-10-28 20:11:29.902093,4
文093,文094,群聊发言,2025-10-28 21:30:29.902093,2
文039,环046,文件分享,2025-10-27 02:40:29.902093,3
人018,环063,@提及,2025-10-31 14:15:29.902093,4
人001,,私聊,2025-10-24 04:26:29.902093,1
文051,文050,@提及,2025-10-28 14:11:29.902093,1
文073,文005,文件分享,2025-11-08 22:21:29.902093,1
环080,人017,私聊,2025-10-20 04:30:29.902093,4
文061,文008,群聊发言,2025-11-04 06:27:29.902093,3
环088,环029,群聊发言,2025-11-06 06:34:29.902093,2
人042,人013,@提及,2025-11-04 12:47:29.902093,4
文090,文030,@提及,2025-11-12 20:39:29.902093,5
人041,环031,私聊,2025-10-19 01:30:29.902093,1
环065,文038,文件分享,2025-10-25 13:31:29.902093,5
环041,人070,私聊,2025-11-10 18:40:29.902093,4
环100,文062,@提及,2025-10-24 04:35:29.902093,5
环008,文048,@提及,2025-10-24 04:16:29.902093,5
环094,文006,群聊发言,2025-11-05 18:56:29.902093,5
环080,文086,@提及,2025-11-13 17:08:29.902093,1
文057,环028,群聊发言,2025-11-04 04:46:29.902093,3
环018,人044,群聊发言,2025-10-31 16:55:29.902093,3
文079,环021,@提及,2025-11-05 22:57:29.902093,4
人008,人097,私聊,2025-10-28 03:15:29.902093,1
人041,人085,文件分享,2025-10-19 04:25:29.902093,2
文079,人039,群聊发言,2025-11-17 13:06:29.902093,2
人044,人078,文件分享,2025-11-12 14:26:29.902093,3
人045,文046,群聊发言,2025-11-05 08:17:29.902093,3
人064,环092,群聊发言,2025-10-19 21:01:29.902093,5
人012,文059,私聊,2025-11-08 11:08:29.902093,2
文008,人022,@提及,2025-11-14 15:00:29.902093,3
文041,环096,@提及,2025-10-22 16:00:29.902093,4
文072,文046,@提及,2025-10-19 00:39:29.902093,1
文061,文019,@提及,2025-11-02 04:27:29.902093,2
文004,文041,文件分享,2025-10-25 23:04:29.902093,3
人030,文012,私聊,2025-11-06 20:49:29.902093,4
文067,人040,私聊,2025-11-10 18:02:29.902093,1
文043,环041,@提及,2025-11-13 18:22:29.902093,3
环096,人099,@提及,2025-10-30 04:43:29.902093,1
人082,环067,私聊,2025-10-28 16:07:29.902093,4
人082,环067,私聊,2025-10-28 16:07:29.902093,4
文017,人081,私聊,2025-10-30 21:25:29.902093,4
文017,人081,私聊,2025-10-30 21:25:29.902093,4
人090,,文件分享,2025-11-01 12:47:29.902093,1
文008,文060,群聊发言,2025-10-27 22:38:29.902093,2
环046,人020,@提及,2025-10-30 18:15:29.902093,1
环022,环067,群聊发言,2025-11-12 17:35:29.902093,2
人100,文006,群聊发言,2025-10-29 08:32:29.902093,1
环074,环070,私聊,2025-11-12 12:45:29.902093,4
环010,人046,群聊发言,2025-10-28 08:36:29.902093,5
环009,文032,@提及,2025-10-25 02:48:29.902093,4
环087,文056,@提及,2025-10-30 10:15:29.902093,4
文061,环026,文件分享,2025-11-04 01:55:29.902093,2
文061,环026,文件分享,2025-11-04 01:55:29.902093,2
人008,人027,群聊发言,2025-11-01 02:32:29.902093,2
环095,文010,@提及,2025-10-24 08:50:29.902093,2
文019,环098,@提及,2025-11-09 14:56:29.902093,2
文039,环072,私聊,2025-11-10 01:14:29.902093,5
文013,文068,@提及,2025-11-13 09:14:29.902093,3
人031,人098,群聊发言,2025-10-29 02:22:29.902093,4
人057,人044,群聊发言,2025-10-25 23:08:29.902093,1
文025,文054,@提及,2025-10-28 21:57:29.902093,5
文028,环085,群聊发言,2025-11-01 06:59:29.902093,2
文028,环085,群聊发言,2025-11-01 06:59:29.902093,2
人045,文027,@提及,2025-10-26 21:04:29.902093,4
人069,文059,群聊发言,2025-10-21 12:12:29.902093,5
人053,环094,@提及,2025-10-21 03:51:29.902093,1
人053,人072,私聊,2025-10-24 12:30:29.902093,1
环056,环086,@提及,2025-11-01 15:06:29.902093,3
文078,人092,文件分享,2025-11-02 05:13:29.902093,4
人078,文094,群聊发言,2025-11-04 18:36:29.902093,2
人078,文094,群聊发言,2025-11-04 18:36:29.902093,2
环049,文071,群聊发言,2025-11-01 14:32:29.902093,1
环013,环064,群聊发言,2025-11-12 03:16:29.902093,4
环043,人092,@提及,2025-11-16 12:19:29.902093,1
文028,人019,群聊发言,2025-10-19 17:30:29.902093,1
文009,文065,群聊发言,2025-11-17 17:36:29.902093,1
文026,文095,@提及,2025-11-09 08:56:29.902093,1
人079,人023,群聊发言,2025-10-24 03:46:29.902093,1
环068,环011,@提及,2025-10-31 03:42:29.902093,2
环100,文088,@提及,2025-11-15 20:44:29.902093,3
文007,环023,@提及,2025-10-21 18:14:29.902093,3
环045,文055,群聊发言,2025-11-15 09:17:29.902093,2
文004,人074,群聊发言,2025-10-26 22:02:29.902093,1
人021,人028,文件分享,2025-10-28 04:14:29.902093,3
人099,,文件分享,2025-10-24 11:00:29.902093,3
环024,环002,文件分享,2025-10-25 16:25:29.902093,1
环064,人082,群聊发言,2025-11-16 00:18:29.902093,1
环049,文063,群聊发言,2025-10-27 02:47:29.902093,3
环029,文047,群聊发言,2025-11-03 00:01:29.902093,4
环020,人012,@提及,2025-11-10 11:18:29.902093,5
环048,人080,私聊,2025-11-11 15:19:29.902093,3
环006,文066,私聊,2025-10-22 00:58:29.902093,4
环006,文066,私聊,2025-10-22 00:58:29.902093,4
文030,文022,群聊发言,2025-10-25 03:20:29.902093,5
文010,环053,群聊发言,2025-10-31 08:30:29.902093,2
文007,环022,@提及,2025-10-25 09:34:29.902093,2
人041,文065,文件分享,2025-10-31 15:51:29.902093,2
人080,环008,群聊发言,2025-10-24 07:07:29.902093,2
环067,文052,@提及,2025-10-29 17:23:29.902093,2
环031,环084,@提及,2025-10-24 16:40:29.902093,3
文058,文029,文件分享,2025-11-10 18:26:29.902093,1
文054,文043,群聊发言,2025-11-15 09:30:29.902093,4
环025,文093,群聊发言,2025-10-26 15:05:29.902093,5
环025,文093,群聊发言,2025-10-26 15:05:29.902093,5
环085,人026,群聊发言,2025-11-12 05:59:29.902093,4
环085,人026,群聊发言,2025-11-12 05:59:29.902093,4
人047,环028,群聊发言,2025-10-30 22:32:29.902093,2
人093,人003,@提及,2025-10-21 21:13:29.902093,2
文094,环014,群聊发言,2025-10-20 14:40:29.902093,4
文094,环014,群聊发言,2025-10-20 14:40:29.902093,4
环076,文016,文件分享,2025-11-14 06:13:29.902093,2
文002,人090,群聊发言,2025-11-04 17:49:29.902093,4
环002,文007,私聊,2025-11-02 23:12:29.902093,4
环003,环026,群聊发言,2025-10-19 01:52:29.902093,5
文088,文068,@提及,2025-10-27 05:10:29.902093,1
环043,文040,@提及,2025-10-20 07:26:29.902093,2
环034,文094,群聊发言,2025-10-20 19:28:29.902093,2
文047,文058,文件分享,2025-10-30 11:23:29.902093,5
文056,人096,文件分享,2025-10-29 23:46:29.902093,4
环053,文094,群聊发言,2025-10-19 19:07:29.902093,3
文005,环069,@提及,2025-11-11 21:36:29.902093,3
文003,人025,群聊发言,2025-11-04 07:19:29.902093,1
人090,环035,群聊发言,2025-10-20 08:46:29.902093,3
环073,人093,@提及,2025-10-25 15:19:29.902093,4
文069,人023,群聊发言,2025-11-09 19:56:29.902093,4
文069,人023,群聊发言,2025-11-09 19:56:29.902093,4
环006,环037,群聊发言,2025-11-15 02:47:29.902093,4
环006,,群聊发言,2025-11-15 02:47:29.902093,4
人097,文060,@提及,2025-11-10 05:45:29.902093,1
环044,人062,群聊发言,2025-11-06 14:57:29.902093,1
文090,文004,群聊发言,2025-11-09 17:55:29.902093,4
文011,环043,群聊发言,2025-10-26 13:22:29.902093,3
文055,人050,文件分享,2025-10-30 17:55:29.902093,2
环044,人016,文件分享,2025-11-11 02:10:29.902093,2
人011,人047,群聊发言,2025-11-01 18:58:29.902093,3
环029,环085,文件分享,2025-11-11 18:45:29.902093,1
文021,人077,@提及,2025-10-24 16:51:29.902093,2
人068,人006,群聊发言,2025-10-19 14:05:29.902093,3
人076,环081,文件分享,2025-10-27 12:42:29.902093,3
人008,环087,@提及,2025-10-27 19:58:29.902093,1
环054,环027,群聊发言,2025-11-10 01:27:29.902093,5
人017,人073,私聊,2025-11-11 18:03:29.902093,3
人086,环060,群聊发言,2025-10-31 01:31:29.902093,3
人015,文007,群聊发言,2025-11-04 12:18:29.902093,1
人093,,群聊发言,2025-11-14 14:01:29.902093,3
人007,环020,群聊发言,2025-11-10 01:00:29.902093,5
人007,环020,群聊发言,2025-11-10 01:00:29.902093,5
人085,人031,私聊,2025-11-17 09:45:29.902093,5
人093,文075,@提及,2025-11-12 19:51:29.902093,4
人020,文005,@提及,2025-11-16 08:10:29.902093,5
人098,人097,私聊,2025-10-26 14:04:29.902093,5
环048,环085,私聊,2025-11-11 13:43:29.902093,3
文072,文041,私聊,2025-11-01 13:35:29.902093,4
人011,环010,群聊发言,2025-10-21 15:07:29.902093,4
文061,人062,群聊发言,2025-10-27 19:37:29.902093,5
人030,文099,群聊发言,2025-11-04 05:42:29.902093,4
人073,环076,@提及,2025-10-20 10:27:29.902093,3
人004,环017,群聊发言,2025-11-04 10:53:29.902093,5
环002,环024,@提及,2025-11-10 07:46:29.902093,2
人070,环035,私聊,2025-11-12 07:48:29.902093,4
环078,环042,群聊发言,2025-11-09 05:48:29.902093,3
文044,人036,@提及,2025-11-12 09:52:29.902093,5
文068,文022,@提及,2025-11-11 18:45:29.902093,1
文038,环053,私聊,2025-11-02 13:08:29.902093,2
人080,文064,@提及,2025-11-15 17:38:29.902093,2
文043,文068,@提及,2025-10-21 00:33:29.902093,2
人074,文047,私聊,2025-11-03 00:21:29.902093,1
环068,环022,私聊,2025-11-12 15:08:29.902093,5
环068,环022,私聊,2025-11-12 15:08:29.902093,5
人084,环039,@提及,2025-11-10 16:18:29.902093,3
文021,人061,@提及,2025-11-12 20:11:29.902093,3
文021,人061,@提及,2025-11-12 20:11:29.902093,3
人024,人007,私聊,2025-11-13 18:52:29.902093,3
文033,环060,群聊发言,2025-11-11 12:52:29.902093,1
人078,人011,@提及,2025-11-16 16:55:29.902093,5
环071,环068,@提及,2025-11-15 21:52:29.902093,3
文095,环018,私聊,2025-10-26 15:30:29.902093,1
人050,环045,群聊发言,2025-11-09 00:59:29.902093,5
文085,,群聊发言,2025-11-03 21:52:29.902093,4
环047,人059,群聊发言,2025-11-12 09:27:29.902093,5
文027,文098,文件分享,2025-11-16 06:02:29.902093,5
环031,人023,群聊发言,2025-11-01 08:44:29.902093,2
环056,文005,私聊,2025-11-17 10:19:29.902093,1
环027,人025,群聊发言,2025-11-07 11:00:29.902093,2
文081,文006,群聊发言,2025-11-08 13:26:29.902093,2
环031,环015,群聊发言,2025-10-19 14:00:29.902093,3
人021,文062,@提及,2025-11-08 15:58:29.902093,1
文056,环045,群聊发言,2025-11-14 23:56:29.902093,3
文056,环045,群聊发言,2025-11-14 23:56:29.902093,3
人057,文057,群聊发言,2025-10-31 06:14:29.902093,3
环042,文050,@提及,2025-10-28 23:41:29.902093,2
环049,文050,@提及,2025-10-28 03:49:29.902093,5
文042,文093,群聊发言,2025-11-15 08:09:29.902093,1
环043,文011,私聊,2025-11-01 16:30:29.902093,2
环053,环021,群聊发言,2025-11-12 09:38:29.902093,1
文059,环022,群聊发言,2025-10-27 05:56:29.902093,5
人076,环015,@提及,2025-10-19 20:31:29.902093,1
人020,人016,群聊发言,2025-10-28 01:45:29.902093,2
人029,环051,群聊发言,2025-10-23 04:04:29.902093,5
人030,环004,私聊,2025-11-06 02:29:29.902093,1
文042,,@提及,2025-11-16 08:26:29.902093,1
环038,文070,私聊,2025-10-30 08:51:29.902093,5
文054,文009,私聊,2025-11-03 15:08:29.902093,3
文010,环061,@提及,2025-11-14 21:54:29.902093,4
文052,人051,@提及,2025-10-19 20:22:29.902093,2
文038,文044,@提及,2025-10-28 23:09:29.902093,1
人070,文049,群聊发言,2025-11-04 00:24:29.902093,3
文069,文070,文件分享,2025-10-30 15:03:29.902093,4
文087,人066,@提及,2025-10-23 23:26:29.902093,3
人074,人006,群聊发言,2025-11-03 18:30:29.902093,2
人088,环078,群聊发言,2025-10-29 06:15:29.902093,1
文029,文079,@提及,2025-10-28 05:52:29.902093,1
环054,人078,群聊发言,2025-11-12 14:27:29.902093,3
环077,文100,群聊发言,2025-11-02 03:23:29.902093,4
人047,人063,群聊发言,2025-11-10 12:35:29.902093,1
人009,文042,群聊发言,2025-11-15 13:26:29.902093,2
文094,人086,群聊发言,2025-10-23 00:43:29.902093,3
人027,环024,群聊发言,2025-10-26 01:58:29.902093,2
文076,人017,群聊发言,2025-10-23 01:59:29.902093,4
环039,人026,群聊发言,2025-11-11 17:28:29.902093,5
环100,文096,@提及,2025-10-30 22:32:29.902093,1
环010,环005,群聊发言,2025-11-11 11:54:29.902093,5
环080,环071,@提及,2025-10-19 20:01:29.902093,5
环079,环031,@提及,2025-10-22 22:12:29.902093,5
环079,环031,@提及,2025-10-22 22:12:29.902093,5
人020,文043,群聊发言,2025-11-12 04:54:29.902093,4
文081,文006,文件分享,2025-11-01 13:46:29.902093,2
人026,环060,私聊,2025-11-15 11:51:29.902093,3
人005,人068,群聊发言,2025-10-27 16:02:29.902093,5
文079,人091,@提及,2025-11-10 21:44:29.902093,4
文079,人091,@提及,2025-11-10 21:44:29.902093,4
文096,文056,私聊,2025-11-07 01:21:29.902093,4
人029,环087,@提及,2025-11-14 13:07:29.902093,1
文012,人063,@提及,2025-11-07 18:24:29.902093,4
人061,文078,@提及,2025-11-16 19:03:29.902093,2
文075,环066,文件分享,2025-10-28 00:44:29.902093,2
人071,环033,私聊,2025-11-15 03:53:29.902093,4
文055,人057,群聊发言,2025-11-17 06:44:29.902093,4
人038,环032,私聊,2025-10-20 14:17:29.902093,1
人013,文090,私聊,2025-10-21 23:37:29.902093,3
文047,人042,@提及,2025-10-28 23:47:29.902093,3
环061,环011,群聊发言,2025-11-02 09:58:29.902093,3
文039,环069,群聊发言,2025-11-07 08:48:29.902093,5
文057,人057,群聊发言,2025-10-20 05:26:29.902093,4
文057,人057,群聊发言,2025-10-20 05:26:29.902093,4
人034,人082,私聊,2025-11-17 11:11:29.902093,3
文085,环068,群聊发言,2025-11-07 16:22:29.902093,4
环086,环097,群聊发言,2025-10-24 06:51:29.902093,1
环096,环094,私聊,2025-11-17 02:54:29.902093,3
环096,环094,私聊,2025-11-17 02:54:29.902093,3
文093,,群聊发言,2025-10-27 01:29:29.902093,2
人024,文054,群聊发言,2025-10-28 15:02:29.902093,1
文058,人086,@提及,2025-11-12 05:58:29.902093,1
文071,环006,群聊发言,2025-11-10 04:43:29.902093,2
文071,环006,群聊发言,2025-11-10 04:43:29.902093,2
人004,环098,@提及,2025-11-05 22:19:29.902093,4
人071,文005,群聊发言,2025-10-23 01:36:29.902093,4
人094,环005,文件分享,2025-10-29 00:28:29.902093,5
文034,人033,群聊发言,2025-11-11 06:34:29.902093,5
人075,人008,群聊发言,2025-10-24 03:33:29.902093,2
文018,文024,@提及,2025-10-24 02:58:29.902093,5
人029,文092,群聊发言,2025-10-26 10:04:29.902093,1
人027,人061,私聊,2025-11-03 05:47:29.902093,2
人027,人061,私聊,2025-11-03 05:47:29.902093,2
文029,文078,@提及,2025-10-28 00:45:29.902093,3
文042,环046,私聊,2025-11-15 17:31:29.902093,5
文082,环016,私聊,2025-11-12 00:24:29.902093,3
环095,文095,群聊发言,2025-10-24 21:34:29.902093,4
环053,文096,@提及,2025-11-13 07:04:29.902093,5
环018,人016,群聊发言,2025-11-16 23:03:29.902093,5
环099,,@提及,2025-11-05 16:41:29.902093,3
环022,文041,群聊发言,2025-10-20 17:36:29.902093,5
环022,文041,群聊发言,2025-10-20 17:36:29.902093,5
环090,环003,群聊发言,2025-10-21 18:09:29.902093,1
人097,文031,群聊发言,2025-11-13 04:53:29.902093,5
环052,人041,群聊发言,2025-11-15 20:48:29.902093,1
文035,人002,群聊发言,2025-11-14 13:32:29.902093,4
文036,文048,私聊,2025-10-22 15:30:29.902093,1
文036,文048,私聊,2025-10-22 15:30:29.902093,1
文002,人061,@提及,2025-11-13 08:08:29.902093,2
文002,人061,@提及,2025-11-13 08:08:29.902093,2
人012,人056,群聊发言,2025-10-27 07:29:29.902093,2
人012,人056,群聊发言,2025-10-27 07:29:29.902093,2
环066,人075,@提及,2025-11-05 21:29:29.902093,5
环041,人004,@提及,2025-10-30 15:33:29.902093,2
环037,文098,私聊,2025-11-01 17:12:29.902093,2
人030,文085,群聊发言,2025-10-29 11:20:29.902093,3
文090,环014,文件分享,2025-11-13 10:50:29.902093,4
人025,环069,私聊,2025-11-10 18:30:29.902093,1
环026,人032,文件分享,2025-10-31 12:04:29.902093,5
环027,文031,@提及,2025-11-16 00:38:29.902093,1
人075,环003,群聊发言,2025-10-28 17:37:29.902093,1
文076,文031,@提及,2025-11-11 22:52:29.902093,5
文060,文036,私聊,2025-10-27 19:01:29.902093,3
人046,环042,文件分享,2025-11-10 07:37:29.902093,5
文002,人073,群聊发言,2025-11-03 10:53:29.902093,5
环080,环022,群聊发言,2025-10-20 10:16:29.902093,3
人076,文003,@提及,2025-11-13 02:48:29.902093,4
人078,环073,私聊,2025-11-14 01:09:29.902093,3
文067,文063,群聊发言,2025-11-10 01:05:29.902093,3
人073,文021,@提及,2025-10-27 10:01:29.902093,3
文062,人048,@提及,2025-10-27 00:45:29.902093,2
文062,人048,@提及,2025-10-27 00:45:29.902093,2
人030,环001,@提及,2025-10-22 07:34:29.902093,4
人027,人031,群聊发言,2025-10-25 19:12:29.902093,2
文095,人096,群聊发言,2025-11-17 09:08:29.902093,2
人071,文082,@提及,2025-11-12 03:23:29.902093,3
环010,环086,群聊发言,2025-11-09 10:41:29.902093,1
人008,人099,私聊,2025-11-08 13:58:29.902093,2
人068,环087,@提及,2025-10-23 05:00:29.902093,3
人050,环048,私聊,2025-11-05 11:44:29.902093,1
环016,文012,私聊,2025-11-02 20:54:29.902093,2
环010,人052,群聊发言,2025-11-06 05:49:29.902093,5
文017,环083,群聊发言,2025-10-22 05:51:29.902093,5
人064,人029,@提及,2025-10-21 18:06:29.902093,3
文059,文029,@提及,2025-11-01 12:57:29.902093,5
环083,人034,群聊发言,2025-11-01 20:23:29.902093,3
人090,环097,文件分享,2025-11-08 23:30:29.902093,2
环096,人021,群聊发言,2025-10-29 05:05:29.902093,4
文065,环060,群聊发言,2025-11-03 22:42:29.902093,1
文065,环060,群聊发言,2025-11-03 22:42:29.902093,1
文063,人063,文件分享,2025-10-23 01:08:29.902093,1
环100,文032,@提及,2025-11-09 09:31:29.902093,4
环100,文032,@提及,2025-11-09 09:31:29.902093,4
人017,文090,@提及,2025-11-13 02:34:29.902093,2
人017,文090,@提及,2025-11-13 02:34:29.902093,2
环091,文088,私聊,2025-11-10 22:51:29.902093,3
人077,人061,文件分享,2025-10-28 08:12:29.902093,2
环027,人085,私聊,2025-10-27 21:21:29.902093,1
环066,,@提及,2025-11-08 01:56:29.902093,5
人087,文002,私聊,2025-11-07 13:00:29.902093,1
人087,,私聊,2025-11-07 13:00:29.902093,1
人024,环086,群聊发言,2025-11-04 11:52:29.902093,1
文074,文002,文件分享,2025-10-19 17:44:29.902093,3
人076,文037,群聊发言,2025-10-20 12:57:29.902093,4
文076,文098,群聊发言,2025-11-06 22:26:29.902093,5
文016,环089,群聊发言,2025-10-26 09:58:29.902093,3
环094,文005,私聊,2025-11-16 11:35:29.902093,4
环011,环025,私聊,2025-11-06 17:26:29.902093,2
人060,人054,@提及,2025-11-04 03:57:29.902093,4
环044,文020,群聊发言,2025-11-12 17:48:29.902093,1
环084,环089,群聊发言,2025-11-17 09:21:29.902093,4
环012,人099,私聊,2025-11-15 16:35:29.902093,4
文061,人026,群聊发言,2025-11-07 06:02:29.902093,1
文094,人008,私聊,2025-11-02 07:19:29.902093,1
文052,环010,私聊,2025-11-14 06:43:29.902093,2
文067,人069,群聊发言,2025-11-15 12:11:29.902093,5
人059,文019,群聊发言,2025-11-06 10:40:29.902093,4
文033,文082,@提及,2025-10-19 00:59:29.902093,2
环034,环013,私聊,2025-10-31 19:58:29.902093,1
人007,环068,@提及,2025-11-07 09:37:29.902093,1
人061,环071,私聊,2025-11-15 01:48:29.902093,2
文013,环050,群聊发言,2025-11-03 06:44:29.902093,5
人079,人037,@提及,2025-11-05 03:53:29.902093,3
人084,环083,@提及,2025-11-17 00:07:29.902093,3
文086,人008,群聊发言,2025-10-31 03:53:29.902093,4
环055,人075,群聊发言,2025-11-11 02:15:29.902093,3
文021,,私聊,2025-11-02 13:20:29.902093,3
环049,文009,群聊发言,2025-11-05 02:12:29.902093,5
文053,环045,@提及,2025-11-13 02:08:29.902093,1
人085,人084,群聊发言,2025-10-30 03:48:29.902093,5
人062,环076,@提及,2025-10-19 01:34:29.902093,4
人079,文026,群聊发言,2025-11-11 05:56:29.902093,5
文064,文086,群聊发言,2025-11-05 12:30:29.902093,2
人091,人004,私聊,2025-11-10 15:22:29.902093,4
环030,人079,私聊,2025-10-26 16:33:29.902093,4
文097,文080,@提及,2025-10-31 16:13:29.902093,4
文051,环002,群聊发言,2025-11-02 11:03:29.902093,1
文051,环002,群聊发言,2025-11-02 11:03:29.902093,1
文063,人013,文件分享,2025-10-28 06:10:29.902093,3
文092,文017,私聊,2025-10-29 07:07:29.902093,1
文058,文042,@提及,2025-10-25 21:48:29.902093,1
文077,人048,@提及,2025-10-20 22:28:29.902093,1
文018,人009,群聊发言,2025-11-09 14:30:29.902093,3
文018,环066,@提及,2025-11-14 04:52:29.902093,5
文055,文059,私聊,2025-10-20 12:20:29.902093,5
环022,文055,群聊发言,2025-11-16 20:51:29.902093,5
人033,环096,群聊发言,2025-10-21 08:21:29.902093,3
环038,环008,群聊发言,2025-10-20 00:35:29.902093,4
文087,环034,群聊发言,2025-10-18 21:13:29.902093,3
文099,文084,群聊发言,2025-10-27 19:14:29.902093,2
环015,文028,私聊,2025-11-16 07:23:29.902093,4
人006,人081,文件分享,2025-11-16 10:40:29.902093,4
人026,环040,私聊,2025-10-31 00:40:29.902093,4
人026,环040,私聊,2025-10-31 00:40:29.902093,4
人085,,@提及,2025-10-31 02:36:29.902093,1
环003,环061,私聊,2025-10-22 11:10:29.902093,1
环003,环061,私聊,2025-10-22 11:10:29.902093,1
人043,文098,文件分享,2025-11-04 16:49:29.902093,1
人060,人030,群聊发言,2025-10-24 12:22:29.902093,5
环034,文048,@提及,2025-11-02 00:52:29.902093,1
文096,环026,私聊,2025-11-02 06:37:29.902093,4
环006,文092,群聊发言,2025-10-20 07:51:29.902093,3
文089,人008,@提及,2025-11-13 08:22:29.902093,1
环061,文006,群聊发言,2025-10-19 04:41:29.902093,3
环007,文019,群聊发言,2025-11-04 16:35:29.902093,1
环007,文019,群聊发言,2025-11-04 16:35:29.902093,1
人004,,@提及,2025-11-02 08:02:29.902093,3
环071,文037,群聊发言,2025-10-23 07:20:29.902093,5
环008,文034,群聊发言,2025-10-27 04:10:29.902093,1
文016,环094,群聊发言,2025-11-01 15:47:29.902093,3
人096,文049,群聊发言,2025-10-26 04:32:29.902093,1
人087,环027,群聊发言,2025-10-30 05:27:29.902093,2
文040,文013,群聊发言,2025-10-18 22:45:29.902093,3
环048,人005,群聊发言,2025-11-02 04:06:29.902093,4
人088,环096,群聊发言,2025-11-12 03:34:29.902093,2
人029,环038,群聊发言,2025-11-06 13:58:29.902093,2
文098,环080,私聊,2025-10-29 07:13:29.902093,3
文009,环026,@提及,2025-10-29 19:14:29.902093,3
人065,环053,@提及,2025-11-02 02:44:29.902093,2
环063,环039,群聊发言,2025-11-09 12:44:29.902093,4
环053,环098,群聊发言,2025-10-20 04:03:29.902093,1
环053,环098,群聊发言,2025-10-20 04:03:29.902093,1
文046,文044,私聊,2025-11-15 04:04:29.902093,2
环064,人063,文件分享,2025-11-04 02:41:29.902093,3
环064,人063,文件分享,2025-11-04 02:41:29.902093,3
环044,环003,@提及,2025-10-25 07:12:29.902093,5
文088,人061,群聊发言,2025-10-25 09:40:29.902093,4
文017,文052,私聊,2025-11-13 15:43:29.902093,5
文017,文052,私聊,2025-11-13 15:43:29.902093,5
文003,文099,群聊发言,2025-10-30 10:34:29.902093,5
人054,环027,群聊发言,2025-11-14 13:05:29.902093,5
文006,文063,@提及,2025-11-05 06:34:29.902093,5
环051,环042,文件分享,2025-10-23 16:40:29.902093,1
环020,文061,群聊发言,2025-11-01 15:51:29.902093,1
环059,文060,@提及,2025-10-27 14:05:29.902093,1
环056,文070,私聊,2025-11-03 17:55:29.902093,5
文030,文071,群聊发言,2025-11-01 07:07:29.902093,1
环070,环025,文件分享,2025-11-02 12:16:29.902093,3
环070,环025,文件分享,2025-11-02 12:16:29.902093,3
环063,人056,群聊发言,2025-11-04 19:53:29.902093,3
环081,环036,群聊发言,2025-11-07 11:54:29.902093,4
环081,环036,群聊发言,2025-11-07 11:54:29.902093,4
环094,环037,群聊发言,2025-10-31 01:20:29.902093,4
人027,环028,群聊发言,2025-11-07 11:11:29.902093,5
人027,环028,群聊发言,2025-11-07 11:11:29.902093,5
文098,环082,群聊发言,2025-10-23 17:43:29.902093,1
人040,环040,群聊发言,2025-10-31 18:59:29.902093,3
环073,文053,文件分享,2025-11-13 10:43:29.902093,3
人015,文035,群聊发言,2025-11-11 23:00:29.902093,5
环047,人006,群聊发言,2025-10-23 16:28:29.902093,4
文022,人072,群聊发言,2025-11-11 14:53:29.902093,1
文001,人095,群聊发言,2025-11-13 12:11:29.902093,1
人070,环034,私聊,2025-11-05 15:11:29.902093,1
文047,人023,群聊发言,2025-10-31 09:39:29.902093,5
人053,人033,群聊发言,2025-11-10 20:45:29.902093,2
文013,文011,群聊发言,2025-11-07 08:09:29.902093,4
文013,文011,群聊发言,2025-11-07 08:09:29.902093,4
文081,环080,群聊发言,2025-10-20 03:07:29.902093,3
人086,文018,@提及,2025-10-20 00:34:29.902093,1
人086,文018,@提及,2025-10-20 00:34:29.902093,1
环005,环069,私聊,2025-10-21 05:56:29.902093,3
环008,人065,群聊发言,2025-11-03 17:31:29.902093,3
环038,文074,群聊发言,2025-11-15 00:09:29.902093,2
文026,环097,私聊,2025-10-27 09:46:29.902093,4
环013,文066,@提及,2025-10-30 03:29:29.902093,1
环013,文066,@提及,2025-10-30 03:29:29.902093,1
人032,环095,文件分享,2025-11-14 23:11:29.902093,4
环083,文010,群聊发言,2025-10-28 11:45:29.902093,3
环078,文008,@提及,2025-11-15 05:38:29.902093,1
环068,环048,群聊发言,2025-10-30 04:17:29.902093,5
文072,人077,群聊发言,2025-11-04 04:03:29.902093,2
文033,文053,群聊发言,2025-10-27 15:58:29.902093,1
环082,文098,@提及,2025-10-30 14:23:29.902093,4
环005,环091,文件分享,2025-10-24 19:41:29.902093,3
文025,环088,群聊发言,2025-11-03 03:56:29.902093,2
人096,环030,私聊,2025-11-02 15:14:29.902093,5
环004,文046,群聊发言,2025-10-23 19:56:29.902093,1
人001,文041,群聊发言,2025-11-02 07:20:29.902093,1
人001,文041,群聊发言,2025-11-02 07:20:29.902093,1
环048,文041,文件分享,2025-11-14 11:21:29.902093,2
人022,人056,@提及,2025-11-04 16:56:29.902093,5
环091,文095,群聊发言,2025-10-28 09:01:29.902093,3
环029,人069,私聊,2025-10-29 10:18:29.902093,3
环047,环016,群聊发言,2025-10-29 14:10:29.902093,2
环085,环019,群聊发言,2025-10-23 10:49:29.902093,4
文098,文006,群聊发言,2025-11-05 16:15:29.902093,1
人080,环082,文件分享,2025-10-24 15:45:29.902093,5
人041,,@提及,2025-10-27 12:25:29.902093,3
人039,人098,群聊发言,2025-10-20 18:35:29.902093,4
人066,文025,群聊发言,2025-10-21 07:19:29.902093,4
文026,人035,@提及,2025-11-06 04:07:29.902093,2
人051,文062,@提及,2025-11-14 16:57:29.902093,4
环049,人014,群聊发言,2025-10-29 07:12:29.902093,1
人091,文064,群聊发言,2025-10-25 20:37:29.902093,3
文067,环020,@提及,2025-10-30 22:35:29.902093,5
文039,文083,群聊发言,2025-10-19 10:30:29.902093,5
文005,文023,文件分享,2025-10-25 04:44:29.902093,2
人057,文004,私聊,2025-11-05 05:31:29.902093,5
环059,文005,私聊,2025-11-14 23:21:29.902093,4
环019,人057,私聊,2025-10-30 21:29:29.902093,4
文013,人065,@提及,2025-11-08 02:58:29.902093,1
环008,人025,群聊发言,2025-11-13 20:05:29.902093,1
环008,人025,群聊发言,2025-11-13 20:05:29.902093,1
人021,环068,私聊,2025-10-24 07:17:29.902093,3
文049,,群聊发言,2025-11-14 19:47:29.902093,3
人066,人041,私聊,2025-11-06 05:43:29.902093,1
环047,环009,@提及,2025-11-14 19:55:29.902093,5
人089,文059,群聊发言,2025-11-13 22:05:29.902093,5
环064,文008,群聊发言,2025-10-27 19:01:29.902093,3
人074,环079,群聊发言,2025-10-30 05:23:29.902093,3
文042,环040,文件分享,2025-11-17 06:14:29.902093,4
环024,文007,群聊发言,2025-10-23 15:31:29.902093,2
文056,人009,@提及,2025-10-27 02:18:29.902093,4
文046,环059,文件分享,2025-10-21 11:36:29.902093,5
文037,人093,私聊,2025-10-30 04:55:29.902093,4
人028,环021,文件分享,2025-11-07 06:25:29.902093,4
人066,人095,私聊,2025-10-29 04:01:29.902093,5
人087,人020,文件分享,2025-10-31 00:38:29.902093,1
人033,人066,群聊发言,2025-11-10 08:16:29.902093,5
人007,环017,私聊,2025-11-07 22:21:29.902093,3
人007,环017,私聊,2025-11-07 22:21:29.902093,3
人091,文095,@提及,2025-10-18 22:20:29.902093,2
文024,文061,@提及,2025-10-29 20:00:29.902093,4
人045,环081,文件分享,2025-11-05 11:04:29.902093,1
人045,环081,文件分享,2025-11-05 11:04:29.902093,1
人011,文027,群聊发言,2025-10-29 09:30:29.902093,4
人034,环099,@提及,2025-10-21 20:18:29.902093,5
环003,文032,群聊发言,2025-10-27 06:30:29.902093,2
文082,,群聊发言,2025-10-21 21:24:29.902093,1
环086,文074,@提及,2025-10-28 19:37:29.902093,2
文096,文071,@提及,2025-11-16 00:04:29.902093,3
人100,环078,群聊发言,2025-10-28 08:36:29.902093,3
人100,环078,群聊发言,2025-10-28 08:36:29.902093,3
文044,文085,文件分享,2025-11-10 02:29:29.902093,3
人093,人059,私聊,2025-11-10 02:50:29.902093,3
人015,人059,群聊发言,2025-11-15 20:25:29.902093,2
文032,文071,@提及,2025-10-25 04:20:29.902093,4
人021,人091,@提及,2025-11-05 08:21:29.902093,3
人009,环075,群聊发言,2025-10-31 00:29:29.902093,3
文090,环047,@提及,2025-11-16 17:48:29.902093,1
人031,人004,文件分享,2025-11-08 09:48:29.902093,4
人031,人004,文件分享,2025-11-08 09:48:29.902093,4
环003,人062,群聊发言,2025-11-08 04:12:29.902093,5
人091,环025,群聊发言,2025-11-15 05:37:29.902093,5
文088,人081,群聊发言,2025-11-04 08:02:29.902093,1
人062,文060,私聊,2025-10-24 17:44:29.902093,2
人038,人052,@提及,2025-11-09 03:21:29.902093,3
环030,文073,群聊发言,2025-10-24 04:33:29.902093,2
文086,环096,@提及,2025-11-07 19:29:29.902093,4
环078,环056,群聊发言,2025-11-10 19:17:29.902093,5
环074,环046,文件分享,2025-11-05 20:22:29.902093,4
人030,人074,私聊,2025-11-16 14:00:29.902093,2
人030,人074,私聊,2025-11-16 14:00:29.902093,2
文055,环070,文件分享,2025-11-09 07:54:29.902093,5
环051,环074,群聊发言,2025-11-08 00:59:29.902093,5
人057,文081,私聊,2025-11-13 10:53:29.902093,5
文033,人035,私聊,2025-11-13 23:49:29.902093,2
人051,环064,私聊,2025-10-28 16:12:29.902093,4
人059,环086,文件分享,2025-11-06 04:30:29.902093,5
文002,文082,群聊发言,2025-11-03 22:24:29.902093,5
人020,文001,@提及,2025-10-31 22:33:29.902093,3
文021,,@提及,2025-11-08 22:31:29.902093,4
人098,环043,私聊,2025-10-23 11:47:29.902093,4
文056,,群聊发言,2025-10-25 01:58:29.902093,2
人086,文038,群聊发言,2025-10-30 12:04:29.902093,3
人079,文033,@提及,2025-11-07 19:38:29.902093,3
文069,人001,@提及,2025-11-09 06:05:29.902093,3
环064,环092,@提及,2025-11-15 01:49:29.902093,4
人047,,私聊,2025-11-10 00:51:29.902093,3
人090,,@提及,2025-11-11 23:33:29.902093,2
环037,人035,@提及,2025-11-07 11:04:29.902093,4
环037,人035,@提及,2025-11-07 11:04:29.902093,4
环077,,@提及,2025-10-27 14:50:29.902093,4
文091,文078,群聊发言,2025-11-14 20:45:29.902093,5
文082,文062,私聊,2025-10-29 04:28:29.902093,1
文093,文060,群聊发言,2025-10-22 02:28:29.902093,5
环025,人034,群聊发言,2025-11-15 21:08:29.902093,5
人068,环020,群聊发言,2025-10-26 00:03:29.902093,2
环021,,群聊发言,2025-11-09 22:00:29.902093,4
人084,环028,群聊发言,2025-10-19 06:01:29.902093,3
文085,文061,群聊发言,2025-10-29 01:56:29.902093,2
人050,人052,私聊,2025-10-24 03:34:29.902093,1
人021,人080,群聊发言,2025-10-31 12:37:29.902093,5
文016,环008,群聊发言,2025-11-07 05:43:29.902093,3
文094,文014,私聊,2025-11-12 19:51:29.902093,1
文085,人069,文件分享,2025-10-21 15:30:29.902093,5
环099,文009,文件分享,2025-11-06 18:50:29.902093,4
文100,人018,@提及,2025-10-31 06:51:29.902093,3
环043,环053,私聊,2025-10-27 01:21:29.902093,4
文084,环060,群聊发言,2025-11-12 15:54:29.902093,5
环008,人025,@提及,2025-10-20 07:22:29.902093,3
文093,文033,@提及,2025-11-12 22:40:29.902093,5
环070,环069,群聊发言,2025-10-24 13:21:29.902093,5
文055,环080,群聊发言,2025-10-20 03:59:29.902093,5
文013,人021,@提及,2025-11-16 04:53:29.902093,1
文027,环048,群聊发言,2025-10-26 12:09:29.902093,2
环052,环073,@提及,2025-11-06 15:54:29.902093,1
环097,文081,@提及,2025-10-29 20:07:29.902093,3
环097,文081,@提及,2025-10-29 20:07:29.902093,3
人036,环047,群聊发言,2025-11-12 15:04:29.902093,5
环058,环021,群聊发言,2025-11-05 12:32:29.902093,2
环040,环033,文件分享,2025-11-09 07:31:29.902093,3
环040,环033,文件分享,2025-11-09 07:31:29.902093,3
人044,环045,私聊,2025-10-29 20:03:29.902093,5
人100,环088,群聊发言,2025-11-02 02:03:29.902093,1
环012,环047,私聊,2025-11-01 01:48:29.902093,4
人078,,@提及,2025-11-13 23:42:29.902093,2
文065,文070,群聊发言,2025-11-13 13:18:29.902093,4
文065,文070,群聊发言,2025-11-13 13:18:29.902093,4
环075,环054,群聊发言,2025-11-07 00:13:29.902093,1
文065,文011,群聊发言,2025-10-27 05:51:29.902093,2
人055,文067,私聊,2025-11-16 09:36:29.902093,4
环071,环020,私聊,2025-11-14 11:53:29.902093,2
环071,环020,私聊,2025-11-14 11:53:29.902093,2
文088,人078,群聊发言,2025-10-27 16:00:29.902093,1
文088,人078,群聊发言,2025-10-27 16:00:29.902093,1
文080,,@提及,2025-11-02 13:18:29.902093,2
文078,,文件分享,2025-10-21 09:14:29.902093,5
人052,文088,@提及,2025-11-09 02:14:29.902093,4
环069,人020,群聊发言,2025-11-16 05:43:29.902093,2
人034,环069,私聊,2025-11-11 17:48:29.902093,1
环078,文042,群聊发言,2025-11-05 19:46:29.902093,3
环030,,文件分享,2025-11-12 22:45:29.902093,1
文078,人069,私聊,2025-11-05 21:47:29.902093,4
文078,人069,私聊,2025-11-05 21:47:29.902093,4
文025,文062,群聊发言,2025-10-31 10:59:29.902093,2
环018,文096,文件分享,2025-11-11 15:46:29.902093,1
人008,人048,@提及,2025-11-01 15:25:29.902093,4
人053,环023,群聊发言,2025-11-17 09:52:29.902093,3
文016,人094,@提及,2025-11-01 15:44:29.902093,4
环050,文039,@提及,2025-11-11 21:41:29.902093,4
环082,文064,@提及,2025-10-31 18:55:29.902093,2
文010,文008,@提及,2025-11-09 11:53:29.902093,1
人017,文060,群聊发言,2025-10-21 01:30:29.902093,4
文048,环069,群聊发言,2025-11-16 18:06:29.902093,5
人070,文010,@提及,2025-10-29 05:40:29.902093,4
人046,环096,群聊发言,2025-10-24 21:47:29.902093,2
人046,环096,群聊发言,2025-10-24 21:47:29.902093,2
文079,环069,文件分享,2025-10-22 07:21:29.902093,2
环029,环018,私聊,2025-10-24 11:58:29.902093,5
环015,文009,私聊,2025-10-31 05:32:29.902093,2
人088,环094,@提及,2025-11-02 00:54:29.902093,4
人024,环031,@提及,2025-10-19 03:52:29.902093,3
人087,人081,私聊,2025-10-24 11:27:29.902093,5
环043,文021,@提及,2025-11-03 14:10:29.902093,4
文086,人037,群聊发言,2025-10-28 22:48:29.902093,3
文055,文025,私聊,2025-11-06 12:45:29.902093,3
文013,文040,私聊,2025-10-25 20:59:29.902093,4
人061,文037,私聊,2025-11-13 16:47:29.902093,5
环061,文024,@提及,2025-11-07 01:36:29.902093,2
人062,文066,群聊发言,2025-11-13 22:22:29.902093,2
环026,人056,群聊发言,2025-11-06 12:19:29.902093,2
人023,文089,@提及,2025-11-15 21:25:29.902093,5
人040,文003,群聊发言,2025-11-05 19:00:29.902093,2
文017,人074,私聊,2025-11-03 17:22:29.902093,5
文069,人051,@提及,2025-11-04 09:03:29.902093,1
文040,人080,群聊发言,2025-11-08 12:54:29.902093,2
文045,文030,私聊,2025-10-19 16:08:29.902093,4
文050,环037,私聊,2025-11-05 12:02:29.902093,2
文065,文012,群聊发言,2025-10-26 14:33:29.902093,3
人079,人005,群聊发言,2025-11-02 00:43:29.902093,1
环089,文020,@提及,2025-10-28 21:47:29.902093,1
文087,文054,私聊,2025-10-19 18:04:29.902093,1
人004,文087,@提及,2025-10-22 07:28:29.902093,1
文046,文012,私聊,2025-11-07 17:32:29.902093,4
环051,人012,@提及,2025-11-11 02:27:29.902093,1
人089,人029,文件分享,2025-10-28 22:35:29.902093,5
人001,环076,文件分享,2025-11-16 01:55:29.902093,5
人004,人080,群聊发言,2025-10-18 22:52:29.902093,1
文096,环064,@提及,2025-11-12 12:48:29.902093,3
人079,人027,群聊发言,2025-11-01 19:54:29.902093,5
环062,人015,群聊发言,2025-10-20 05:34:29.902093,2
环088,环048,@提及,2025-10-28 08:43:29.902093,2
文041,人086,@提及,2025-10-28 03:52:29.902093,3
人018,环058,群聊发言,2025-10-22 02:53:29.902093,5
文038,环085,群聊发言,2025-11-14 02:58:29.902093,5
人038,文044,@提及,2025-10-25 06:13:29.902093,1
文017,文056,群聊发言,2025-10-29 15:19:29.902093,1
人051,人033,@提及,2025-11-11 07:06:29.902093,4
环030,环036,群聊发言,2025-10-20 08:02:29.902093,4
环028,文078,群聊发言,2025-11-07 07:26:29.902093,4
文083,环006,私聊,2025-11-09 03:52:29.902093,1
人009,环058,群聊发言,2025-11-11 20:38:29.902093,1
人046,人001,@提及,2025-11-02 02:41:29.902093,3
人062,文013,群聊发言,2025-10-26 22:05:29.902093,5
人020,人044,群聊发言,2025-11-17 06:39:29.902093,1
文034,人021,群聊发言,2025-10-18 21:15:29.902093,5
人072,文093,@提及,2025-11-08 17:55:29.902093,3
文042,文020,@提及,2025-10-21 08:35:29.902093,2
环038,文051,群聊发言,2025-11-14 08:49:29.902093,3
人075,文068,群聊发言,2025-11-16 07:47:29.902093,4
文001,文043,私聊,2025-11-03 11:24:29.902093,3
文051,文065,@提及,2025-10-23 22:47:29.902093,4
人099,文067,文件分享,2025-11-14 21:44:29.902093,1
文051,人098,私聊,2025-11-08 11:27:29.902093,4
文079,文046,群聊发言,2025-10-19 04:45:29.902093,3
文079,文046,群聊发言,2025-10-19 04:45:29.902093,3
环012,人016,@提及,2025-10-27 05:08:29.902093,4
环012,人016,@提及,2025-10-27 05:08:29.902093,4
文005,环013,文件分享,2025-11-03 06:48:29.902093,3
人017,环093,文件分享,2025-11-05 03:38:29.902093,1
环065,,@提及,2025-10-31 12:11:29.902093,2
环012,环022,群聊发言,2025-11-08 12:43:29.902093,5
文079,人005,群聊发言,2025-10-31 05:17:29.902093,4
环085,人029,群聊发言,2025-10-28 23:00:29.902093,5
环048,,@提及,2025-11-11 23:22:29.902093,2
人063,文051,私聊,2025-10-28 09:21:29.902093,2
文094,文068,@提及,2025-10-25 12:10:29.902093,3
环012,人039,私聊,2025-10-31 09:15:29.902093,3
环012,人039,私聊,2025-10-31 09:15:29.902093,3
文084,环076,文件分享,2025-11-11 14:32:29.902093,1
文084,环076,文件分享,2025-11-11 14:32:29.902093,1
文055,人068,群聊发言,2025-11-04 17:39:29.902093,1
文055,人068,群聊发言,2025-11-04 17:39:29.902093,1
文008,人075,@提及,2025-10-22 13:17:29.902093,2
环027,环075,群聊发言,2025-10-21 16:22:29.902093,1
文054,文030,@提及,2025-11-10 06:46:29.902093,3
文031,人001,群聊发言,2025-11-06 09:58:29.902093,2
文031,人001,群聊发言,2025-11-06 09:58:29.902093,2
环064,人086,@提及,2025-11-10 18:44:29.902093,1
文025,人039,文件分享,2025-11-02 13:46:29.902093,1
环004,文062,群聊发言,2025-10-30 19:56:29.902093,1
文091,人007,@提及,2025-11-16 05:17:29.902093,4
文069,文054,@提及,2025-11-05 21:57:29.902093,2
文049,环098,@提及,2025-11-17 00:13:29.902093,2
文034,文043,私聊,2025-10-21 21:35:29.902093,4
环005,文023,@提及,2025-11-16 23:10:29.902093,3
环091,文072,群聊发言,2025-11-17 03:56:29.902093,3
环091,文072,群聊发言,2025-11-17 03:56:29.902093,3
人081,环054,私聊,2025-10-22 19:45:29.902093,1
文002,环094,私聊,2025-11-03 05:39:29.902093,3
文050,人080,@提及,2025-11-04 06:32:29.902093,3
文013,环078,文件分享,2025-11-03 09:18:29.902093,3
环075,文016,@提及,2025-11-01 00:35:29.902093,2
人011,环053,@提及,2025-11-04 06:29:29.902093,4
人026,文010,@提及,2025-11-12 12:51:29.902093,5
文085,人066,群聊发言,2025-11-02 18:38:29.902093,3
文086,人039,群聊发言,2025-11-09 05:59:29.902093,3
文021,文030,群聊发言,2025-11-13 14:17:29.902093,3
文017,文049,@提及,2025-10-26 13:40:29.902093,3
环073,环043,@提及,2025-10-21 13:42:29.902093,5
文020,人069,群聊发言,2025-10-30 12:29:29.902093,1
环093,环099,私聊,2025-10-19 10:14:29.902093,4
环024,环089,私聊,2025-10-27 07:09:29.902093,3
文089,环039,群聊发言,2025-11-09 12:53:29.902093,2
人074,环020,私聊,2025-11-13 14:41:29.902093,4
环033,人001,@提及,2025-11-03 18:58:29.902093,5
文092,人047,群聊发言,2025-10-30 02:19:29.902093,3
人079,人023,@提及,2025-10-31 02:25:29.902093,2
人024,文076,@提及,2025-10-19 05:52:29.902093,4
人024,文076,@提及,2025-10-19 05:52:29.902093,4
环038,文086,@提及,2025-11-02 06:25:29.902093,1
环016,人036,群聊发言,2025-10-31 14:55:29.902093,1
人003,文070,群聊发言,2025-11-10 18:27:29.902093,1
环064,文071,私聊,2025-10-31 13:36:29.902093,4
文068,文025,私聊,2025-10-28 23:35:29.902093,5
人043,文072,群聊发言,2025-11-13 00:28:29.902093,3
人054,人051,私聊,2025-11-15 10:56:29.902093,2
文064,环031,群聊发言,2025-11-01 09:51:29.902093,5
文064,环031,群聊发言,2025-11-01 09:51:29.902093,5
环052,人048,群聊发言,2025-10-24 08:12:29.902093,1
环052,人048,群聊发言,2025-10-24 08:12:29.902093,1
人025,环009,文件分享,2025-10-20 10:04:29.902093,5
人019,人021,@提及,2025-11-15 11:39:29.902093,3
人036,人084,群聊发言,2025-11-09 11:24:29.902093,4
人054,环093,私聊,2025-11-09 07:27:29.902093,3
人034,文006,@提及,2025-10-25 21:33:29.902093,3
文045,人087,群聊发言,2025-11-03 17:28:29.902093,4
文041,,群聊发言,2025-11-02 22:23:29.902093,4
环035,环014,群聊发言,2025-11-04 13:55:29.902093,1
环074,环086,群聊发言,2025-10-27 17:21:29.902093,5
环035,环030,群聊发言,2025-10-28 22:23:29.902093,4
人070,文040,@提及,2025-11-02 21:48:29.902093,2
环096,文043,群聊发言,2025-11-15 14:22:29.902093,1
文015,文025,@提及,2025-11-14 00:58:29.902093,5
文093,文013,群聊发言,2025-10-21 12:10:29.902093,1
人071,环055,@提及,2025-11-01 19:24:29.902093,2
文087,人079,群聊发言,2025-11-17 05:54:29.902093,2
环001,文006,@提及,2025-11-11 02:09:29.902093,3
人030,环070,文件分享,2025-10-25 09:44:29.902093,4
环079,人032,@提及,2025-10-23 18:47:29.902093,1
文057,人088,群聊发言,2025-10-31 20:04:29.902093,1
人052,文089,群聊发言,2025-10-22 10:31:29.902093,5
文090,人027,群聊发言,2025-10-29 11:01:29.902093,1
环097,文092,@提及,2025-10-29 12:03:29.902093,4
环030,环026,私聊,2025-10-29 04:50:29.902093,2
文007,文027,@提及,2025-11-06 17:48:29.902093,5
文007,文027,@提及,2025-11-06 17:48:29.902093,5
文015,文047,文件分享,2025-10-19 21:21:29.902093,4
文012,人019,文件分享,2025-10-22 09:31:29.902093,5
文001,人088,@提及,2025-10-28 04:17:29.902093,4
环024,环007,私聊,2025-11-13 21:37:29.902093,1
文008,环045,私聊,2025-11-10 10:40:29.902093,1
环008,人069,@提及,2025-10-21 04:03:29.902093,2
环088,人030,@提及,2025-11-05 05:05:29.902093,5
人004,环024,@提及,2025-10-19 03:29:29.902093,2
人099,环088,@提及,2025-10-27 03:36:29.902093,5
文067,人062,群聊发言,2025-10-28 15:13:29.902093,1
环036,环045,群聊发言,2025-10-28 09:27:29.902093,1
环036,,群聊发言,2025-10-28 09:27:29.902093,1
环032,环085,@提及,2025-10-19 23:28:29.902093,4
人014,文087,@提及,2025-10-21 20:04:29.902093,4
人074,人040,群聊发言,2025-10-21 09:18:29.902093,4
人046,人009,群聊发言,2025-11-13 23:50:29.902093,1
文022,文024,群聊发言,2025-10-26 01:14:29.902093,2
环057,,群聊发言,2025-11-13 13:40:29.902093,4
文031,文075,私聊,2025-10-31 20:30:29.902093,3
文006,人048,@提及,2025-11-06 11:06:29.902093,4
人056,文037,@提及,2025-11-04 03:36:29.902093,3
人008,,私聊,2025-11-05 15:01:29.902093,2
人017,文093,私聊,2025-10-28 05:25:29.902093,3
环074,文029,@提及,2025-11-02 21:01:29.902093,1
环081,文042,@提及,2025-10-24 15:27:29.902093,4
人045,文072,群聊发言,2025-10-23 00:37:29.902093,4
环050,,@提及,2025-11-07 06:21:29.902093,5
环045,环097,私聊,2025-10-30 04:03:29.902093,2
人057,文062,@提及,2025-10-30 15:04:29.902093,2
文058,环036,群聊发言,2025-10-24 18:39:29.902093,3
人026,人070,文件分享,2025-10-22 19:17:29.902093,5
环008,人094,@提及,2025-11-16 12:53:29.902093,3
人055,环064,群聊发言,2025-10-19 15:48:29.902093,1
环089,环079,@提及,2025-11-13 21:19:29.902093,2
环078,人062,群聊发言,2025-10-22 16:02:29.902093,5
文032,环098,@提及,2025-11-03 00:32:29.902093,3
文053,文071,文件分享,2025-10-29 07:41:29.902093,1
环056,环087,群聊发言,2025-11-07 14:54:29.902093,1
环001,,群聊发言,2025-10-27 15:36:29.902093,3
人062,人080,@提及,2025-11-06 01:21:29.902093,3
人062,人080,@提及,2025-11-06 01:21:29.902093,3
人070,环074,文件分享,2025-10-22 13:06:29.902093,2
文055,,@提及,2025-11-16 14:49:29.902093,3
环051,环026,@提及,2025-11-04 02:11:29.902093,4
环058,人034,群聊发言,2025-11-05 10:57:29.902093,3
文010,环011,群聊发言,2025-10-21 23:52:29.902093,4
文010,环011,群聊发言,2025-10-21 23:52:29.902093,4
文032,环032,@提及,2025-10-28 03:47:29.902093,1
文032,环032,@提及,2025-10-28 03:47:29.902093,1
环090,环053,@提及,2025-11-11 07:31:29.902093,1
文022,人045,文件分享,2025-11-06 01:58:29.902093,5
人002,环079,私聊,2025-11-12 04:45:29.902093,2
环079,文062,私聊,2025-10-26 09:20:29.902093,5
人078,文049,群聊发言,2025-11-05 01:21:29.902093,1
人012,环094,@提及,2025-11-03 01:09:29.902093,4
人031,人043,@提及,2025-10-25 11:01:29.902093,4
环060,环021,群聊发言,2025-10-30 04:01:29.902093,2
文003,文032,@提及,2025-10-29 20:09:29.902093,3
文027,人087,@提及,2025-11-07 02:33:29.902093,1
环084,文076,@提及,2025-10-23 08:40:29.902093,3
环084,文076,@提及,2025-10-23 08:40:29.902093,3
文083,人018,群聊发言,2025-11-10 14:30:29.902093,3
人011,文087,群聊发言,2025-10-25 13:46:29.902093,3
环100,文066,私聊,2025-11-07 00:18:29.902093,3
人004,环082,群聊发言,2025-11-15 01:44:29.902093,4
人004,环082,群聊发言,2025-11-15 01:44:29.902093,4
文083,文039,群聊发言,2025-11-13 14:49:29.902093,4
环042,文025,@提及,2025-11-07 10:11:29.902093,1
人025,,私聊,2025-10-28 05:07:29.902093,1
环037,人091,文件分享,2025-11-06 00:37:29.902093,1
文078,文040,@提及,2025-10-24 23:18:29.902093,4
人044,文055,群聊发言,2025-10-30 08:48:29.902093,5
环054,人069,文件分享,2025-10-26 16:27:29.902093,3
文080,人023,群聊发言,2025-10-27 09:59:29.902093,1
文080,人023,群聊发言,2025-10-27 09:59:29.902093,1
环097,环084,群聊发言,2025-11-14 03:04:29.902093,4
环091,文061,群聊发言,2025-11-05 19:00:29.902093,3
环043,文054,文件分享,2025-11-01 10:15:29.902093,5
环043,,文件分享,2025-11-01 10:15:29.902093,5
文078,环090,私聊,2025-10-26 07:29:29.902093,2
文078,环090,私聊,2025-10-26 07:29:29.902093,2
文017,人012,群聊发言,2025-10-20 10:05:29.902093,5
环057,文091,@提及,2025-11-10 23:58:29.902093,3
环007,环080,@提及,2025-11-04 22:00:29.902093,3
文069,环080,私聊,2025-10-28 19:55:29.902093,4
文044,人058,@提及,2025-11-17 17:58:29.902093,5
人013,文029,群聊发言,2025-11-08 04:39:29.902093,1
人036,文056,群聊发言,2025-11-11 11:22:29.902093,4
环028,环033,私聊,2025-11-01 19:59:29.902093,2
环086,文052,私聊,2025-11-12 18:29:29.902093,1
环014,人029,文件分享,2025-10-22 19:15:29.902093,1
人088,环037,@提及,2025-10-28 00:05:29.902093,5
环052,环095,群聊发言,2025-10-26 21:57:29.902093,5
文065,人013,@提及,2025-10-19 18:08:29.902093,1
文033,文043,文件分享,2025-10-23 04:38:29.902093,3
文076,人025,@提及,2025-10-26 04:45:29.902093,4
文058,人047,@提及,2025-11-16 12:27:29.902093,5
文048,文029,私聊,2025-11-05 11:55:29.902093,1
人073,环002,群聊发言,2025-11-17 03:39:29.902093,4
人073,环002,群聊发言,2025-11-17 03:39:29.902093,4
人024,文023,群聊发言,2025-10-22 16:30:29.902093,5
文085,文089,群聊发言,2025-10-21 04:58:29.902093,4
人041,环082,私聊,2025-11-11 19:28:29.902093,4
文072,人055,群聊发言,2025-10-19 11:28:29.902093,4
人020,文090,文件分享,2025-11-01 23:51:29.902093,4
环030,文053,群聊发言,2025-10-22 11:29:29.902093,1
环007,人011,私聊,2025-10-29 02:43:29.902093,1
文028,文067,文件分享,2025-10-21 04:30:29.902093,2
文066,人044,@提及,2025-10-31 03:30:29.902093,5
文070,环009,群聊发言,2025-11-09 09:38:29.902093,5
人040,环080,群聊发言,2025-10-28 07:47:29.902093,4
人040,环080,群聊发言,2025-10-28 07:47:29.902093,4
文047,环057,文件分享,2025-11-07 08:01:29.902093,4
人076,文012,私聊,2025-10-22 23:19:29.902093,1
文100,人027,私聊,2025-10-23 02:19:29.902093,3
文058,文015,群聊发言,2025-11-05 01:23:29.902093,2
环081,环059,@提及,2025-11-09 07:08:29.902093,5
人006,环066,@提及,2025-11-02 16:59:29.902093,5
文092,文037,群聊发言,2025-10-30 13:11:29.902093,2
人090,人087,@提及,2025-10-20 05:12:29.902093,2
环072,文010,@提及,2025-10-23 15:39:29.902093,4
环072,文010,@提及,2025-10-23 15:39:29.902093,4
人019,人004,群聊发言,2025-10-25 12:23:29.902093,4
人014,环028,私聊,2025-10-19 08:35:29.902093,1
人043,文065,私聊,2025-10-26 03:37:29.902093,2
环028,人093,群聊发言,2025-10-21 10:04:29.902093,4
环040,人006,私聊,2025-10-25 15:05:29.902093,2
人063,文023,私聊,2025-10-29 19:01:29.902093,2
文098,人030,文件分享,2025-11-16 02:07:29.902093,4
文096,文091,@提及,2025-11-06 14:35:29.902093,3
环012,环071,群聊发言,2025-11-11 14:19:29.902093,1
环020,人036,@提及,2025-10-21 18:55:29.902093,3
环041,环065,文件分享,2025-10-24 17:57:29.902093,5
人050,人057,群聊发言,2025-10-22 18:23:29.902093,1
人008,文077,群聊发言,2025-10-22 15:55:29.902093,2
文026,人087,私聊,2025-11-17 19:36:29.902093,1
人001,人087,群聊发言,2025-11-12 06:28:29.902093,3
人001,人087,群聊发言,2025-11-12 06:28:29.902093,3
环086,文055,群聊发言,2025-10-19 19:40:29.902093,2
人006,环017,@提及,2025-10-22 18:26:29.902093,3
人059,人052,文件分享,2025-10-25 02:33:29.902093,4
人059,人052,文件分享,2025-10-25 02:33:29.902093,4
环081,文008,群聊发言,2025-11-07 13:16:29.902093,1
文040,,文件分享,2025-10-23 07:06:29.902093,1
人083,,文件分享,2025-11-08 18:47:29.902093,5
人079,人032,@提及,2025-11-12 09:11:29.902093,1
文058,人054,文件分享,2025-10-28 20:46:29.902093,5
环077,环003,群聊发言,2025-11-02 23:18:29.902093,4
人031,,群聊发言,2025-10-28 14:55:29.902093,2
文100,文011,文件分享,2025-10-28 06:38:29.902093,5
环070,文075,私聊,2025-11-16 18:03:29.902093,1
文071,文064,群聊发言,2025-11-16 09:40:29.902093,3
环067,人035,私聊,2025-10-31 13:32:29.902093,3
人007,人057,@提及,2025-11-10 14:40:29.902093,3
环016,环023,@提及,2025-11-13 13:40:29.902093,4
环001,人053,群聊发言,2025-10-31 07:59:29.902093,5
文002,人034,私聊,2025-11-09 00:20:29.902093,2
人043,人045,@提及,2025-11-16 10:20:29.902093,5
环100,文091,群聊发言,2025-10-30 11:19:29.902093,3
环068,文067,群聊发言,2025-10-20 00:57:29.902093,1
环015,人058,群聊发言,2025-11-17 16:52:29.902093,2
环001,人016,群聊发言,2025-11-02 05:56:29.902093,4
人036,人082,@提及,2025-11-17 08:31:29.902093,2
文020,文091,私聊,2025-11-05 21:15:29.902093,2
文071,环087,私聊,2025-11-04 13:17:29.902093,2
人026,文078,群聊发言,2025-11-06 00:41:29.902093,4
环051,人084,私聊,2025-11-10 12:51:29.902093,3
文027,环087,文件分享,2025-11-05 14:40:29.902093,4
环059,环020,@提及,2025-10-19 12:16:29.902093,3
环087,环068,群聊发言,2025-11-02 19:41:29.902093,5
人052,,@提及,2025-11-02 13:53:29.902093,5
文029,文052,文件分享,2025-10-25 12:18:29.902093,5
文087,人014,@提及,2025-10-30 23:32:29.902093,3
环017,文098,群聊发言,2025-11-17 01:58:29.902093,2
环017,文098,群聊发言,2025-11-17 01:58:29.902093,2
文026,人062,@提及,2025-10-20 21:33:29.902093,4
人073,人056,私聊,2025-10-27 02:26:29.902093,4
环027,人027,群聊发言,2025-11-09 06:10:29.902093,2
人065,环046,私聊,2025-11-16 22:03:29.902093,1
文039,文084,群聊发言,2025-11-07 09:07:29.902093,3
文005,文074,群聊发言,2025-11-10 11:58:29.902093,1
环046,文052,群聊发言,2025-11-16 09:46:29.902093,3
人063,文057,私聊,2025-11-03 16:28:29.902093,2
文051,环002,@提及,2025-11-04 09:29:29.902093,2
文051,环002,@提及,2025-11-04 09:29:29.902093,2
文063,环004,私聊,2025-10-28 03:39:29.902093,5
环034,环031,私聊,2025-11-06 18:08:29.902093,1
人037,文004,@提及,2025-11-02 08:43:29.902093,3
人004,环052,私聊,2025-11-15 04:11:29.902093,5
文053,环014,@提及,2025-11-02 13:18:29.902093,3
环007,文073,群聊发言,2025-11-12 12:00:29.902093,4
人098,文080,群聊发言,2025-11-04 09:52:29.902093,3
人030,人056,群聊发言,2025-11-07 14:26:29.902093,2
环075,文098,群聊发言,2025-10-19 17:36:29.902093,5
人076,环040,私聊,2025-10-23 10:52:29.902093,4
文082,人088,群聊发言,2025-11-15 00:31:29.902093,1
文060,人087,@提及,2025-10-30 16:34:29.902093,5
环040,文099,群聊发言,2025-10-28 22:14:29.902093,5
文067,文031,文件分享,2025-11-09 12:00:29.902093,3
人044,人095,群聊发言,2025-11-17 06:55:29.902093,3
人080,文037,群聊发言,2025-11-15 06:38:29.902093,1
环098,文050,私聊,2025-11-10 09:12:29.902093,1
文017,文091,私聊,2025-11-12 05:09:29.902093,3
文099,人005,群聊发言,2025-10-20 17:40:29.902093,1
环048,人023,群聊发言,2025-10-30 08:05:29.902093,1
环048,人056,@提及,2025-11-16 13:29:29.902093,4
人039,人011,群聊发言,2025-11-01 06:38:29.902093,5
人089,文024,私聊,2025-11-17 02:24:29.902093,2
人025,文016,群聊发言,2025-10-30 15:40:29.902093,3
环006,环046,群聊发言,2025-10-23 07:11:29.902093,5
人023,文022,群聊发言,2025-11-15 23:57:29.902093,5
人044,人006,私聊,2025-11-05 07:29:29.902093,4
文012,人094,群聊发言,2025-11-01 16:11:29.902093,1
环094,文084,群聊发言,2025-11-09 09:24:29.902093,2
人044,人073,群聊发言,2025-10-21 18:42:29.902093,1
人029,文091,群聊发言,2025-10-18 23:05:29.902093,3
人072,人043,群聊发言,2025-10-31 06:29:29.902093,4
人072,人043,群聊发言,2025-10-31 06:29:29.902093,4
人039,人028,群聊发言,2025-11-13 13:36:29.902093,1
人054,文012,@提及,2025-10-22 21:06:29.902093,5
环035,文054,@提及,2025-10-24 13:08:29.902093,3
环076,人015,@提及,2025-11-02 10:44:29.902093,3
文081,文093,群聊发言,2025-11-06 08:46:29.902093,2
文081,文093,群聊发言,2025-11-06 08:46:29.902093,2
人067,环043,私聊,2025-10-25 16:40:29.902093,5
文068,环049,私聊,2025-11-05 00:34:29.902093,1
人054,环068,文件分享,2025-10-21 18:02:29.902093,4
人060,人075,私聊,2025-10-31 12:48:29.902093,1
环083,文048,文件分享,2025-10-27 15:22:29.902093,2
人067,人085,私聊,2025-11-13 20:31:29.902093,5
环068,环036,群聊发言,2025-10-24 21:52:29.902093,3
人093,文002,群聊发言,2025-11-02 03:31:29.902093,2
环091,环066,群聊发言,2025-10-26 23:48:29.902093,1
环088,环034,@提及,2025-11-16 13:48:29.902093,2
文027,人009,私聊,2025-10-31 04:44:29.902093,2
环062,环095,文件分享,2025-10-21 00:45:29.902093,5
人090,环071,@提及,2025-10-30 14:18:29.902093,1
文037,,群聊发言,2025-11-17 17:47:29.902093,5
人081,人095,群聊发言,2025-10-29 14:38:29.902093,1
文012,环095,群聊发言,2025-10-27 03:24:29.902093,4
人055,环082,私聊,2025-10-19 06:00:29.902093,4
环100,,文件分享,2025-11-13 11:08:29.902093,2
环024,人090,文件分享,2025-11-16 07:02:29.902093,3
文065,文063,私聊,2025-10-25 00:07:29.902093,1
环017,文060,群聊发言,2025-11-01 10:45:29.902093,1
环077,环062,私聊,2025-11-05 17:07:29.902093,2
人064,环057,私聊,2025-11-10 19:32:29.902093,1
环088,人016,@提及,2025-10-26 18:02:29.902093,2
文067,环012,@提及,2025-11-08 16:22:29.902093,2
环064,文005,群聊发言,2025-10-29 22:54:29.902093,1
环028,人098,群聊发言,2025-11-15 05:26:29.902093,2
人091,环090,@提及,2025-11-13 04:05:29.902093,1
人070,文075,@提及,2025-10-23 10:53:29.902093,5
环061,环086,私聊,2025-10-21 13:25:29.902093,3
环039,文067,@提及,2025-10-29 19:10:29.902093,2
环046,文022,@提及,2025-10-27 06:27:29.902093,1
文010,,群聊发言,2025-11-08 00:55:29.902093,2
文093,环088,群聊发言,2025-11-08 07:23:29.902093,1
人047,人057,@提及,2025-10-31 16:51:29.902093,1
人098,人037,@提及,2025-10-27 16:27:29.902093,5
环049,文033,群聊发言,2025-11-12 17:03:29.902093,2
人037,人010,私聊,2025-10-22 08:12:29.902093,3
人043,环016,@提及,2025-11-14 06:34:29.902093,5
人043,环016,@提及,2025-11-14 06:34:29.902093,5
文093,人019,@提及,2025-11-10 00:09:29.902093,4
人079,文091,私聊,2025-11-09 00:02:29.902093,1
文083,环091,私聊,2025-10-26 18:29:29.902093,5
人100,文064,文件分享,2025-11-02 13:17:29.902093,4
环084,人084,群聊发言,2025-11-09 14:01:29.902093,1
文018,文047,群聊发言,2025-11-08 05:10:29.902093,3
文023,文060,群聊发言,2025-11-07 16:11:29.902093,2
环083,文100,群聊发言,2025-10-20 21:03:29.902093,4
人011,文065,文件分享,2025-11-17 08:48:29.902093,4
环005,环069,@提及,2025-11-11 05:59:29.902093,4
环008,环084,@提及,2025-10-31 08:30:29.902093,5
环050,环092,@提及,2025-10-26 00:14:29.902093,2
人003,人015,群聊发言,2025-10-29 10:20:29.902093,2
人003,人015,群聊发言,2025-10-29 10:20:29.902093,2
人074,文088,私聊,2025-10-29 23:47:29.902093,4
人074,文088,私聊,2025-10-29 23:47:29.902093,4
文044,人071,群聊发言,2025-11-08 10:17:29.902093,4
文044,人071,群聊发言,2025-11-08 10:17:29.902093,4
环036,环091,@提及,2025-11-15 06:18:29.902093,1
环036,环091,@提及,2025-11-15 06:18:29.902093,1
人037,人039,@提及,2025-10-28 21:47:29.902093,1
环077,文034,@提及,2025-11-17 01:15:29.902093,3
环050,环066,@提及,2025-10-30 08:22:29.902093,5
环091,环065,私聊,2025-11-12 04:20:29.902093,5
人030,人061,群聊发言,2025-10-20 03:05:29.902093,3
文081,环083,文件分享,2025-11-11 22:09:29.902093,1
环097,人092,@提及,2025-11-12 16:24:29.902093,2
人023,文059,@提及,2025-11-10 04:21:29.902093,5
人033,环085,@提及,2025-10-18 22:09:29.902093,2
文069,文093,群聊发言,2025-11-09 00:44:29.902093,3
文017,文007,@提及,2025-10-29 22:24:29.902093,4
文092,环062,私聊,2025-11-06 00:49:29.902093,3
文031,人034,@提及,2025-10-19 08:11:29.902093,2
人076,文004,@提及,2025-10-19 10:09:29.902093,1
文054,文090,群聊发言,2025-10-20 05:51:29.902093,5
人019,环087,群聊发言,2025-10-31 23:02:29.902093,5
环003,人006,@提及,2025-10-29 10:13:29.902093,5
环003,人006,@提及,2025-10-29 10:13:29.902093,5
文056,环034,文件分享,2025-11-06 13:54:29.902093,5
人019,文049,群聊发言,2025-10-27 17:43:29.902093,4
环023,人059,私聊,2025-10-22 10:12:29.902093,3
环029,文023,私聊,2025-10-22 12:22:29.902093,2
环005,文090,群聊发言,2025-10-31 21:23:29.902093,3
环083,人018,@提及,2025-10-24 04:42:29.902093,5
文039,环020,@提及,2025-10-24 01:30:29.902093,2
人085,人065,@提及,2025-11-01 14:30:29.902093,3
文036,文085,私聊,2025-10-20 11:58:29.902093,3
人069,文099,群聊发言,2025-10-23 03:48:29.902093,1
人078,文069,群聊发言,2025-11-07 21:59:29.902093,1
环016,人035,群聊发言,2025-10-20 16:27:29.902093,2
文028,文094,文件分享,2025-11-03 02:28:29.902093,4
环044,人014,@提及,2025-11-14 01:04:29.902093,2
文081,人071,@提及,2025-10-20 03:25:29.902093,2
环003,文088,私聊,2025-11-16 19:23:29.902093,4
文088,人019,私聊,2025-11-02 13:37:29.902093,5
文088,人019,私聊,2025-11-02 13:37:29.902093,5
人011,人013,私聊,2025-11-15 14:31:29.902093,4
环030,人100,@提及,2025-11-17 16:30:29.902093,4
文074,人071,群聊发言,2025-10-29 08:46:29.902093,3
文074,文046,群聊发言,2025-10-20 13:49:29.902093,1
人054,文054,私聊,2025-11-16 12:00:29.902093,3
人058,环065,群聊发言,2025-10-19 00:54:29.902093,2
人082,环022,私聊,2025-10-22 20:59:29.902093,3
文075,文001,群聊发言,2025-11-03 00:39:29.902093,5
人025,环019,@提及,2025-11-10 15:35:29.902093,2
环099,文040,@提及,2025-10-23 15:03:29.902093,3
文023,环049,群聊发言,2025-11-13 16:19:29.902093,4
文021,环007,私聊,2025-11-12 05:27:29.902093,2
文021,环007,私聊,2025-11-12 05:27:29.902093,2
人098,人022,@提及,2025-10-31 12:47:29.902093,1
文022,人039,群聊发言,2025-10-30 03:14:29.902093,3
人081,环043,@提及,2025-11-11 09:34:29.902093,3
环019,环092,@提及,2025-10-23 18:36:29.902093,5
环065,人058,文件分享,2025-10-31 22:11:29.902093,4
环021,环092,私聊,2025-11-07 18:21:29.902093,3
环083,文046,文件分享,2025-11-12 05:53:29.902093,4
文053,文012,群聊发言,2025-10-24 13:38:29.902093,3
文073,环004,群聊发言,2025-11-15 15:09:29.902093,2
人019,,@提及,2025-10-30 05:23:29.902093,5
人013,人076,群聊发言,2025-11-16 03:07:29.902093,1
文100,环015,@提及,2025-10-23 02:26:29.902093,3
文100,环015,@提及,2025-10-23 02:26:29.902093,3
人060,人084,@提及,2025-10-26 03:42:29.902093,5
文054,环077,文件分享,2025-10-25 06:38:29.902093,4
文028,文048,@提及,2025-11-14 00:29:29.902093,4
文054,人029,文件分享,2025-11-04 04:38:29.902093,3
环026,文080,群聊发言,2025-10-28 09:17:29.902093,5
环097,环099,群聊发言,2025-10-25 09:19:29.902093,3
人019,环018,群聊发言,2025-10-21 15:28:29.902093,3
环001,环090,群聊发言,2025-11-10 02:30:29.902093,2
环001,环090,群聊发言,2025-11-10 02:30:29.902093,2
环012,文083,私聊,2025-11-01 08:17:29.902093,1
环066,文080,群聊发言,2025-10-29 15:48:29.902093,5
环040,文035,@提及,2025-11-04 19:02:29.902093,4
环040,文035,@提及,2025-11-04 19:02:29.902093,4
人017,环049,@提及,2025-10-25 01:11:29.902093,4
环074,人086,私聊,2025-11-07 18:49:29.902093,4
人088,环087,群聊发言,2025-11-11 17:12:29.902093,4
环019,文042,@提及,2025-10-30 15:20:29.902093,4
文019,文081,群聊发言,2025-11-11 02:53:29.902093,1
文079,人027,群聊发言,2025-11-03 15:00:29.902093,5
文100,人013,私聊,2025-10-21 02:58:29.902093,3
文100,人013,私聊,2025-10-21 02:58:29.902093,3
人039,文043,群聊发言,2025-10-26 07:55:29.902093,5
环086,文035,@提及,2025-11-06 08:03:29.902093,5
文022,人078,群聊发言,2025-10-29 11:30:29.902093,4
环055,环002,私聊,2025-11-01 06:36:29.902093,4
环026,环028,@提及,2025-10-20 19:57:29.902093,5
人051,文048,私聊,2025-10-28 08:34:29.902093,4
文055,人069,群聊发言,2025-11-01 00:00:29.902093,2
环030,环042,群聊发言,2025-11-17 15:43:29.902093,1
环030,环042,群聊发言,2025-11-17 15:43:29.902093,1
文032,文062,群聊发言,2025-11-14 17:49:29.902093,2
环051,人049,文件分享,2025-10-27 15:07:29.902093,1
环023,,群聊发言,2025-10-21 03:11:29.902093,5
环022,环092,@提及,2025-10-30 16:01:29.902093,4
环030,文047,群聊发言,2025-10-19 12:36:29.902093,5
人049,环011,@提及,2025-10-24 02:28:29.902093,2
环069,文071,私聊,2025-11-11 09:49:29.902093,1
文080,人021,群聊发言,2025-10-24 13:34:29.902093,2
人006,文095,@提及,2025-10-22 14:06:29.902093,3
文065,人051,@提及,2025-11-03 12:21:29.902093,3
环067,人078,群聊发言,2025-10-30 16:18:29.902093,5
文051,环057,私聊,2025-10-23 04:06:29.902093,4
文002,文033,群聊发言,2025-11-03 13:26:29.902093,5
文002,文033,群聊发言,2025-11-03 13:26:29.902093,5
文069,人073,群聊发言,2025-10-22 00:47:29.902093,2
文042,环008,私聊,2025-10-25 04:04:29.902093,5
人089,文031,文件分享,2025-10-19 08:16:29.902093,3
人026,人075,@提及,2025-10-22 02:05:29.902093,3
文051,文025,私聊,2025-10-27 05:12:29.902093,1
文065,人041,@提及,2025-11-02 16:16:29.902093,2
环095,环062,文件分享,2025-11-15 14:50:29.902093,2
人066,文058,群聊发言,2025-11-03 12:08:29.902093,1
文021,文088,群聊发言,2025-10-26 12:29:29.902093,4
文021,文088,群聊发言,2025-10-26 12:29:29.902093,4
人003,人098,文件分享,2025-10-26 18:45:29.902093,3
文046,文086,群聊发言,2025-10-26 04:20:29.902093,1
人005,环011,群聊发言,2025-11-14 06:44:29.902093,3
人055,环011,群聊发言,2025-11-16 12:30:29.902093,4
文058,环065,文件分享,2025-11-06 02:19:29.902093,1
环052,文063,群聊发言,2025-11-14 12:58:29.902093,2
环038,文035,文件分享,2025-11-01 08:13:29.902093,4
文100,环068,@提及,2025-11-04 19:39:29.902093,1
人012,人052,@提及,2025-11-14 15:30:29.902093,1
环050,文091,@提及,2025-11-03 22:53:29.902093,5
文099,,文件分享,2025-10-21 12:35:29.902093,2
人081,文072,群聊发言,2025-10-26 14:30:29.902093,1
人068,文096,@提及,2025-10-26 01:17:29.902093,1
环034,文048,私聊,2025-11-05 21:20:29.902093,3
环062,人022,私聊,2025-11-03 19:06:29.902093,3
人081,人065,@提及,2025-11-17 11:55:29.902093,1
文025,环094,群聊发言,2025-10-22 16:57:29.902093,2
环044,人015,群聊发言,2025-11-15 06:53:29.902093,5
环058,人088,群聊发言,2025-10-21 04:32:29.902093,2
环058,,群聊发言,2025-10-21 04:32:29.902093,2
环049,人100,文件分享,2025-10-30 11:46:29.902093,3
人053,环022,群聊发言,2025-11-01 11:18:29.902093,5
人029,人039,群聊发言,2025-10-27 05:40:29.902093,3
人048,文096,@提及,2025-10-25 09:26:29.902093,5
人047,环031,@提及,2025-10-25 16:58:29.902093,3
文064,文091,文件分享,2025-10-29 14:27:29.902093,2
文015,,@提及,2025-11-16 17:10:29.902093,2
文072,人035,@提及,2025-11-13 02:04:29.902093,2
环005,人056,群聊发言,2025-11-03 11:22:29.902093,4
环072,环100,@提及,2025-10-29 11:55:29.902093,5
环082,人037,@提及,2025-11-06 03:43:29.902093,1
人019,环005,群聊发言,2025-10-27 16:15:29.902093,5
人004,人048,群聊发言,2025-10-21 03:51:29.902093,5
环028,人068,@提及,2025-10-26 10:50:29.902093,4
环065,文048,私聊,2025-10-29 05:24:29.902093,1
环065,文048,私聊,2025-10-29 05:24:29.902093,1
环059,环053,群聊发言,2025-11-13 11:59:29.902093,4
环059,环053,群聊发言,2025-11-13 11:59:29.902093,4
文081,人007,私聊,2025-10-21 22:12:29.902093,3
人033,文024,群聊发言,2025-11-17 13:03:29.902093,3
文023,人004,群聊发言,2025-11-16 10:40:29.902093,2
人061,环081,@提及,2025-11-11 07:46:29.902093,1
文085,环016,群聊发言,2025-10-26 13:35:29.902093,3
环056,文070,群聊发言,2025-11-03 08:51:29.902093,2
人061,人096,群聊发言,2025-10-27 23:47:29.902093,1
人045,环099,群聊发言,2025-10-29 07:55:29.902093,2
人018,人076,私聊,2025-10-18 20:46:29.902093,5
文027,环011,私聊,2025-10-21 09:41:29.902093,4
文043,环075,群聊发言,2025-11-06 10:48:29.902093,2
文051,人005,群聊发言,2025-10-26 16:11:29.902093,5
文053,人070,群聊发言,2025-10-31 12:52:29.902093,5
环048,,@提及,2025-11-01 09:19:29.902093,2
人001,环053,群聊发言,2025-10-28 10:30:29.902093,5
人029,环024,@提及,2025-11-04 17:02:29.902093,3
文015,人005,群聊发言,2025-11-13 16:34:29.902093,5
环071,人089,私聊,2025-10-27 11:41:29.902093,2
文049,人021,私聊,2025-10-30 02:52:29.902093,1
文079,环039,@提及,2025-10-29 14:02:29.902093,1
文096,人015,@提及,2025-11-02 12:29:29.902093,4
人043,文047,私聊,2025-11-13 08:28:29.902093,5
人046,环002,群聊发言,2025-10-22 02:09:29.902093,2
环008,文068,群聊发言,2025-11-06 07:44:29.902093,2
文043,环013,群聊发言,2025-10-18 21:02:29.902093,4
人076,文021,@提及,2025-11-14 07:12:29.902093,5
文002,环053,@提及,2025-11-04 06:41:29.902093,1
环054,人074,@提及,2025-10-19 03:36:29.902093,3
环054,人074,@提及,2025-10-19 03:36:29.902093,3
人086,文053,@提及,2025-10-31 16:58:29.902093,5
环075,环088,群聊发言,2025-11-14 05:16:29.902093,3
文008,环073,@提及,2025-11-15 10:35:29.902093,2
环068,文015,@提及,2025-10-22 06:22:29.902093,1
环068,文015,@提及,2025-10-22 06:22:29.902093,1
文027,文051,私聊,2025-10-19 10:33:29.902093,3
环002,环060,群聊发言,2025-11-15 04:45:29.902093,1
人011,环046,群聊发言,2025-10-21 00:03:29.902093,4
人022,,群聊发言,2025-10-27 13:28:29.902093,3
人024,人012,群聊发言,2025-11-04 08:32:29.902093,4
人037,人087,@提及,2025-10-25 06:10:29.902093,3
文009,环098,私聊,2025-10-19 14:53:29.902093,4
文009,环098,私聊,2025-10-19 14:53:29.902093,4
人087,环033,文件分享,2025-11-03 00:42:29.902093,2
人097,人060,群聊发言,2025-11-02 16:44:29.902093,3
人085,人044,@提及,2025-11-12 14:40:29.902093,5
环032,环036,@提及,2025-10-23 08:10:29.902093,3
环032,环036,@提及,2025-10-23 08:10:29.902093,3
文002,环039,群聊发言,2025-11-15 18:36:29.902093,4
文066,人058,@提及,2025-10-30 00:41:29.902093,1
人025,人049,私聊,2025-10-29 07:50:29.902093,1
文073,环054,@提及,2025-11-02 15:21:29.902093,4
人033,环083,群聊发言,2025-11-04 18:59:29.902093,5
人051,文003,私聊,2025-10-23 18:32:29.902093,1
环098,人002,@提及,2025-11-05 09:14:29.902093,3
文079,人039,私聊,2025-10-29 15:28:29.902093,1
环073,人056,私聊,2025-10-31 03:24:29.902093,3
环069,环040,@提及,2025-11-10 00:05:29.902093,3
人067,文050,群聊发言,2025-10-24 17:21:29.902093,3
文012,人080,文件分享,2025-11-12 05:48:29.902093,2
人045,环093,群聊发言,2025-11-01 16:16:29.902093,3
人016,文043,群聊发言,2025-11-17 03:33:29.902093,2
环027,文020,群聊发言,2025-10-29 18:47:29.902093,5
环062,环028,私聊,2025-10-27 10:21:29.902093,3
环038,人017,私聊,2025-11-05 19:29:29.902093,5
文083,文097,@提及,2025-11-03 04:14:29.902093,1
文083,文097,@提及,2025-11-03 04:14:29.902093,1
环013,文022,群聊发言,2025-10-24 03:37:29.902093,5
文091,环017,群聊发言,2025-10-26 13:51:29.902093,2
环047,人024,群聊发言,2025-10-23 19:08:29.902093,5
人017,,群聊发言,2025-11-07 03:56:29.902093,1
人046,文007,@提及,2025-10-24 07:53:29.902093,3
人046,文007,@提及,2025-10-24 07:53:29.902093,3
人013,人010,群聊发言,2025-10-19 19:53:29.902093,4
环099,环014,私聊,2025-11-14 04:50:29.902093,5
环099,环014,私聊,2025-11-14 04:50:29.902093,5
文052,文053,文件分享,2025-10-20 13:54:29.902093,3
人053,环024,文件分享,2025-10-25 00:40:29.902093,4
文027,文024,群聊发言,2025-10-19 04:15:29.902093,1
文084,人037,@提及,2025-10-24 06:30:29.902093,1
文018,环059,@提及,2025-10-26 02:25:29.902093,2
人016,人036,私聊,2025-10-20 04:36:29.902093,5
文034,人087,群聊发言,2025-11-03 01:39:29.902093,4
文089,环046,@提及,2025-10-21 13:48:29.902093,1
文031,,群聊发言,2025-10-20 05:50:29.902093,1
文082,环060,群聊发言,2025-10-24 01:18:29.902093,4
环084,环093,群聊发言,2025-10-21 15:46:29.902093,1
人022,人100,群聊发言,2025-11-06 19:32:29.902093,5
环071,人019,私聊,2025-11-03 11:56:29.902093,1
文054,人062,文件分享,2025-11-05 17:57:29.902093,5
环077,人008,@提及,2025-11-13 16:04:29.902093,1
环077,人008,@提及,2025-11-13 16:04:29.902093,1
环042,环056,文件分享,2025-11-03 11:05:29.902093,2
环042,环056,文件分享,2025-11-03 11:05:29.902093,2
文006,人075,群聊发言,2025-11-01 20:37:29.902093,2
环094,人054,群聊发言,2025-11-04 22:42:29.902093,3
环094,人054,群聊发言,2025-11-04 22:42:29.902093,3
人017,环005,私聊,2025-10-27 21:09:29.902093,5
环029,环057,群聊发言,2025-11-04 04:32:29.902093,3
环072,文087,文件分享,2025-10-29 22:22:29.902093,5
文032,文004,群聊发言,2025-10-23 01:38:29.902093,1
文009,人023,群聊发言,2025-10-29 22:13:29.902093,5
环096,人026,@提及,2025-11-10 23:56:29.902093,3
人027,人011,文件分享,2025-10-29 00:48:29.902093,4
文004,文028,群聊发言,2025-11-17 01:53:29.902093,1
人090,环027,私聊,2025-11-03 23:25:29.902093,3
文066,环002,群聊发言,2025-10-26 13:32:29.902093,5
环088,人053,@提及,2025-11-17 16:34:29.902093,2
人063,文007,@提及,2025-11-08 05:25:29.902093,1
环062,文038,文件分享,2025-11-03 13:12:29.902093,3
人078,人002,群聊发言,2025-10-20 12:34:29.902093,5
文017,环020,群聊发言,2025-11-06 13:19:29.902093,3
文051,环071,文件分享,2025-11-07 13:11:29.902093,2
文036,环053,群聊发言,2025-11-16 12:30:29.902093,2
环041,人036,文件分享,2025-11-16 04:07:29.902093,2
文085,环070,私聊,2025-11-15 04:54:29.902093,4
文026,文097,私聊,2025-10-18 21:48:29.902093,1
文026,文097,私聊,2025-10-18 21:48:29.902093,1
文025,文034,群聊发言,2025-10-26 10:35:29.902093,3
环070,人032,私聊,2025-11-04 00:24:29.902093,5
环042,环058,文件分享,2025-11-16 08:01:29.902093,4
环042,环058,文件分享,2025-11-16 08:01:29.902093,4
人041,文064,@提及,2025-11-07 20:39:29.902093,5
环081,人030,文件分享,2025-11-02 15:24:29.902093,5
人032,环037,私聊,2025-11-07 02:47:29.902093,4
文086,人067,@提及,2025-11-04 14:33:29.902093,3
文075,人044,私聊,2025-11-13 13:34:29.902093,2
人053,环015,私聊,2025-11-17 17:27:29.902093,5
人053,环015,私聊,2025-11-17 17:27:29.902093,5
文051,人033,文件分享,2025-11-07 11:08:29.902093,5
文075,环065,群聊发言,2025-11-04 05:03:29.902093,4
文023,人005,私聊,2025-11-01 07:19:29.902093,3
环061,文015,群聊发言,2025-10-31 02:00:29.902093,1
文067,环008,文件分享,2025-11-11 03:21:29.902093,5
人009,,群聊发言,2025-11-03 13:01:29.902093,2
文003,环014,@提及,2025-11-15 07:39:29.902093,2
人038,人042,群聊发言,2025-10-29 04:25:29.902093,2
环042,人054,群聊发言,2025-11-16 01:35:29.902093,1
环067,人008,@提及,2025-10-28 18:07:29.902093,1
人045,环085,文件分享,2025-11-05 19:44:29.902093,4
文001,文085,群聊发言,2025-11-09 03:00:29.902093,1
人013,人074,私聊,2025-10-22 05:05:29.902093,3
文009,,群聊发言,2025-11-14 01:10:29.902093,2
文065,环062,@提及,2025-10-20 09:47:29.902093,5
环047,环046,群聊发言,2025-10-25 07:38:29.902093,2
人027,人005,私聊,2025-11-13 23:44:29.902093,4
人069,文062,@提及,2025-11-06 07:56:29.902093,1
文048,文081,文件分享,2025-10-31 01:08:29.902093,2
人024,环083,@提及,2025-11-03 20:24:29.902093,4
环076,人009,私聊,2025-11-06 00:15:29.902093,2
环047,文057,群聊发言,2025-11-04 11:45:29.902093,3
环028,人082,群聊发言,2025-11-10 08:51:29.902093,3
环065,环018,群聊发言,2025-11-14 03:05:29.902093,4
人054,文012,@提及,2025-11-11 16:08:29.902093,2
环077,人093,文件分享,2025-11-11 23:15:29.902093,4
文050,环015,@提及,2025-10-21 17:33:29.902093,4
环057,环037,群聊发言,2025-10-20 09:08:29.902093,4
环031,人099,@提及,2025-10-28 07:03:29.902093,1
人048,,@提及,2025-10-21 13:05:29.902093,5
环091,文034,群聊发言,2025-10-27 11:25:29.902093,4
人098,环070,私聊,2025-11-11 09:47:29.902093,1
文086,文022,私聊,2025-11-08 10:31:29.902093,2
文099,文022,群聊发言,2025-11-08 09:14:29.902093,1
人061,人067,@提及,2025-11-05 22:58:29.902093,4
人047,文055,群聊发言,2025-10-20 11:07:29.902093,2
人039,文006,@提及,2025-11-11 20:58:29.902093,4
环046,环063,私聊,2025-10-31 01:24:29.902093,1
文011,文088,私聊,2025-11-09 11:03:29.902093,1
人018,人079,群聊发言,2025-11-08 19:40:29.902093,4
文024,,@提及,2025-10-28 23:36:29.902093,1
人038,环028,群聊发言,2025-11-08 20:16:29.902093,2
环086,,文件分享,2025-11-02 11:26:29.902093,4
文019,环016,私聊,2025-10-25 20:46:29.902093,5
环012,人006,文件分享,2025-11-17 08:23:29.902093,5
文029,环050,@提及,2025-10-29 03:32:29.902093,5
人077,环009,文件分享,2025-10-21 13:43:29.902093,5
环093,人002,群聊发言,2025-10-29 20:44:29.902093,1
人082,文092,@提及,2025-10-27 20:16:29.902093,2
文047,文015,群聊发言,2025-11-03 09:29:29.902093,1
环021,人055,文件分享,2025-11-15 04:49:29.902093,4
人094,人088,@提及,2025-11-05 10:21:29.902093,1
文076,人028,群聊发言,2025-11-08 17:43:29.902093,2
人023,环023,群聊发言,2025-10-31 05:02:29.902093,4
人097,人011,群聊发言,2025-11-05 10:15:29.902093,4
环052,文050,私聊,2025-11-07 00:54:29.902093,2
环001,人036,@提及,2025-11-15 13:38:29.902093,1
人034,文053,群聊发言,2025-10-25 05:00:29.902093,3
文017,文045,群聊发言,2025-10-27 04:23:29.902093,3
人070,文055,@提及,2025-10-27 14:12:29.902093,2
人024,人015,群聊发言,2025-11-01 20:14:29.902093,3
文008,人001,群聊发言,2025-11-13 03:24:29.902093,4
人083,人061,@提及,2025-11-16 18:04:29.902093,4
文064,环096,私聊,2025-10-22 00:39:29.902093,5
人054,人004,私聊,2025-10-27 23:16:29.902093,5
环015,文098,@提及,2025-11-07 18:32:29.902093,2
文078,人041,@提及,2025-11-06 15:21:29.902093,1
文009,文006,私聊,2025-10-24 12:56:29.902093,2
文018,人073,私聊,2025-10-31 02:55:29.902093,1
环025,环096,文件分享,2025-10-24 12:55:29.902093,5
环034,,群聊发言,2025-10-24 15:14:29.902093,2
人011,文043,@提及,2025-11-11 07:38:29.902093,2
文013,人081,群聊发言,2025-11-08 01:25:29.902093,3
人070,文099,群聊发言,2025-11-12 05:03:29.902093,3
环029,环020,@提及,2025-10-27 04:41:29.902093,2
环066,人014,私聊,2025-11-07 21:11:29.902093,1
环044,环033,文件分享,2025-10-28 09:03:29.902093,5
环062,文002,@提及,2025-11-01 08:17:29.902093,2
环062,文002,@提及,2025-11-01 08:17:29.902093,2
文024,环019,@提及,2025-11-13 00:49:29.902093,3
文095,文100,群聊发言,2025-10-22 01:13:29.902093,4
人071,环051,@提及,2025-10-31 02:06:29.902093,4
环028,环080,私聊,2025-11-14 21:21:29.902093,4
文062,环080,群聊发言,2025-11-16 22:55:29.902093,5
环032,人047,群聊发言,2025-10-31 08:35:29.902093,4
文016,文047,@提及,2025-11-11 22:36:29.902093,4
人001,环066,群聊发言,2025-11-12 21:24:29.902093,5
人029,人094,@提及,2025-10-22 08:02:29.902093,4
环097,,@提及,2025-11-07 16:55:29.902093,3
人057,环011,私聊,2025-10-31 19:40:29.902093,4
文029,环087,文件分享,2025-11-16 00:04:29.902093,2
环006,环055,群聊发言,2025-11-06 06:05:29.902093,4
环019,环029,群聊发言,2025-10-21 01:03:29.902093,5
环070,环081,群聊发言,2025-10-25 12:16:29.902093,1
环061,文078,@提及,2025-11-09 00:01:29.902093,2
人047,环061,@提及,2025-11-03 21:17:29.902093,2
人006,文086,@提及,2025-11-14 18:00:29.902093,4
人084,人005,私聊,2025-10-28 09:39:29.902093,2
人011,环023,@提及,2025-10-25 20:48:29.902093,2
文048,人037,@提及,2025-10-22 16:45:29.902093,2
文073,人065,群聊发言,2025-10-29 18:07:29.902093,5
文073,人065,群聊发言,2025-10-29 18:07:29.902093,5
环047,文063,文件分享,2025-11-17 15:05:29.902093,1
人090,人089,群聊发言,2025-11-08 03:25:29.902093,2
环071,环044,群聊发言,2025-11-10 17:38:29.902093,1
文015,文030,文件分享,2025-10-30 03:19:29.902093,4
环100,文057,私聊,2025-11-14 23:17:29.902093,2
人026,环097,群聊发言,2025-11-06 14:06:29.902093,5
人086,环062,私聊,2025-11-03 15:39:29.902093,2
环021,环056,群聊发言,2025-11-15 10:47:29.902093,1
文075,文092,@提及,2025-10-22 17:55:29.902093,3
文084,文019,群聊发言,2025-11-08 05:32:29.902093,3
人015,文080,群聊发言,2025-10-19 01:04:29.902093,2
环011,环048,@提及,2025-11-02 23:09:29.902093,3
人090,环090,@提及,2025-10-19 06:49:29.902093,4
人090,环090,@提及,2025-10-19 06:49:29.902093,4
人013,文047,群聊发言,2025-10-21 00:06:29.902093,1
环042,环016,群聊发言,2025-10-19 16:27:29.902093,4
环042,环016,群聊发言,2025-10-19 16:27:29.902093,4
文023,文078,群聊发言,2025-11-09 07:11:29.902093,5
环098,环094,@提及,2025-11-10 18:01:29.902093,5
环098,环094,@提及,2025-11-10 18:01:29.902093,5
人027,环039,私聊,2025-11-10 13:10:29.902093,5
文094,,群聊发言,2025-10-31 17:23:29.902093,5
环068,环025,@提及,2025-11-12 10:48:29.902093,2
环006,人022,@提及,2025-10-29 18:54:29.902093,5
文029,环019,@提及,2025-10-28 10:52:29.902093,3
文089,环039,群聊发言,2025-11-17 07:31:29.902093,1
文064,人085,@提及,2025-11-16 11:29:29.902093,5
文064,人085,@提及,2025-11-16 11:29:29.902093,5
环051,环055,群聊发言,2025-10-27 19:27:29.902093,5
环051,环055,群聊发言,2025-10-27 19:27:29.902093,5
人037,文005,私聊,2025-10-31 05:41:29.902093,5
文030,,私聊,2025-11-12 23:45:29.902093,4
文001,,@提及,2025-11-01 10:19:29.902093,2
人012,环018,群聊发言,2025-10-31 15:13:29.902093,1
人046,文038,@提及,2025-10-22 09:33:29.902093,4
文025,人068,私聊,2025-11-04 10:18:29.902093,4
文025,人068,私聊,2025-11-04 10:18:29.902093,4
人029,文082,@提及,2025-10-28 09:58:29.902093,5
文070,文031,私聊,2025-10-28 19:55:29.902093,5
文070,文031,私聊,2025-10-28 19:55:29.902093,5
文084,文028,群聊发言,2025-10-26 08:15:29.902093,1
环081,环061,@提及,2025-10-21 11:47:29.902093,3
文079,,群聊发言,2025-10-21 06:35:29.902093,5
文050,环076,@提及,2025-10-24 13:52:29.902093,5
环032,环028,群聊发言,2025-11-09 20:27:29.902093,4
环076,文059,群聊发言,2025-11-03 04:58:29.902093,5
人087,人100,私聊,2025-11-03 01:10:29.902093,1
人065,文011,群聊发言,2025-11-04 11:42:29.902093,2
人094,环043,私聊,2025-10-26 14:36:29.902093,2
环026,环051,群聊发言,2025-11-16 19:00:29.902093,1
环045,文081,群聊发言,2025-10-29 03:15:29.902093,4
人020,文042,@提及,2025-11-15 01:28:29.902093,5
人042,环017,@提及,2025-11-15 19:08:29.902093,2
文030,,文件分享,2025-10-26 20:17:29.902093,3
环087,环009,私聊,2025-10-19 17:09:29.902093,5
环087,环009,私聊,2025-10-19 17:09:29.902093,5
文059,文025,@提及,2025-11-09 17:18:29.902093,5
人042,人082,私聊,2025-10-30 08:38:29.902093,2
人099,文020,群聊发言,2025-11-10 07:30:29.902093,1
文067,人026,@提及,2025-10-20 10:36:29.902093,1
人040,人080,群聊发言,2025-10-21 01:27:29.902093,5
人040,人080,群聊发言,2025-10-21 01:27:29.902093,5
环038,人092,私聊,2025-11-15 05:08:29.902093,4
文035,文008,群聊发言,2025-11-08 23:13:29.902093,2
人046,文026,群聊发言,2025-11-06 18:21:29.902093,1
环048,文100,@提及,2025-11-09 00:26:29.902093,4
文012,环031,群聊发言,2025-11-05 16:58:29.902093,1
文048,环031,群聊发言,2025-11-15 19:20:29.902093,2
文048,环031,群聊发言,2025-11-15 19:20:29.902093,2
人003,人092,文件分享,2025-11-16 22:08:29.902093,1
文042,文018,群聊发言,2025-11-14 05:42:29.902093,5
文042,文018,群聊发言,2025-11-14 05:42:29.902093,5
文012,文021,群聊发言,2025-10-26 19:04:29.902093,2
文066,人087,群聊发言,2025-10-26 19:00:29.902093,5
人005,文003,@提及,2025-10-23 14:33:29.902093,4
人042,人009,群聊发言,2025-11-15 04:49:29.902093,2
文010,文085,私聊,2025-10-31 11:37:29.902093,2
人064,环090,文件分享,2025-10-19 13:19:29.902093,4
人074,文097,私聊,2025-11-15 18:27:29.902093,4
环060,环073,@提及,2025-11-10 00:41:29.902093,5
环083,文086,文件分享,2025-11-05 20:58:29.902093,4
文051,文032,私聊,2025-10-21 08:19:29.902093,2
人029,文098,群聊发言,2025-10-31 05:25:29.902093,5
环084,文096,群聊发言,2025-11-16 11:20:29.902093,2
环080,环011,@提及,2025-11-16 11:54:29.902093,1
环085,环061,@提及,2025-10-23 18:53:29.902093,3
环085,环061,@提及,2025-10-23 18:53:29.902093,3
人090,人086,@提及,2025-11-13 16:25:29.902093,5
人017,人032,群聊发言,2025-10-27 14:27:29.902093,4
人027,文092,私聊,2025-10-27 10:19:29.902093,3
文060,人096,群聊发言,2025-11-12 05:45:29.902093,2
人040,文034,@提及,2025-11-16 10:29:29.902093,5
人074,文077,私聊,2025-10-23 11:20:29.902093,1
人082,文072,群聊发言,2025-10-21 13:42:29.902093,2
文074,文058,群聊发言,2025-10-26 10:00:29.902093,1
文086,环078,私聊,2025-11-17 00:59:29.902093,2
文086,环078,私聊,2025-11-17 00:59:29.902093,2
文013,文065,私聊,2025-11-16 06:51:29.902093,3
人011,文067,@提及,2025-10-26 21:18:29.902093,1
文016,文083,@提及,2025-11-03 13:23:29.902093,3
文007,文083,私聊,2025-11-16 15:02:29.902093,4
文007,文083,私聊,2025-11-16 15:02:29.902093,4
文017,文006,群聊发言,2025-11-01 04:58:29.902093,1
人031,人030,群聊发言,2025-10-26 13:21:29.902093,3
人070,环050,群聊发言,2025-10-19 17:43:29.902093,1
人061,文003,@提及,2025-11-08 13:58:29.902093,5
人061,文003,@提及,2025-11-08 13:58:29.902093,5
文007,文046,群聊发言,2025-11-14 15:08:29.902093,4
文067,文079,群聊发言,2025-10-26 10:24:29.902093,5
文029,文082,群聊发言,2025-10-22 13:32:29.902093,5
环095,环072,群聊发言,2025-11-17 04:16:29.902093,5
环095,环072,群聊发言,2025-11-17 04:16:29.902093,5
人037,环058,私聊,2025-10-21 17:05:29.902093,2
人051,人059,文件分享,2025-11-04 08:38:29.902093,2
文075,人003,群聊发言,2025-11-07 16:11:29.902093,5
人002,环066,文件分享,2025-11-04 16:52:29.902093,5
文076,环066,私聊,2025-11-17 14:21:29.902093,1
人082,人092,群聊发言,2025-10-27 21:56:29.902093,2
文044,环001,文件分享,2025-10-21 05:37:29.902093,3
环021,人080,群聊发言,2025-10-24 05:04:29.902093,3
人057,文013,群聊发言,2025-10-21 01:38:29.902093,2
人031,人084,文件分享,2025-11-14 00:33:29.902093,3
环059,,群聊发言,2025-11-11 13:35:29.902093,5
人051,环040,私聊,2025-10-29 09:50:29.902093,2
环023,文065,私聊,2025-11-11 01:21:29.902093,1
人014,文004,群聊发言,2025-11-09 15:00:29.902093,5
人019,文016,群聊发言,2025-10-31 14:36:29.902093,1
文073,人060,@提及,2025-11-05 20:26:29.902093,4
文073,,@提及,2025-11-05 20:26:29.902093,4
环034,环091,私聊,2025-11-15 09:33:29.902093,5
环077,文025,私聊,2025-11-11 22:17:29.902093,2
人064,环040,私聊,2025-11-15 05:30:29.902093,3
人040,文045,文件分享,2025-10-19 09:45:29.902093,5
人040,文045,文件分享,2025-10-19 09:45:29.902093,5
环051,文051,私聊,2025-10-26 13:56:29.902093,5
文063,环081,文件分享,2025-10-27 04:50:29.902093,1
文063,环081,文件分享,2025-10-27 04:50:29.902093,1
环095,人070,文件分享,2025-11-14 05:48:29.902093,5
人045,人025,群聊发言,2025-11-06 15:27:29.902093,2
文045,文083,私聊,2025-11-09 01:14:29.902093,1
文055,人045,群聊发言,2025-10-24 19:20:29.902093,1
环036,文077,群聊发言,2025-10-20 09:54:29.902093,2
环088,环026,群聊发言,2025-11-04 17:32:29.902093,2
人070,文045,群聊发言,2025-10-19 10:31:29.902093,4
人045,环057,群聊发言,2025-10-28 14:20:29.902093,4
人003,环073,文件分享,2025-10-19 18:22:29.902093,1
人037,人075,私聊,2025-10-31 02:40:29.902093,4
文039,文027,私聊,2025-11-14 15:33:29.902093,1
人011,环084,文件分享,2025-10-20 15:26:29.902093,1
文047,文084,群聊发言,2025-11-08 18:25:29.902093,5
文018,人062,群聊发言,2025-11-06 19:49:29.902093,2
环070,环064,私聊,2025-10-29 05:25:29.902093,4
环058,人004,群聊发言,2025-11-01 21:49:29.902093,5
环084,人068,群聊发言,2025-11-17 05:04:29.902093,1
文017,人078,群聊发言,2025-10-30 15:35:29.902093,3
人031,环060,群聊发言,2025-11-06 01:50:29.902093,3
环002,文027,@提及,2025-11-03 18:05:29.902093,5
人027,人022,@提及,2025-11-17 19:10:29.902093,5
环007,环057,私聊,2025-11-17 04:29:29.902093,1
环042,文015,@提及,2025-11-04 18:54:29.902093,3
文076,文075,群聊发言,2025-11-15 02:02:29.902093,5
环050,环068,群聊发言,2025-10-20 23:55:29.902093,2
环090,文052,@提及,2025-10-26 10:43:29.902093,4
人047,人061,私聊,2025-11-12 20:23:29.902093,1
环023,环077,@提及,2025-11-15 01:14:29.902093,3
环017,,@提及,2025-10-27 04:28:29.902093,3
文019,人036,私聊,2025-10-31 18:19:29.902093,4
文071,环064,@提及,2025-10-21 02:30:29.902093,2
人056,人098,文件分享,2025-11-14 08:25:29.902093,4
文047,人085,群聊发言,2025-10-21 14:53:29.902093,1
人096,文073,群聊发言,2025-10-29 21:42:29.902093,5
文080,环092,文件分享,2025-10-19 12:32:29.902093,5
环072,人064,私聊,2025-11-13 09:01:29.902093,4
环021,人057,群聊发言,2025-10-19 00:29:29.902093,2
环021,人057,群聊发言,2025-10-19 00:29:29.902093,2
人001,文014,群聊发言,2025-11-09 06:33:29.902093,4
人083,人011,群聊发言,2025-10-24 22:22:29.902093,3
人071,环080,群聊发言,2025-11-06 01:53:29.902093,5
人062,文044,@提及,2025-11-14 19:16:29.902093,1
文043,人066,私聊,2025-10-22 16:07:29.902093,4
人063,环012,文件分享,2025-10-27 03:56:29.902093,3
人093,文074,@提及,2025-10-24 01:35:29.902093,2
文050,人015,私聊,2025-11-11 15:23:29.902093,1
人044,,群聊发言,2025-11-12 04:30:29.902093,2
人035,环048,私聊,2025-10-21 09:40:29.902093,5
人033,环032,@提及,2025-11-04 22:46:29.902093,2
人033,环032,@提及,2025-11-04 22:46:29.902093,2
文055,文097,群聊发言,2025-11-03 03:56:29.902093,3
文072,文099,群聊发言,2025-11-07 22:16:29.902093,5
环092,人010,@提及,2025-11-11 07:08:29.902093,4
人058,人021,私聊,2025-11-04 02:37:29.902093,5
人058,人021,私聊,2025-11-04 02:37:29.902093,5
文027,环093,私聊,2025-10-20 12:56:29.902093,1
人019,文074,@提及,2025-11-02 13:27:29.902093,1
人009,文050,私聊,2025-10-19 23:09:29.902093,3
人009,文050,私聊,2025-10-19 23:09:29.902093,3
文070,人097,@提及,2025-10-26 17:57:29.902093,5
环056,环033,私聊,2025-11-09 05:49:29.902093,2
人032,环061,@提及,2025-10-30 17:11:29.902093,2
人043,文042,私聊,2025-10-24 23:41:29.902093,4
文059,文025,@提及,2025-10-29 12:17:29.902093,4
人039,文030,群聊发言,2025-11-05 12:01:29.902093,4
环048,,私聊,2025-10-22 13:56:29.902093,4
环070,文021,@提及,2025-11-15 07:51:29.902093,5
文049,环084,私聊,2025-11-15 20:14:29.902093,2
人004,环064,群聊发言,2025-11-04 03:00:29.902093,2
环080,环100,@提及,2025-10-19 02:38:29.902093,2
环006,文087,群聊发言,2025-10-19 17:06:29.902093,3
人092,文032,@提及,2025-10-23 10:08:29.902093,1
人008,,私聊,2025-11-05 14:13:29.902093,3
人080,环076,@提及,2025-11-01 08:58:29.902093,1
人024,人079,@提及,2025-10-21 01:09:29.902093,2
文027,环085,@提及,2025-11-17 19:40:29.902093,3
人073,文054,群聊发言,2025-10-29 13:42:29.902093,1
文004,文080,私聊,2025-11-10 01:24:29.902093,3
文074,人082,文件分享,2025-11-12 07:11:29.902093,3
环041,文028,@提及,2025-11-15 05:58:29.902093,5
环063,文008,文件分享,2025-11-17 16:26:29.902093,5
人023,人011,私聊,2025-11-05 11:03:29.902093,2
人077,环028,@提及,2025-10-31 19:54:29.902093,4
人071,文029,@提及,2025-11-03 11:59:29.902093,1
文013,环019,群聊发言,2025-10-30 09:17:29.902093,2
文030,,私聊,2025-11-03 10:38:29.902093,2
环042,人055,私聊,2025-11-12 08:46:29.902093,3
环099,文097,@提及,2025-11-12 05:26:29.902093,5
环013,文004,@提及,2025-10-31 21:51:29.902093,4
文068,环011,群聊发言,2025-11-07 21:59:29.902093,3
文068,环011,群聊发言,2025-11-07 21:59:29.902093,3
文006,人020,私聊,2025-11-01 10:24:29.902093,4
人058,环054,私聊,2025-10-20 09:05:29.902093,1
人095,人015,群聊发言,2025-10-18 22:25:29.902093,1
环076,环096,@提及,2025-11-06 10:57:29.902093,2
环076,环096,@提及,2025-11-06 10:57:29.902093,2
人026,环088,文件分享,2025-10-24 08:23:29.902093,4
环001,文042,文件分享,2025-11-07 05:33:29.902093,3
环011,环031,文件分享,2025-11-13 10:55:29.902093,3
文005,人052,私聊,2025-11-14 00:05:29.902093,5
环007,人085,@提及,2025-10-24 07:12:29.902093,1
人028,人044,私聊,2025-11-01 04:02:29.902093,1
环090,文089,文件分享,2025-11-04 18:05:29.902093,4
环054,人057,@提及,2025-11-14 08:04:29.902093,3
人073,环083,@提及,2025-11-13 09:22:29.902093,5
文051,人059,文件分享,2025-11-01 19:23:29.902093,2
环080,环056,群聊发言,2025-10-25 13:44:29.902093,2
人052,环087,私聊,2025-11-04 05:57:29.902093,3
人092,人001,@提及,2025-10-25 18:54:29.902093,5
人092,人001,@提及,2025-10-25 18:54:29.902093,5
环091,环017,群聊发言,2025-10-31 15:56:29.902093,4
环091,环017,群聊发言,2025-10-31 15:56:29.902093,4
环012,文067,群聊发言,2025-11-11 06:34:29.902093,3
人089,文057,群聊发言,2025-11-15 02:46:29.902093,3
人014,人056,群聊发言,2025-11-10 21:29:29.902093,3
人063,,群聊发言,2025-11-10 15:11:29.902093,2
文023,环092,群聊发言,2025-10-28 22:58:29.902093,4
环024,环062,群聊发言,2025-11-07 11:40:29.902093,5
人071,环053,文件分享,2025-11-01 10:17:29.902093,4
人095,,私聊,2025-10-27 13:32:29.902093,2
人072,人023,文件分享,2025-11-07 11:28:29.902093,4
环018,环020,@提及,2025-11-09 15:24:29.902093,5
文078,,私聊,2025-10-25 17:48:29.902093,3
人032,人027,@提及,2025-10-29 15:59:29.902093,1
文060,文100,群聊发言,2025-10-23 08:48:29.902093,2
环078,环029,群聊发言,2025-11-08 07:08:29.902093,1
人010,人098,群聊发言,2025-10-26 02:36:29.902093,4
环065,环085,@提及,2025-11-17 10:52:29.902093,3
人056,文026,@提及,2025-11-04 05:55:29.902093,4
文066,人012,@提及,2025-10-27 03:53:29.902093,5
环018,文072,@提及,2025-10-22 16:35:29.902093,4
文021,环096,@提及,2025-10-22 23:23:29.902093,1
人033,人050,私聊,2025-10-30 23:55:29.902093,3
人051,人092,群聊发言,2025-11-13 15:21:29.902093,3
文073,文057,@提及,2025-11-02 22:34:29.902093,5
环083,文032,文件分享,2025-10-29 17:32:29.902093,2
文005,文022,@提及,2025-11-02 09:14:29.902093,4
人088,人049,@提及,2025-10-24 03:51:29.902093,4
人088,人049,@提及,2025-10-24 03:51:29.902093,4
人098,环016,文件分享,2025-10-31 02:43:29.902093,3
文075,,群聊发言,2025-11-16 07:27:29.902093,2
人027,人023,私聊,2025-11-15 03:49:29.902093,3
环016,文058,群聊发言,2025-10-25 16:13:29.902093,5
人021,,群聊发言,2025-10-25 21:30:29.902093,4
文048,文045,@提及,2025-11-04 09:49:29.902093,4
环020,文042,@提及,2025-10-20 12:53:29.902093,1
人081,人074,群聊发言,2025-10-23 02:43:29.902093,2
人081,人074,群聊发言,2025-10-23 02:43:29.902093,2
人066,,文件分享,2025-11-01 12:01:29.902093,5
人078,文047,@提及,2025-10-25 03:52:29.902093,5
文068,人002,文件分享,2025-11-17 03:12:29.902093,4
文093,环004,群聊发言,2025-10-20 18:25:29.902093,2
文079,文084,@提及,2025-10-21 17:32:29.902093,3
文045,文001,私聊,2025-11-13 23:55:29.902093,2
人072,环094,群聊发言,2025-11-11 10:42:29.902093,3
环030,环082,私聊,2025-10-28 08:04:29.902093,3
环030,环082,私聊,2025-10-28 08:04:29.902093,3
环038,人080,@提及,2025-10-29 10:05:29.902093,1
文060,文028,私聊,2025-11-07 12:07:29.902093,3
人044,人077,文件分享,2025-10-29 16:35:29.902093,1
环044,人056,群聊发言,2025-10-21 00:19:29.902093,5
环025,人095,@提及,2025-10-19 18:48:29.902093,2
文016,环011,@提及,2025-11-03 07:06:29.902093,4
人036,环047,私聊,2025-11-05 03:15:29.902093,5
环040,人029,群聊发言,2025-11-01 18:53:29.902093,3
环079,人070,@提及,2025-11-07 04:14:29.902093,1
文066,文016,文件分享,2025-10-21 23:21:29.902093,1
文066,文016,文件分享,2025-10-21 23:21:29.902093,1
文042,文073,群聊发言,2025-11-09 06:59:29.902093,5
环002,人089,@提及,2025-10-21 01:54:29.902093,5
环095,环061,私聊,2025-11-01 05:27:29.902093,5
环015,人003,私聊,2025-11-10 21:11:29.902093,2
人049,文053,群聊发言,2025-10-19 06:15:29.902093,4
人017,文071,@提及,2025-11-01 08:05:29.902093,5
文017,,@提及,2025-10-20 10:53:29.902093,4
人076,环065,群聊发言,2025-11-06 21:20:29.902093,1
文067,环049,群聊发言,2025-11-01 03:34:29.902093,5
人060,人088,私聊,2025-11-07 11:30:29.902093,3
人060,人088,私聊,2025-11-07 11:30:29.902093,3
文050,人015,私聊,2025-11-01 22:24:29.902093,1
文052,人057,@提及,2025-10-26 18:24:29.902093,5
人038,文089,@提及,2025-11-10 05:15:29.902093,3
文041,人009,@提及,2025-10-31 17:40:29.902093,1
文098,文065,@提及,2025-10-25 19:38:29.902093,3
人014,人024,@提及,2025-11-06 23:27:29.902093,2
人076,人005,私聊,2025-10-26 02:09:29.902093,4
环045,人067,文件分享,2025-10-21 16:52:29.902093,3
人027,环004,私聊,2025-10-30 06:22:29.902093,3
人051,人027,群聊发言,2025-10-27 12:33:29.902093,5
人008,文044,群聊发言,2025-11-10 11:47:29.902093,1
文020,环021,群聊发言,2025-10-25 06:16:29.902093,5
文043,人042,私聊,2025-10-26 06:14:29.902093,5
文100,文060,@提及,2025-11-04 12:53:29.902093,3
文015,环065,群聊发言,2025-11-16 13:01:29.902093,1
文027,人010,群聊发言,2025-11-09 15:22:29.902093,4
环029,环018,文件分享,2025-11-14 02:07:29.902093,1
人036,环089,@提及,2025-11-01 17:07:29.902093,5
人036,环089,@提及,2025-11-01 17:07:29.902093,5
人076,文055,@提及,2025-11-04 23:15:29.902093,1
环037,环087,@提及,2025-11-14 02:33:29.902093,3
环058,人016,群聊发言,2025-10-22 18:17:29.902093,1
环014,环094,群聊发言,2025-11-16 01:26:29.902093,2
环017,人055,@提及,2025-10-29 06:58:29.902093,3
环090,人052,@提及,2025-11-01 19:02:29.902093,3
环059,人098,群聊发言,2025-10-30 10:12:29.902093,3
环059,人098,群聊发言,2025-10-30 10:12:29.902093,3
环094,人030,私聊,2025-10-22 07:41:29.902093,1
文067,环088,私聊,2025-10-25 15:08:29.902093,2
文005,人023,群聊发言,2025-11-14 15:27:29.902093,2
文020,环025,@提及,2025-10-27 08:24:29.902093,3
人066,文025,@提及,2025-10-28 15:16:29.902093,5
文003,环051,@提及,2025-10-31 09:54:29.902093,1
文070,文063,群聊发言,2025-11-07 16:21:29.902093,2
环024,文063,文件分享,2025-10-22 02:12:29.902093,3
环024,文063,文件分享,2025-10-22 02:12:29.902093,3
环021,人052,私聊,2025-11-01 07:00:29.902093,2
环021,人052,私聊,2025-11-01 07:00:29.902093,2
环089,文019,群聊发言,2025-11-06 23:50:29.902093,3
文090,文027,@提及,2025-11-01 16:59:29.902093,4
文083,文023,群聊发言,2025-11-04 13:57:29.902093,3
人086,环055,群聊发言,2025-10-31 19:40:29.902093,1
环097,人019,@提及,2025-11-11 19:56:29.902093,1
环048,人027,群聊发言,2025-10-26 14:17:29.902093,4
文016,人100,群聊发言,2025-10-28 17:39:29.902093,4
人009,人029,@提及,2025-10-22 18:44:29.902093,2
文044,人055,群聊发言,2025-10-20 05:41:29.902093,1
环036,环051,@提及,2025-10-24 17:05:29.902093,4
环036,环051,@提及,2025-10-24 17:05:29.902093,4
人081,文052,群聊发言,2025-10-23 07:34:29.902093,3
人019,文092,群聊发言,2025-11-17 05:05:29.902093,2
文007,人050,群聊发言,2025-10-31 13:40:29.902093,1
文004,文077,群聊发言,2025-11-13 05:51:29.902093,1
人066,环016,@提及,2025-10-23 13:26:29.902093,1
环071,文019,@提及,2025-11-02 02:16:29.902093,4
环033,人069,群聊发言,2025-10-29 12:41:29.902093,5
环049,环063,私聊,2025-11-14 06:37:29.902093,4
文079,,文件分享,2025-11-03 19:19:29.902093,2
环036,环055,@提及,2025-10-24 09:35:29.902093,4
文020,环060,群聊发言,2025-11-15 04:20:29.902093,1
人048,人071,群聊发言,2025-10-22 20:41:29.902093,1
文099,文022,私聊,2025-10-28 06:13:29.902093,2
人019,人005,@提及,2025-11-12 02:35:29.902093,5
环082,人092,群聊发言,2025-11-16 02:41:29.902093,3
文033,文055,文件分享,2025-10-20 11:31:29.902093,2
人022,人062,群聊发言,2025-11-17 10:36:29.902093,4
文053,环014,私聊,2025-10-25 11:37:29.902093,5
文033,文035,@提及,2025-10-25 07:14:29.902093,5
文033,文035,@提及,2025-10-25 07:14:29.902093,5
人008,人025,群聊发言,2025-11-16 12:47:29.902093,1
人008,人025,群聊发言,2025-11-16 12:47:29.902093,1
文043,人090,@提及,2025-10-31 04:23:29.902093,5
环071,文083,群聊发言,2025-10-23 21:48:29.902093,3
人099,人092,@提及,2025-10-22 14:47:29.902093,2
文058,人063,群聊发言,2025-11-03 13:15:29.902093,3
文009,人028,文件分享,2025-11-13 04:06:29.902093,4
文082,环068,群聊发言,2025-11-13 14:21:29.902093,1
环034,人092,文件分享,2025-11-05 09:58:29.902093,5
环076,人067,@提及,2025-11-15 16:31:29.902093,4
文015,环065,群聊发言,2025-11-12 03:59:29.902093,5
文050,环065,群聊发言,2025-11-11 18:47:29.902093,1
文043,文029,群聊发言,2025-10-29 19:40:29.902093,4
环049,文025,@提及,2025-11-11 21:59:29.902093,2
人082,环094,群聊发言,2025-11-05 00:10:29.902093,3
人021,环022,文件分享,2025-11-10 08:42:29.902093,5
人055,环074,私聊,2025-11-07 20:37:29.902093,3
文062,人017,@提及,2025-11-07 11:07:29.902093,2
文042,人013,@提及,2025-10-22 07:02:29.902093,2
环099,环015,群聊发言,2025-10-20 00:02:29.902093,5
文083,文070,@提及,2025-10-28 02:06:29.902093,4
环012,环081,@提及,2025-11-10 00:47:29.902093,3
人026,人095,@提及,2025-10-21 12:31:29.902093,1
环061,人042,私聊,2025-11-08 14:05:29.902093,5
环014,环022,群聊发言,2025-11-11 20:53:29.902093,5
环017,环010,@提及,2025-10-25 15:44:29.902093,4
文099,人038,文件分享,2025-11-10 11:49:29.902093,1
文099,人038,文件分享,2025-11-10 11:49:29.902093,1
文079,人088,私聊,2025-11-11 19:08:29.902093,3
文064,文078,群聊发言,2025-10-29 09:00:29.902093,1
环018,文078,@提及,2025-10-28 23:03:29.902093,3
人058,环074,群聊发言,2025-11-12 04:05:29.902093,2
人041,文041,私聊,2025-10-19 19:19:29.902093,2
人075,环041,文件分享,2025-11-14 18:55:29.902093,2
人004,人032,群聊发言,2025-10-24 03:45:29.902093,4
