event_name,event_date,person_a,person_b,interact_type,duration
人工智能社学术沙龙第1期,2025-11-15 15:00:00.049772,人021,人072,跨组请教,22
人工智能社学术沙龙第1期,2025-11-15 15:00:00.049772,人081,人011,跨组请教,16
人工智能社学术沙龙第1期,2025-11-15 15:00:00.049772,人096,人024,跨组请教,11
人工智能社学术沙龙第1期,2025-11-15 15:00:00.049772,人056,人020,跨组请教,6
人工智能社学术沙龙第1期,2025-11-15 15:00:00.049772,人082,人014,跨组请教,14
人工智能社学术沙龙第1期,2025-11-15 15:00:00.049772,人062,人023,小组讨论,30
人工智能社学术沙龙第1期,2025-11-15 15:00:00.049772,人021,人030,小组讨论,16
人工智能社学术沙龙第1期,2025-11-15 15:00:00.049772,人018,人025,小组讨论,9
人工智能社学术沙龙第1期,2025-11-15 15:00:00.049772,人029,人039,跨组请教,27
人工智能社学术沙龙第1期,2025-11-15 15:00:00.049772,人001,人081,小组讨论,5
人工智能社学术沙龙第1期,2025-11-15 15:00:00.049772,人042,人030,跨组请教,27
人工智能社学术沙龙第1期,2025-11-15 15:00:00.049772,人039,人069,小组讨论,22
人工智能社学术沙龙第1期,2025-11-15 15:00:00.049772,人027,人072,合作演示,27
人工智能社学术沙龙第1期,2025-11-15 15:00:00.049772,人042,人096,小组讨论,21
人工智能社学术沙龙第1期,2025-11-15 15:00:00.049772,人069,人034,跨组请教,14
人工智能社学术沙龙第1期,2025-11-15 15:00:00.049772,人004,人056,小组讨论,30
人工智能社学术沙龙第1期,2025-11-15 15:00:00.049772,人021,人039,小组讨论,24
人工智能社学术沙龙第1期,2025-11-15 15:00:00.049772,人094,人002,小组讨论,19
人工智能社学术沙龙第1期,2025-11-15 15:00:00.049772,人023,人030,跨组请教,22
人工智能社学术沙龙第1期,2025-11-15 15:00:00.049772,人006,人097,跨组请教,24
人工智能社学术沙龙第1期,2025-11-15 15:00:00.049772,人042,人030,小组讨论,5
人工智能社学术沙龙第1期,2025-11-15 15:00:00.049772,人096,人039,小组讨论,7
人工智能社学术沙龙第1期,2025-11-15 15:00:00.049772,人072,人082,跨组请教,18
人工智能社学术沙龙第1期,2025-11-15 15:00:00.049772,人011,人034,合作演示,30
人工智能社学术沙龙第1期,2025-11-15 15:00:00.049772,人024,人002,小组讨论,30
人工智能社学术沙龙第1期,2025-11-15 15:00:00.049772,人096,人030,小组讨论,25
人工智能社学术沙龙第1期,2025-11-15 15:00:00.049772,人027,人039,小组讨论,24
人工智能社学术沙龙第1期,2025-11-15 15:00:00.049772,人072,人042,小组讨论,26
人工智能社学术沙龙第1期,2025-11-15 15:00:00.049772,人004,人029,小组讨论,18
人工智能社学术沙龙第1期,2025-11-15 15:00:00.049772,人052,人024,小组讨论,12
人工智能社学术沙龙第1期,2025-11-15 15:00:00.049772,人072,人094,小组讨论,17
人工智能社学术沙龙第1期,2025-11-15 15:00:00.049772,人014,人002,小组讨论,8
人工智能社学术沙龙第1期,2025-11-15 15:00:00.049772,人021,人034,小组讨论,27
人工智能社学术沙龙第1期,2025-11-15 15:00:00.049772,人039,人001,小组讨论,18
人工智能社学术沙龙第1期,2025-11-15 15:00:00.049772,人052,人096,小组讨论,20
人工智能社学术沙龙第1期,2025-11-15 15:00:00.049772,人034,人097,小组讨论,17
人工智能社学术沙龙第1期,2025-11-15 15:00:00.049772,人024,人023,小组讨论,22
人工智能社学术沙龙第1期,2025-11-15 15:00:00.049772,人096,人097,小组讨论,27
人工智能社学术沙龙第1期,2025-11-15 15:00:00.049772,人097,人023,小组讨论,5
人工智能社学术沙龙第1期,2025-11-15 15:00:00.049772,人021,人072,小组讨论,5
人工智能社学术沙龙第1期,2025-11-15 15:00:00.049772,人029,人025,跨组请教,10
人工智能社学术沙龙第1期,2025-11-15 15:00:00.049772,人056,人062,小组讨论,10
人工智能社学术沙龙第1期,2025-11-15 15:00:00.049772,人082,人030,小组讨论,24
人工智能社学术沙龙第1期,2025-11-15 15:00:00.049772,人097,人029,跨组请教,14
人工智能社学术沙龙第1期,2025-11-15 15:00:00.049772,人036,人011,跨组请教,18
人工智能社学术沙龙第1期,2025-11-15 15:00:00.049772,人081,人025,小组讨论,18
人工智能社学术沙龙第1期,2025-11-15 15:00:00.049772,人042,人021,跨组请教,5
人工智能社学术沙龙第1期,2025-11-15 15:00:00.049772,人001,人023,小组讨论,17
人工智能社学术沙龙第1期,2025-11-15 15:00:00.049772,人030,人034,小组讨论,23
人工智能社学术沙龙第1期,2025-11-15 15:00:00.049772,人036,人014,小组讨论,6
人工智能社学术沙龙第1期,2025-11-15 15:00:00.049772,人030,人097,小组讨论,13
人工智能社学术沙龙第1期,2025-11-15 15:00:00.049772,人001,人029,小组讨论,9
人工智能社学术沙龙第1期,2025-11-15 15:00:00.049772,人056,人027,小组讨论,19
人工智能社学术沙龙第1期,2025-11-15 15:00:00.049772,人024,人014,小组讨论,19
人工智能社学术沙龙第1期,2025-11-15 15:00:00.049772,人023,人006,跨组请教,26
人工智能社学术沙龙第1期,2025-11-15 15:00:00.049772,人025,人002,小组讨论,26
人工智能社学术沙龙第1期,2025-11-15 15:00:00.049772,人062,人056,小组讨论,7
人工智能社学术沙龙第1期,2025-11-15 15:00:00.049772,人082,人018,跨组请教,17
人工智能社学术沙龙第1期,2025-11-15 15:00:00.049772,人014,人062,小组讨论,30
人工智能社学术沙龙第1期,2025-11-15 15:00:00.049772,人002,人027,小组讨论,23
人工智能社学术沙龙第1期,2025-11-15 15:00:00.049772,人023,人018,跨组请教,9
人工智能社学术沙龙第1期,2025-11-15 15:00:00.049772,人020,人018,小组讨论,20
人工智能社学术沙龙第1期,2025-11-15 15:00:00.049772,人027,人018,小组讨论,10
人工智能社学术沙龙第1期,2025-11-15 15:00:00.049772,人021,人020,小组讨论,5
人工智能社学术沙龙第1期,2025-11-15 15:00:00.049772,人052,人072,小组讨论,17
人工智能社学术沙龙第1期,2025-11-15 15:00:00.049772,人094,人096,小组讨论,29
人工智能社学术沙龙第1期,2025-11-15 15:00:00.049772,人036,人029,小组讨论,29
人工智能社学术沙龙第1期,2025-11-15 15:00:00.049772,人096,人034,合作演示,12
人工智能社学术沙龙第1期,2025-11-15 15:00:00.049772,人018,人082,跨组请教,7
人工智能社学术沙龙第1期,2025-11-15 15:00:00.049772,人006,人036,跨组请教,5
人工智能社学术沙龙第1期,2025-11-15 15:00:00.049772,人018,人023,小组讨论,28
人工智能社学术沙龙第1期,2025-11-15 15:00:00.049772,人042,人069,跨组请教,11
人工智能社学术沙龙第1期,2025-11-15 15:00:00.049772,人006,人094,合作演示,18
人工智能社学术沙龙第1期,2025-11-15 15:00:00.049772,人062,人094,小组讨论,23
人工智能社学术沙龙第1期,2025-11-15 15:00:00.049772,人062,人020,合作演示,13
人工智能社学术沙龙第1期,2025-11-15 15:00:00.049772,人039,人025,合作演示,14
人工智能社学术沙龙第1期,2025-11-15 15:00:00.049772,人011,人021,小组讨论,8
人工智能社学术沙龙第1期,2025-11-15 15:00:00.049772,人011,人096,小组讨论,19
人工智能社学术沙龙第1期,2025-11-15 15:00:00.049772,人006,人081,合作演示,29
人工智能社学术沙龙第1期,2025-11-15 15:00:00.049772,人006,人097,小组讨论,5
人工智能社学术沙龙第1期,2025-11-15 15:00:00.049772,人036,人030,小组讨论,22
人工智能社学术沙龙第1期,2025-11-15 15:00:00.049772,人039,人018,小组讨论,27
人工智能社学术沙龙第1期,2025-11-15 15:00:00.049772,人004,人021,小组讨论,23
人工智能社学术沙龙第1期,2025-11-15 15:00:00.049772,人082,人072,小组讨论,10
人工智能社学术沙龙第1期,2025-11-15 15:00:00.049772,人081,人004,小组讨论,30
人工智能社学术沙龙第1期,2025-11-15 15:00:00.049772,人018,人006,跨组请教,22
人工智能社学术沙龙第1期,2025-11-15 15:00:00.049772,人021,人094,跨组请教,21
人工智能社学术沙龙第1期,2025-11-15 15:00:00.049772,人042,人023,跨组请教,17
人工智能社学术沙龙第1期,2025-11-15 15:00:00.049772,人018,人081,合作演示,13
人工智能社学术沙龙第1期,2025-11-15 15:00:00.049772,人014,人018,合作演示,12
人工智能社学术沙龙第2期,2025-08-25 14:00:00.050814,人025,人018,小组讨论,7
人工智能社学术沙龙第2期,2025-08-25 14:00:00.050814,人096,人065,小组讨论,19
人工智能社学术沙龙第2期,2025-08-25 14:00:00.050814,人046,人071,小组讨论,30
人工智能社学术沙龙第2期,2025-08-25 14:00:00.050814,人091,人063,小组讨论,7
人工智能社学术沙龙第2期,2025-08-25 14:00:00.050814,人072,人071,合作演示,7
人工智能社学术沙龙第2期,2025-08-25 14:00:00.050814,人094,人061,小组讨论,15
人工智能社学术沙龙第2期,2025-08-25 14:00:00.050814,人015,人042,小组讨论,7
人工智能社学术沙龙第2期,2025-08-25 14:00:00.050814,人090,人087,跨组请教,9
人工智能社学术沙龙第2期,2025-08-25 14:00:00.050814,人011,人086,小组讨论,8
人工智能社学术沙龙第2期,2025-08-25 14:00:00.050814,人017,人069,小组讨论,20
人工智能社学术沙龙第2期,2025-08-25 14:00:00.050814,人062,人059,跨组请教,22
人工智能社学术沙龙第2期,2025-08-25 14:00:00.050814,人009,人042,跨组请教,14
人工智能社学术沙龙第2期,2025-08-25 14:00:00.050814,人046,人009,小组讨论,26
人工智能社学术沙龙第2期,2025-08-25 14:00:00.050814,人044,人096,小组讨论,7
人工智能社学术沙龙第2期,2025-08-25 14:00:00.050814,人052,人048,跨组请教,13
人工智能社学术沙龙第2期,2025-08-25 14:00:00.050814,人011,人071,小组讨论,30
人工智能社学术沙龙第2期,2025-08-25 14:00:00.050814,人034,人072,小组讨论,21
人工智能社学术沙龙第2期,2025-08-25 14:00:00.050814,人052,人072,小组讨论,18
人工智能社学术沙龙第2期,2025-08-25 14:00:00.050814,人023,人085,跨组请教,17
人工智能社学术沙龙第2期,2025-08-25 14:00:00.050814,人009,人094,小组讨论,13
人工智能社学术沙龙第2期,2025-08-25 14:00:00.050814,人091,人048,小组讨论,20
人工智能社学术沙龙第2期,2025-08-25 14:00:00.050814,人019,人069,小组讨论,7
人工智能社学术沙龙第2期,2025-08-25 14:00:00.050814,人052,人017,小组讨论,22
人工智能社学术沙龙第2期,2025-08-25 14:00:00.050814,人042,人032,小组讨论,16
人工智能社学术沙龙第2期,2025-08-25 14:00:00.050814,人093,人065,跨组请教,22
人工智能社学术沙龙第2期,2025-08-25 14:00:00.050814,人091,人009,跨组请教,7
人工智能社学术沙龙第2期,2025-08-25 14:00:00.050814,人096,人028,合作演示,23
人工智能社学术沙龙第2期,2025-08-25 14:00:00.050814,人043,人093,跨组请教,8
人工智能社学术沙龙第2期,2025-08-25 14:00:00.050814,人071,人042,跨组请教,24
人工智能社学术沙龙第2期,2025-08-25 14:00:00.050814,人002,人087,小组讨论,8
人工智能社学术沙龙第2期,2025-08-25 14:00:00.050814,人090,人091,跨组请教,14
人工智能社学术沙龙第2期,2025-08-25 14:00:00.050814,人090,人094,合作演示,21
人工智能社学术沙龙第2期,2025-08-25 14:00:00.050814,人086,人077,跨组请教,7
人工智能社学术沙龙第2期,2025-08-25 14:00:00.050814,人096,人062,小组讨论,20
人工智能社学术沙龙第2期,2025-08-25 14:00:00.050814,人005,人063,跨组请教,18
人工智能社学术沙龙第2期,2025-08-25 14:00:00.050814,人085,人069,合作演示,13
人工智能社学术沙龙第2期,2025-08-25 14:00:00.050814,人048,人024,小组讨论,11
人工智能社学术沙龙第2期,2025-08-25 14:00:00.050814,人088,人074,小组讨论,8
人工智能社学术沙龙第2期,2025-08-25 14:00:00.050814,人093,人050,跨组请教,8
人工智能社学术沙龙第2期,2025-08-25 14:00:00.050814,人034,人053,合作演示,16
人工智能社学术沙龙第2期,2025-08-25 14:00:00.050814,人096,人087,小组讨论,18
人工智能社学术沙龙第2期,2025-08-25 14:00:00.050814,人069,人045,小组讨论,13
人工智能社学术沙龙第2期,2025-08-25 14:00:00.050814,人052,人085,小组讨论,20
人工智能社学术沙龙第2期,2025-08-25 14:00:00.050814,人065,人015,跨组请教,19
人工智能社学术沙龙第2期,2025-08-25 14:00:00.050814,人008,人077,跨组请教,20
人工智能社学术沙龙第2期,2025-08-25 14:00:00.050814,人050,人090,小组讨论,26
人工智能社学术沙龙第2期,2025-08-25 14:00:00.050814,人063,人023,小组讨论,13
人工智能社学术沙龙第2期,2025-08-25 14:00:00.050814,人043,人072,合作演示,11
人工智能社学术沙龙第2期,2025-08-25 14:00:00.050814,人034,人003,小组讨论,30
人工智能社学术沙龙第2期,2025-08-25 14:00:00.050814,人096,人011,跨组请教,27
人工智能社学术沙龙第2期,2025-08-25 14:00:00.050814,人035,人089,小组讨论,21
人工智能社学术沙龙第2期,2025-08-25 14:00:00.050814,人009,人062,小组讨论,30
人工智能社学术沙龙第2期,2025-08-25 14:00:00.050814,人088,人017,小组讨论,7
人工智能社学术沙龙第2期,2025-08-25 14:00:00.050814,人094,人036,跨组请教,11
人工智能社学术沙龙第2期,2025-08-25 14:00:00.050814,人062,人011,跨组请教,16
人工智能社学术沙龙第2期,2025-08-25 14:00:00.050814,人023,人030,小组讨论,8
人工智能社学术沙龙第2期,2025-08-25 14:00:00.050814,人085,人072,小组讨论,18
人工智能社学术沙龙第2期,2025-08-25 14:00:00.050814,人043,人024,小组讨论,16
人工智能社学术沙龙第2期,2025-08-25 14:00:00.050814,人059,人096,跨组请教,15
人工智能社学术沙龙第2期,2025-08-25 14:00:00.050814,人046,人065,跨组请教,11
人工智能社学术沙龙第2期,2025-08-25 14:00:00.050814,人077,人070,跨组请教,10
人工智能社学术沙龙第2期,2025-08-25 14:00:00.050814,人046,人050,跨组请教,9
人工智能社学术沙龙第2期,2025-08-25 14:00:00.050814,人065,人024,小组讨论,24
人工智能社学术沙龙第2期,2025-08-25 14:00:00.050814,人042,人094,小组讨论,16
人工智能社学术沙龙第2期,2025-08-25 14:00:00.050814,人010,人091,小组讨论,25
人工智能社学术沙龙第2期,2025-08-25 14:00:00.050814,人086,人097,小组讨论,5
人工智能社学术沙龙第2期,2025-08-25 14:00:00.050814,人028,人096,合作演示,29
人工智能社学术沙龙第2期,2025-08-25 14:00:00.050814,人052,人089,小组讨论,22
人工智能社学术沙龙第2期,2025-08-25 14:00:00.050814,人039,人093,小组讨论,8
人工智能社学术沙龙第2期,2025-08-25 14:00:00.050814,人085,人044,合作演示,11
人工智能社学术沙龙第2期,2025-08-25 14:00:00.050814,人036,人062,跨组请教,15
人工智能社学术沙龙第2期,2025-08-25 14:00:00.050814,人018,人025,小组讨论,25
人工智能社学术沙龙第2期,2025-08-25 14:00:00.050814,人070,人018,小组讨论,26
人工智能社学术沙龙第2期,2025-08-25 14:00:00.050814,人010,人033,小组讨论,17
人工智能社学术沙龙第2期,2025-08-25 14:00:00.050814,人048,人086,小组讨论,5
人工智能社学术沙龙第2期,2025-08-25 14:00:00.050814,人044,人071,小组讨论,26
人工智能社学术沙龙第2期,2025-08-25 14:00:00.050814,人072,人002,跨组请教,22
人工智能社学术沙龙第2期,2025-08-25 14:00:00.050814,人008,人069,小组讨论,13
人工智能社学术沙龙第2期,2025-08-25 14:00:00.050814,人053,人096,小组讨论,15
人工智能社学术沙龙第2期,2025-08-25 14:00:00.050814,人094,人003,跨组请教,20
人工智能社学术沙龙第2期,2025-08-25 14:00:00.050814,人050,人086,跨组请教,8
人工智能社学术沙龙第2期,2025-08-25 14:00:00.050814,人062,人053,小组讨论,29
人工智能社学术沙龙第2期,2025-08-25 14:00:00.050814,人035,人017,跨组请教,10
人工智能社学术沙龙第2期,2025-08-25 14:00:00.050814,人034,人032,小组讨论,9
人工智能社学术沙龙第2期,2025-08-25 14:00:00.050814,人017,人002,合作演示,19
人工智能社学术沙龙第2期,2025-08-25 14:00:00.050814,人088,人034,跨组请教,21
人工智能社学术沙龙第2期,2025-08-25 14:00:00.050814,人024,人039,小组讨论,24
人工智能社学术沙龙第2期,2025-08-25 14:00:00.050814,人027,人061,小组讨论,7
人工智能社学术沙龙第2期,2025-08-25 14:00:00.050814,人043,人028,小组讨论,29
人工智能社学术沙龙第2期,2025-08-25 14:00:00.050814,人044,人086,小组讨论,25
人工智能社学术沙龙第2期,2025-08-25 14:00:00.050814,人039,人083,小组讨论,23
人工智能社学术沙龙第2期,2025-08-25 14:00:00.050814,人052,人033,小组讨论,12
人工智能社学术沙龙第2期,2025-08-25 14:00:00.050814,人086,人091,跨组请教,27
人工智能社学术沙龙第2期,2025-08-25 14:00:00.050814,人065,人035,合作演示,20
人工智能社学术沙龙第2期,2025-08-25 14:00:00.050814,人018,人015,小组讨论,27
人工智能社学术沙龙第2期,2025-08-25 14:00:00.050814,人074,人043,小组讨论,9
人工智能社学术沙龙第2期,2025-08-25 14:00:00.050814,人052,人002,合作演示,7
人工智能社学术沙龙第2期,2025-08-25 14:00:00.050814,人018,人044,小组讨论,27
人工智能社学术沙龙第2期,2025-08-25 14:00:00.050814,人043,人093,小组讨论,30
人工智能社学术沙龙第2期,2025-08-25 14:00:00.050814,人030,人027,合作演示,7
人工智能社学术沙龙第2期,2025-08-25 14:00:00.050814,人085,人003,小组讨论,16
人工智能社学术沙龙第2期,2025-08-25 14:00:00.050814,人011,人005,小组讨论,23
人工智能社学术沙龙第2期,2025-08-25 14:00:00.050814,人063,人097,合作演示,5
人工智能社学术沙龙第2期,2025-08-25 14:00:00.050814,人053,人083,小组讨论,30
人工智能社学术沙龙第2期,2025-08-25 14:00:00.050814,人072,人074,小组讨论,13
人工智能社学术沙龙第2期,2025-08-25 14:00:00.050814,人088,人069,小组讨论,15
人工智能社学术沙龙第2期,2025-08-25 14:00:00.050814,人019,人063,小组讨论,12
人工智能社学术沙龙第2期,2025-08-25 14:00:00.050814,人071,人061,小组讨论,11
人工智能社学术沙龙第2期,2025-08-25 14:00:00.050814,人069,人014,小组讨论,21
人工智能社学术沙龙第2期,2025-08-25 14:00:00.050814,人002,人071,跨组请教,19
人工智能社学术沙龙第2期,2025-08-25 14:00:00.050814,人048,人050,合作演示,18
人工智能社学术沙龙第2期,2025-08-25 14:00:00.050814,人087,人033,小组讨论,29
人工智能社学术沙龙第2期,2025-08-25 14:00:00.050814,人077,人015,小组讨论,16
人工智能社学术沙龙第2期,2025-08-25 14:00:00.050814,人094,人044,小组讨论,9
人工智能社学术沙龙第2期,2025-08-25 14:00:00.050814,人032,人003,小组讨论,24
人工智能社学术沙龙第2期,2025-08-25 14:00:00.050814,人089,人059,跨组请教,13
人工智能社学术沙龙第2期,2025-08-25 14:00:00.050814,人062,人008,小组讨论,25
人工智能社学术沙龙第2期,2025-08-25 14:00:00.050814,人045,人035,小组讨论,28
人工智能社学术沙龙第2期,2025-08-25 14:00:00.050814,人093,人005,小组讨论,17
人工智能社学术沙龙第2期,2025-08-25 14:00:00.050814,人071,人035,小组讨论,22
人工智能社学术沙龙第2期,2025-08-25 14:00:00.050814,人045,人090,小组讨论,14
人工智能社学术沙龙第2期,2025-08-25 14:00:00.050814,人052,人091,小组讨论,27
人工智能社学术沙龙第2期,2025-08-25 14:00:00.050814,人089,人043,小组讨论,9
人工智能社学术沙龙第2期,2025-08-25 14:00:00.050814,人071,人039,小组讨论,17
人工智能社学术沙龙第2期,2025-08-25 14:00:00.050814,人093,人081,跨组请教,6
人工智能社学术沙龙第2期,2025-08-25 14:00:00.050814,人017,人089,跨组请教,10
人工智能社学术沙龙第2期,2025-08-25 14:00:00.050814,人009,人061,跨组请教,26
人工智能社学术沙龙第2期,2025-08-25 14:00:00.050814,人070,人085,跨组请教,25
人工智能社学术沙龙第2期,2025-08-25 14:00:00.050814,人088,人005,小组讨论,29
人工智能社学术沙龙第2期,2025-08-25 14:00:00.050814,人077,人090,小组讨论,17
人工智能社学术沙龙第2期,2025-08-25 14:00:00.050814,人087,人072,跨组请教,10
人工智能社学术沙龙第2期,2025-08-25 14:00:00.050814,人003,人063,小组讨论,17
人工智能社学术沙龙第2期,2025-08-25 14:00:00.050814,人059,人087,合作演示,17
人工智能社学术沙龙第2期,2025-08-25 14:00:00.050814,人027,人048,跨组请教,30
人工智能社学术沙龙第2期,2025-08-25 14:00:00.050814,人070,人088,小组讨论,6
人工智能社学术沙龙第2期,2025-08-25 14:00:00.050814,人025,人065,跨组请教,28
人工智能社学术沙龙第2期,2025-08-25 14:00:00.050814,人083,人053,小组讨论,26
人工智能社学术沙龙第2期,2025-08-25 14:00:00.050814,人014,人046,小组讨论,10
人工智能社学术沙龙第2期,2025-08-25 14:00:00.050814,人061,人094,小组讨论,29
人工智能社学术沙龙第2期,2025-08-25 14:00:00.050814,人015,人028,小组讨论,27
人工智能社学术沙龙第2期,2025-08-25 14:00:00.050814,人096,人034,小组讨论,28
人工智能社学术沙龙第2期,2025-08-25 14:00:00.050814,人045,人014,小组讨论,16
人工智能社学术沙龙第2期,2025-08-25 14:00:00.050814,人077,人024,小组讨论,28
人工智能社学术沙龙第2期,2025-08-25 14:00:00.050814,人045,人015,小组讨论,13
人工智能社学术沙龙第2期,2025-08-25 14:00:00.050814,人083,人088,小组讨论,23
人工智能社学术沙龙第2期,2025-08-25 14:00:00.050814,人045,人081,小组讨论,27
人工智能社学术沙龙第2期,2025-08-25 14:00:00.050814,人024,人028,合作演示,28
人工智能社学术沙龙第2期,2025-08-25 14:00:00.050814,人087,人093,小组讨论,23
人工智能社学术沙龙第2期,2025-08-25 14:00:00.050814,人044,人009,小组讨论,25
人工智能社学术沙龙第2期,2025-08-25 14:00:00.050814,人005,人014,小组讨论,6
人工智能社学术沙龙第2期,2025-08-25 14:00:00.050814,人003,人081,合作演示,28
人工智能社学术沙龙第2期,2025-08-25 14:00:00.050814,人093,人003,小组讨论,20
人工智能社学术沙龙第2期,2025-08-25 14:00:00.050814,人093,人077,小组讨论,13
人工智能社学术沙龙第2期,2025-08-25 14:00:00.050814,人089,人032,小组讨论,23
人工智能社学术沙龙第2期,2025-08-25 14:00:00.050814,人025,人027,小组讨论,29
人工智能社学术沙龙第2期,2025-08-25 14:00:00.050814,人061,人046,跨组请教,18
人工智能社学术沙龙第2期,2025-08-25 14:00:00.050814,人023,人061,跨组请教,8
人工智能社学术沙龙第2期,2025-08-25 14:00:00.050814,人010,人005,跨组请教,25
人工智能社学术沙龙第2期,2025-08-25 14:00:00.050814,人086,人072,小组讨论,25
人工智能社学术沙龙第2期,2025-08-25 14:00:00.050814,人028,人053,小组讨论,12
人工智能社学术沙龙第2期,2025-08-25 14:00:00.050814,人032,人009,合作演示,27
人工智能社学术沙龙第2期,2025-08-25 14:00:00.050814,人028,人019,跨组请教,11
人工智能社学术沙龙第2期,2025-08-25 14:00:00.050814,人062,人005,小组讨论,8
人工智能社学术沙龙第2期,2025-08-25 14:00:00.050814,人005,人059,跨组请教,5
人工智能社学术沙龙第2期,2025-08-25 14:00:00.050814,人027,人062,小组讨论,14
人工智能社学术沙龙第2期,2025-08-25 14:00:00.050814,人077,人059,跨组请教,21
人工智能社学术沙龙第2期,2025-08-25 14:00:00.050814,人027,人050,合作演示,11
人工智能社学术沙龙第2期,2025-08-25 14:00:00.050814,人005,人032,合作演示,26
人工智能社学术沙龙第2期,2025-08-25 14:00:00.050814,人062,人018,小组讨论,18
人工智能社学术沙龙第2期,2025-08-25 14:00:00.050814,人050,人062,小组讨论,13
人工智能社学术沙龙第2期,2025-08-25 14:00:00.050814,人033,人030,小组讨论,22
人工智能社学术沙龙第3期,2025-10-20 14:00:00.051816,人061,人083,小组讨论,7
人工智能社学术沙龙第3期,2025-10-20 14:00:00.051816,人090,人012,小组讨论,30
人工智能社学术沙龙第3期,2025-10-20 14:00:00.051816,人016,人012,小组讨论,24
人工智能社学术沙龙第3期,2025-10-20 14:00:00.051816,人053,人025,跨组请教,7
人工智能社学术沙龙第3期,2025-10-20 14:00:00.051816,人098,人015,小组讨论,13
人工智能社学术沙龙第3期,2025-10-20 14:00:00.051816,人053,人086,小组讨论,23
人工智能社学术沙龙第3期,2025-10-20 14:00:00.051816,人037,人049,小组讨论,16
人工智能社学术沙龙第3期,2025-10-20 14:00:00.051816,人016,人032,跨组请教,26
人工智能社学术沙龙第3期,2025-10-20 14:00:00.051816,人037,人015,小组讨论,13
人工智能社学术沙龙第3期,2025-10-20 14:00:00.051816,人061,人034,跨组请教,15
人工智能社学术沙龙第3期,2025-10-20 14:00:00.051816,人015,人019,小组讨论,19
人工智能社学术沙龙第3期,2025-10-20 14:00:00.051816,人064,人078,小组讨论,27
人工智能社学术沙龙第3期,2025-10-20 14:00:00.051816,人029,人069,跨组请教,22
人工智能社学术沙龙第3期,2025-10-20 14:00:00.051816,人056,人057,小组讨论,180
人工智能社学术沙龙第3期,2025-10-20 14:00:00.051816,人040,人016,小组讨论,17
人工智能社学术沙龙第3期,2025-10-20 14:00:00.051816,人069,人018,小组讨论,29
人工智能社学术沙龙第3期,2025-10-20 14:00:00.051816,人049,人056,小组讨论,29
人工智能社学术沙龙第3期,2025-10-20 14:00:00.051816,人018,人058,小组讨论,11
人工智能社学术沙龙第3期,2025-10-20 14:00:00.051816,人010,人057,跨组请教,27
人工智能社学术沙龙第3期,2025-10-20 14:00:00.051816,人032,人090,小组讨论,16
人工智能社学术沙龙第3期,2025-10-20 14:00:00.051816,人016,人049,跨组请教,28
人工智能社学术沙龙第3期,2025-10-20 14:00:00.051816,人038,人098,小组讨论,7
人工智能社学术沙龙第3期,2025-10-20 14:00:00.051816,人018,人086,小组讨论,12
人工智能社学术沙龙第3期,2025-10-20 14:00:00.051816,人016,人049,跨组请教,16
人工智能社学术沙龙第3期,2025-10-20 14:00:00.051816,人029,人090,小组讨论,29
人工智能社学术沙龙第3期,2025-10-20 14:00:00.051816,人053,人016,跨组请教,27
人工智能社学术沙龙第3期,2025-10-20 14:00:00.051816,人069,人015,小组讨论,19
人工智能社学术沙龙第3期,2025-10-20 14:00:00.051816,人010,人016,小组讨论,10
人工智能社学术沙龙第3期,2025-10-20 14:00:00.051816,人069,人053,小组讨论,30
人工智能社学术沙龙第3期,2025-10-20 14:00:00.051816,人004,人053,小组讨论,27
人工智能社学术沙龙第3期,2025-10-20 14:00:00.051816,人086,人038,跨组请教,20
人工智能社学术沙龙第3期,2025-10-20 14:00:00.051816,人004,人078,小组讨论,17
人工智能社学术沙龙第3期,2025-10-20 14:00:00.051816,人029,人064,小组讨论,27
人工智能社学术沙龙第3期,2025-10-20 14:00:00.051816,人034,人004,小组讨论,26
人工智能社学术沙龙第3期,2025-10-20 14:00:00.051816,人069,人029,小组讨论,26
人工智能社学术沙龙第3期,2025-10-20 14:00:00.051816,人078,人038,小组讨论,10
人工智能社学术沙龙第3期,2025-10-20 14:00:00.051816,人049,人083,小组讨论,30
人工智能社学术沙龙第3期,2025-10-20 14:00:00.051816,人015,人083,小组讨论,23
人工智能社学术沙龙第3期,2025-10-20 14:00:00.051816,人004,人034,跨组请教,26
人工智能社学术沙龙第3期,2025-10-20 14:00:00.051816,人066,人061,小组讨论,7
人工智能社学术沙龙第3期,2025-10-20 14:00:00.051816,人040,人038,小组讨论,28
人工智能社学术沙龙第3期,2025-10-20 14:00:00.051816,人019,人025,跨组请教,30
人工智能社学术沙龙第3期,2025-10-20 14:00:00.051816,人039,人025,小组讨论,12
人工智能社学术沙龙第3期,2025-10-20 14:00:00.051816,人049,人058,小组讨论,13
人工智能社学术沙龙第3期,2025-10-20 14:00:00.051816,人056,人004,跨组请教,26
人工智能社学术沙龙第3期,2025-10-20 14:00:00.051816,人029,人038,小组讨论,18
人工智能社学术沙龙第3期,2025-10-20 14:00:00.051816,人019,人057,小组讨论,8
人工智能社学术沙龙第3期,2025-10-20 14:00:00.051816,人024,人004,小组讨论,20
人工智能社学术沙龙第3期,2025-10-20 14:00:00.051816,人024,人016,小组讨论,16
人工智能社学术沙龙第3期,2025-10-20 14:00:00.051816,人057,人039,小组讨论,18
人工智能社学术沙龙第3期,2025-10-20 14:00:00.051816,人057,人018,小组讨论,17
人工智能社学术沙龙第3期,2025-10-20 14:00:00.051816,人039,人010,小组讨论,10
人工智能社学术沙龙第3期,2025-10-20 14:00:00.051816,人058,人040,小组讨论,13
人工智能社学术沙龙第3期,2025-10-20 14:00:00.051816,人010,人019,跨组请教,11
人工智能社学术沙龙第3期,2025-10-20 14:00:00.051816,人069,人058,小组讨论,23
人工智能社学术沙龙第3期,2025-10-20 14:00:00.051816,人064,人034,小组讨论,23
人工智能社学术沙龙第3期,2025-10-20 14:00:00.051816,人061,人064,跨组请教,9
人工智能社学术沙龙第3期,2025-10-20 14:00:00.051816,人010,人090,小组讨论,17
人工智能社学术沙龙第3期,2025-10-20 14:00:00.051816,人098,人061,跨组请教,29
人工智能社学术沙龙第3期,2025-10-20 14:00:00.051816,人019,人029,跨组请教,22
人工智能社学术沙龙第3期,2025-10-20 14:00:00.051816,人098,人083,小组讨论,23
人工智能社学术沙龙第3期,2025-10-20 14:00:00.051816,人090,人024,小组讨论,24
人工智能社学术沙龙第3期,2025-10-20 14:00:00.051816,人053,人066,小组讨论,26
人工智能社学术沙龙第3期,2025-10-20 14:00:00.051816,人066,人098,小组讨论,6
人工智能社学术沙龙第3期,2025-10-20 14:00:00.051816,人012,人037,小组讨论,26
人工智能社学术沙龙第3期,2025-10-20 14:00:00.051816,人083,人037,合作演示,11
人工智能社学术沙龙第3期,2025-10-20 14:00:00.051816,人016,人049,跨组请教,6
人工智能社学术沙龙第3期,2025-10-20 14:00:00.051816,人038,人056,小组讨论,24
人工智能社学术沙龙第3期,2025-10-20 14:00:00.051816,人019,人053,跨组请教,26
人工智能社学术沙龙第3期,2025-10-20 14:00:00.051816,人025,人053,小组讨论,23
人工智能社学术沙龙第3期,2025-10-20 14:00:00.051816,人016,人038,小组讨论,26
人工智能社学术沙龙第3期,2025-10-20 14:00:00.051816,人066,人086,跨组请教,6
人工智能社学术沙龙第3期,2025-10-20 14:00:00.051816,人024,人083,合作演示,20
人工智能社学术沙龙第3期,2025-10-20 14:00:00.051816,人066,人024,小组讨论,18
人工智能社学术沙龙第3期,2025-10-20 14:00:00.051816,人018,人037,跨组请教,25
人工智能社学术沙龙第3期,2025-10-20 14:00:00.051816,人066,人004,跨组请教,25
人工智能社学术沙龙第3期,2025-10-20 14:00:00.051816,人010,人064,小组讨论,10
人工智能社学术沙龙第3期,2025-10-20 14:00:00.051816,人037,人010,跨组请教,21
人工智能社学术沙龙第3期,2025-10-20 14:00:00.051816,人098,人039,跨组请教,15
人工智能社学术沙龙第3期,2025-10-20 14:00:00.051816,人012,人086,小组讨论,12
人工智能社学术沙龙第3期,2025-10-20 14:00:00.051816,人024,人015,小组讨论,23
人工智能社学术沙龙第3期,2025-10-20 14:00:00.051816,人075,人029,小组讨论,25
人工智能社学术沙龙第3期,2025-10-20 14:00:00.051816,人058,人069,小组讨论,20
人工智能社学术沙龙第3期,2025-10-20 14:00:00.051816,人029,人040,小组讨论,9
人工智能社学术沙龙第3期,2025-10-20 14:00:00.051816,人086,人075,小组讨论,30
人工智能社学术沙龙第3期,2025-10-20 14:00:00.051816,人039,人064,跨组请教,9
人工智能社学术沙龙第3期,2025-10-20 14:00:00.051816,人016,人066,小组讨论,29
人工智能社学术沙龙第3期,2025-10-20 14:00:00.051816,人037,人086,跨组请教,14
人工智能社学术沙龙第3期,2025-10-20 14:00:00.051816,人061,人083,小组讨论,6
人工智能社学术沙龙第3期,2025-10-20 14:00:00.051816,人025,人039,跨组请教,29
人工智能社学术沙龙第3期,2025-10-20 14:00:00.051816,人024,人086,小组讨论,6
人工智能社学术沙龙第3期,2025-10-20 14:00:00.051816,人061,人016,小组讨论,28
人工智能社学术沙龙第3期,2025-10-20 14:00:00.051816,人034,人058,小组讨论,5
人工智能社学术沙龙第4期,2025-08-29 15:00:00.052936,人083,人001,跨组请教,30
人工智能社学术沙龙第4期,2025-08-29 15:00:00.052936,人003,人093,小组讨论,8
人工智能社学术沙龙第4期,2025-08-29 15:00:00.052936,人076,人001,跨组请教,26
人工智能社学术沙龙第4期,2025-08-29 15:00:00.052936,人044,人004,小组讨论,17
人工智能社学术沙龙第4期,2025-08-29 15:00:00.052936,人088,人097,跨组请教,21
人工智能社学术沙龙第4期,2025-08-29 15:00:00.052936,人015,人047,小组讨论,28
人工智能社学术沙龙第4期,2025-08-29 15:00:00.052936,人016,人083,小组讨论,10
人工智能社学术沙龙第4期,2025-08-29 15:00:00.052936,人054,人099,小组讨论,21
人工智能社学术沙龙第4期,2025-08-29 15:00:00.052936,人022,人018,小组讨论,27
人工智能社学术沙龙第4期,2025-08-29 15:00:00.052936,人073,人051,小组讨论,28
人工智能社学术沙龙第4期,2025-08-29 15:00:00.052936,人028,人083,合作演示,23
人工智能社学术沙龙第4期,2025-08-29 15:00:00.052936,人022,人020,小组讨论,5
人工智能社学术沙龙第4期,2025-08-29 15:00:00.052936,人008,人001,跨组请教,29
人工智能社学术沙龙第4期,2025-08-29 15:00:00.052936,人097,人041,小组讨论,19
人工智能社学术沙龙第4期,2025-08-29 15:00:00.052936,人023,人097,小组讨论,25
人工智能社学术沙龙第4期,2025-08-29 15:00:00.052936,人047,人091,合作演示,25
人工智能社学术沙龙第4期,2025-08-29 15:00:00.052936,人029,人073,小组讨论,6
人工智能社学术沙龙第4期,2025-08-29 15:00:00.052936,人091,人024,小组讨论,22
人工智能社学术沙龙第4期,2025-08-29 15:00:00.052936,人073,人020,跨组请教,5
人工智能社学术沙龙第4期,2025-08-29 15:00:00.052936,人060,人003,小组讨论,20
人工智能社学术沙龙第4期,2025-08-29 15:00:00.052936,人024,人047,小组讨论,26
人工智能社学术沙龙第4期,2025-08-29 15:00:00.052936,人083,人020,小组讨论,5
人工智能社学术沙龙第4期,2025-08-29 15:00:00.052936,人073,人015,小组讨论,19
人工智能社学术沙龙第4期,2025-08-29 15:00:00.052936,人016,人094,跨组请教,15
人工智能社学术沙龙第4期,2025-08-29 15:00:00.052936,人099,人038,小组讨论,9
人工智能社学术沙龙第4期,2025-08-29 15:00:00.052936,人019,人016,小组讨论,24
人工智能社学术沙龙第4期,2025-08-29 15:00:00.052936,人091,人094,小组讨论,21
人工智能社学术沙龙第4期,2025-08-29 15:00:00.052936,人024,人015,小组讨论,8
人工智能社学术沙龙第4期,2025-08-29 15:00:00.052936,人097,人004,小组讨论,11
人工智能社学术沙龙第4期,2025-08-29 15:00:00.052936,人051,人008,小组讨论,14
人工智能社学术沙龙第4期,2025-08-29 15:00:00.052936,人094,人013,合作演示,22
人工智能社学术沙龙第4期,2025-08-29 15:00:00.052936,人051,人054,跨组请教,5
人工智能社学术沙龙第4期,2025-08-29 15:00:00.052936,人008,人093,跨组请教,15
人工智能社学术沙龙第4期,2025-08-29 15:00:00.052936,人073,人093,跨组请教,25
人工智能社学术沙龙第4期,2025-08-29 15:00:00.052936,人041,人051,小组讨论,18
人工智能社学术沙龙第4期,2025-08-29 15:00:00.052936,人050,人019,小组讨论,21
人工智能社学术沙龙第4期,2025-08-29 15:00:00.052936,人038,人054,小组讨论,20
人工智能社学术沙龙第4期,2025-08-29 15:00:00.052936,人010,人001,跨组请教,25
人工智能社学术沙龙第4期,2025-08-29 15:00:00.052936,人023,人088,小组讨论,10
人工智能社学术沙龙第4期,2025-08-29 15:00:00.052936,人060,人072,小组讨论,13
人工智能社学术沙龙第4期,2025-08-29 15:00:00.052936,人008,人038,小组讨论,26
人工智能社学术沙龙第4期,2025-08-29 15:00:00.052936,人029,人072,小组讨论,16
人工智能社学术沙龙第4期,2025-08-29 15:00:00.052936,人022,人018,跨组请教,29
人工智能社学术沙龙第4期,2025-08-29 15:00:00.052936,人047,人019,小组讨论,12
人工智能社学术沙龙第4期,2025-08-29 15:00:00.052936,人020,人099,小组讨论,26
人工智能社学术沙龙第4期,2025-08-29 15:00:00.052936,人041,人058,跨组请教,29
人工智能社学术沙龙第4期,2025-08-29 15:00:00.052936,人008,人016,小组讨论,19
人工智能社学术沙龙第4期,2025-08-29 15:00:00.052936,人038,人099,合作演示,27
人工智能社学术沙龙第4期,2025-08-29 15:00:00.052936,人010,人083,跨组请教,16
人工智能社学术沙龙第4期,2025-08-29 15:00:00.052936,人018,人073,小组讨论,7
人工智能社学术沙龙第4期,2025-08-29 15:00:00.052936,人093,人058,跨组请教,12
人工智能社学术沙龙第4期,2025-08-29 15:00:00.052936,人060,人051,小组讨论,8
人工智能社学术沙龙第4期,2025-08-29 15:00:00.052936,人022,人060,小组讨论,15
人工智能社学术沙龙第4期,2025-08-29 15:00:00.052936,人008,人099,跨组请教,13
人工智能社学术沙龙第4期,2025-08-29 15:00:00.052936,人099,人058,小组讨论,14
人工智能社学术沙龙第4期,2025-08-29 15:00:00.052936,人026,人041,跨组请教,16
人工智能社学术沙龙第4期,2025-08-29 15:00:00.052936,人081,人054,小组讨论,20
人工智能社学术沙龙第4期,2025-08-29 15:00:00.052936,人022,人072,小组讨论,30
人工智能社学术沙龙第4期,2025-08-29 15:00:00.052936,人058,人019,小组讨论,29
人工智能社学术沙龙第4期,2025-08-29 15:00:00.052936,人026,人073,跨组请教,11
人工智能社学术沙龙第4期,2025-08-29 15:00:00.052936,人054,人051,合作演示,5
人工智能社学术沙龙第4期,2025-08-29 15:00:00.052936,人004,人016,小组讨论,5
人工智能社学术沙龙第4期,2025-08-29 15:00:00.052936,人016,人023,小组讨论,6
人工智能社学术沙龙第4期,2025-08-29 15:00:00.052936,人015,人028,小组讨论,5
人工智能社学术沙龙第4期,2025-08-29 15:00:00.052936,人013,人060,跨组请教,26
人工智能社学术沙龙第4期,2025-08-29 15:00:00.052936,人028,人050,跨组请教,25
人工智能社学术沙龙第4期,2025-08-29 15:00:00.052936,人013,人029,跨组请教,16
人工智能社学术沙龙第4期,2025-08-29 15:00:00.052936,人018,人041,小组讨论,5
人工智能社学术沙龙第4期,2025-08-29 15:00:00.052936,人060,人008,小组讨论,10
人工智能社学术沙龙第4期,2025-08-29 15:00:00.052936,人001,人051,小组讨论,16
人工智能社学术沙龙第4期,2025-08-29 15:00:00.052936,人060,人073,小组讨论,8
人工智能社学术沙龙第4期,2025-08-29 15:00:00.052936,人083,人024,合作演示,14
人工智能社学术沙龙第4期,2025-08-29 15:00:00.052936,人081,人001,小组讨论,23
人工智能社学术沙龙第4期,2025-08-29 15:00:00.052936,人003,人028,小组讨论,24
人工智能社学术沙龙第4期,2025-08-29 15:00:00.052936,人008,人093,小组讨论,20
人工智能社学术沙龙第4期,2025-08-29 15:00:00.052936,人004,人019,小组讨论,29
人工智能社学术沙龙第4期,2025-08-29 15:00:00.052936,人024,人041,跨组请教,19
人工智能社学术沙龙第4期,2025-08-29 15:00:00.052936,人094,人076,合作演示,5
人工智能社学术沙龙第4期,2025-08-29 15:00:00.052936,人042,人073,跨组请教,10
人工智能社学术沙龙第4期,2025-08-29 15:00:00.052936,人023,人042,跨组请教,22
人工智能社学术沙龙第4期,2025-08-29 15:00:00.052936,人025,人003,小组讨论,23
人工智能社学术沙龙第4期,2025-08-29 15:00:00.052936,人010,人091,小组讨论,28
人工智能社学术沙龙第4期,2025-08-29 15:00:00.052936,人044,人024,小组讨论,23
人工智能社学术沙龙第4期,2025-08-29 15:00:00.052936,人093,人018,小组讨论,11
人工智能社学术沙龙第4期,2025-08-29 15:00:00.052936,人051,人038,小组讨论,22
人工智能社学术沙龙第4期,2025-08-29 15:00:00.052936,人041,人044,小组讨论,28
人工智能社学术沙龙第4期,2025-08-29 15:00:00.052936,人094,人072,小组讨论,28
人工智能社学术沙龙第4期,2025-08-29 15:00:00.052936,人024,人047,小组讨论,29
人工智能社学术沙龙第4期,2025-08-29 15:00:00.052936,人023,人019,小组讨论,22
人工智能社学术沙龙第4期,2025-08-29 15:00:00.052936,人024,人010,跨组请教,19
人工智能社学术沙龙第4期,2025-08-29 15:00:00.052936,人076,人019,合作演示,25
人工智能社学术沙龙第4期,2025-08-29 15:00:00.052936,人042,人091,跨组请教,29
人工智能社学术沙龙第4期,2025-08-29 15:00:00.052936,人054,人015,小组讨论,12
人工智能社学术沙龙第4期,2025-08-29 15:00:00.052936,人008,人001,跨组请教,15
人工智能社学术沙龙第4期,2025-08-29 15:00:00.052936,人042,人041,小组讨论,5
人工智能社学术沙龙第4期,2025-08-29 15:00:00.052936,人003,人010,小组讨论,21
人工智能社学术沙龙第4期,2025-08-29 15:00:00.052936,人051,人072,跨组请教,16
人工智能社学术沙龙第4期,2025-08-29 15:00:00.052936,人099,人003,跨组请教,16
人工智能社学术沙龙第4期,2025-08-29 15:00:00.052936,人083,人020,小组讨论,18
人工智能社学术沙龙第4期,2025-08-29 15:00:00.052936,人023,人016,小组讨论,25
人工智能社学术沙龙第4期,2025-08-29 15:00:00.052936,人083,人091,小组讨论,15
人工智能社学术沙龙第4期,2025-08-29 15:00:00.052936,人044,人013,小组讨论,25
人工智能社学术沙龙第4期,2025-08-29 15:00:00.052936,人013,人038,小组讨论,26
人工智能社学术沙龙第4期,2025-08-29 15:00:00.052936,人025,人041,小组讨论,24
人工智能社学术沙龙第4期,2025-08-29 15:00:00.052936,人024,人097,小组讨论,12
人工智能社学术沙龙第4期,2025-08-29 15:00:00.052936,人018,人060,小组讨论,15
人工智能社学术沙龙第4期,2025-08-29 15:00:00.052936,人083,人050,小组讨论,24
人工智能社学术沙龙第4期,2025-08-29 15:00:00.052936,人013,人008,小组讨论,14
人工智能社学术沙龙第4期,2025-08-29 15:00:00.052936,人094,人023,小组讨论,13
人工智能社学术沙龙第4期,2025-08-29 15:00:00.052936,人091,人001,小组讨论,5
人工智能社学术沙龙第4期,2025-08-29 15:00:00.052936,人093,人013,跨组请教,15
人工智能社学术沙龙第4期,2025-08-29 15:00:00.052936,人016,人028,跨组请教,10
人工智能社学术沙龙第4期,2025-08-29 15:00:00.052936,人023,人010,合作演示,5
人工智能社学术沙龙第4期,2025-08-29 15:00:00.052936,人058,人020,跨组请教,13
人工智能社学术沙龙第4期,2025-08-29 15:00:00.052936,人023,人083,小组讨论,15
人工智能社学术沙龙第4期,2025-08-29 15:00:00.052936,人013,人058,小组讨论,7
人工智能社学术沙龙第4期,2025-08-29 15:00:00.052936,人088,人003,小组讨论,30
人工智能社学术沙龙第4期,2025-08-29 15:00:00.052936,人099,人004,跨组请教,24
人工智能社学术沙龙第4期,2025-08-29 15:00:00.052936,人097,人008,跨组请教,18
人工智能社学术沙龙第4期,2025-08-29 15:00:00.052936,人051,人024,跨组请教,28
人工智能社学术沙龙第4期,2025-08-29 15:00:00.052936,人038,人044,小组讨论,12
人工智能社学术沙龙第4期,2025-08-29 15:00:00.052936,人003,人029,小组讨论,176
人工智能社学术沙龙第4期,2025-08-29 15:00:00.052936,人091,人088,小组讨论,18
人工智能社学术沙龙第4期,2025-08-29 15:00:00.052936,人038,人029,跨组请教,19
人工智能社学术沙龙第4期,2025-08-29 15:00:00.052936,人099,人013,小组讨论,9
人工智能社学术沙龙第4期,2025-08-29 15:00:00.052936,人024,人050,小组讨论,29
人工智能社学术沙龙第4期,2025-08-29 15:00:00.052936,人093,人081,小组讨论,9
人工智能社学术沙龙第4期,2025-08-29 15:00:00.052936,人088,人013,小组讨论,6
人工智能社学术沙龙第4期,2025-08-29 15:00:00.052936,人019,人001,小组讨论,18
人工智能社学术沙龙第4期,2025-08-29 15:00:00.052936,人029,人050,跨组请教,9
人工智能社学术沙龙第4期,2025-08-29 15:00:00.052936,人003,人091,合作演示,5
人工智能社学术沙龙第4期,2025-08-29 15:00:00.052936,人018,人026,小组讨论,29
人工智能社学术沙龙第4期,2025-08-29 15:00:00.052936,人038,人016,合作演示,29
人工智能社学术沙龙第4期,2025-08-29 15:00:00.052936,人047,人093,跨组请教,26
人工智能社学术沙龙第4期,2025-08-29 15:00:00.052936,人072,人044,合作演示,19
人工智能社学术沙龙第4期,2025-08-29 15:00:00.052936,人042,人093,跨组请教,8
人工智能社学术沙龙第4期,2025-08-29 15:00:00.052936,人004,人022,小组讨论,19
人工智能社学术沙龙第4期,2025-08-29 15:00:00.052936,人004,人093,跨组请教,27
人工智能社学术沙龙第4期,2025-08-29 15:00:00.052936,人042,人004,小组讨论,11
人工智能社学术沙龙第4期,2025-08-29 15:00:00.052936,人083,人060,小组讨论,7
人工智能社学术沙龙第4期,2025-08-29 15:00:00.052936,人029,人094,跨组请教,5
人工智能社学术沙龙第4期,2025-08-29 15:00:00.052936,人025,人003,小组讨论,12
人工智能社学术沙龙第4期,2025-08-29 15:00:00.052936,人038,人050,小组讨论,26
人工智能社学术沙龙第4期,2025-08-29 15:00:00.052936,人081,人083,跨组请教,20
人工智能社学术沙龙第4期,2025-08-29 15:00:00.052936,人044,人019,合作演示,19
人工智能社学术沙龙第4期,2025-08-29 15:00:00.052936,人051,人019,跨组请教,13
人工智能社学术沙龙第4期,2025-08-29 15:00:00.052936,人099,人016,跨组请教,21
人工智能社学术沙龙第4期,2025-08-29 15:00:00.052936,人088,人094,小组讨论,13
人工智能社学术沙龙第4期,2025-08-29 15:00:00.052936,人020,人029,跨组请教,11
人工智能社学术沙龙第4期,2025-08-29 15:00:00.052936,人008,人020,跨组请教,26
人工智能社学术沙龙第4期,2025-08-29 15:00:00.052936,人054,人010,小组讨论,23
人工智能社学术沙龙第4期,2025-08-29 15:00:00.052936,人042,人004,小组讨论,20
人工智能社学术沙龙第4期,2025-08-29 15:00:00.052936,人020,人091,小组讨论,28
人工智能社学术沙龙第4期,2025-08-29 15:00:00.052936,人004,人023,小组讨论,25
人工智能社学术沙龙第4期,2025-08-29 15:00:00.052936,人003,人060,跨组请教,19
人工智能社学术沙龙第4期,2025-08-29 15:00:00.052936,人029,人091,跨组请教,13
人工智能社学术沙龙第4期,2025-08-29 15:00:00.052936,人003,人016,小组讨论,28
人工智能社学术沙龙第4期,2025-08-29 15:00:00.052936,人028,人054,小组讨论,19
人工智能社学术沙龙第4期,2025-08-29 15:00:00.052936,人013,人041,小组讨论,25
人工智能社学术沙龙第4期,2025-08-29 15:00:00.052936,人042,人051,跨组请教,30
人工智能社学术沙龙第4期,2025-08-29 15:00:00.052936,人010,人051,小组讨论,27
人工智能社学术沙龙第4期,2025-08-29 15:00:00.052936,人072,人020,小组讨论,18
人工智能社学术沙龙第4期,2025-08-29 15:00:00.052936,人026,人081,跨组请教,20
人工智能社学术沙龙第4期,2025-08-29 15:00:00.052936,人093,人091,跨组请教,23
人工智能社学术沙龙第4期,2025-08-29 15:00:00.052936,人020,人015,小组讨论,19
人工智能社学术沙龙第4期,2025-08-29 15:00:00.052936,人083,人094,跨组请教,26
人工智能社学术沙龙第4期,2025-08-29 15:00:00.052936,人060,人047,跨组请教,14
人工智能社学术沙龙第4期,2025-08-29 15:00:00.052936,人088,人097,小组讨论,17
人工智能社学术沙龙第4期,2025-08-29 15:00:00.052936,人047,人025,跨组请教,26
人工智能社学术沙龙第4期,2025-08-29 15:00:00.052936,人097,人022,合作演示,19
人工智能社学术沙龙第4期,2025-08-29 15:00:00.052936,人010,人020,小组讨论,28
人工智能社学术沙龙第4期,2025-08-29 15:00:00.052936,人099,人072,跨组请教,29
人工智能社学术沙龙第4期,2025-08-29 15:00:00.052936,人018,人028,小组讨论,18
人工智能社学术沙龙第4期,2025-08-29 15:00:00.052936,人099,人022,小组讨论,28
人工智能社学术沙龙第4期,2025-08-29 15:00:00.052936,人044,人015,小组讨论,25
人工智能社学术沙龙第4期,2025-08-29 15:00:00.052936,人093,人051,小组讨论,17
人工智能社学术沙龙第4期,2025-08-29 15:00:00.052936,人060,人094,小组讨论,17
人工智能社学术沙龙第4期,2025-08-29 15:00:00.052936,人042,人029,跨组请教,21
人工智能社学术沙龙第4期,2025-08-29 15:00:00.052936,人083,人076,跨组请教,6
人工智能社学术沙龙第4期,2025-08-29 15:00:00.052936,人051,人047,跨组请教,22
人工智能社学术沙龙第4期,2025-08-29 15:00:00.052936,人029,人047,小组讨论,11
人工智能社学术沙龙第4期,2025-08-29 15:00:00.052936,人044,人076,小组讨论,22
人工智能社学术沙龙第4期,2025-08-29 15:00:00.052936,人051,人072,跨组请教,10
人工智能社学术沙龙第4期,2025-08-29 15:00:00.052936,人093,人088,跨组请教,7
人工智能社学术沙龙第4期,2025-08-29 15:00:00.052936,人072,人001,小组讨论,12
人工智能社学术沙龙第4期,2025-08-29 15:00:00.052936,人026,人081,跨组请教,7
人工智能社学术沙龙第4期,2025-08-29 15:00:00.052936,人051,人044,小组讨论,20
人工智能社学术沙龙第4期,2025-08-29 15:00:00.052936,人013,人019,小组讨论,24
人工智能社学术沙龙第4期,2025-08-29 15:00:00.052936,人076,人041,合作演示,11
人工智能社学术沙龙第4期,2025-08-29 15:00:00.052936,人028,人088,跨组请教,12
人工智能社学术沙龙第4期,2025-08-29 15:00:00.052936,人060,人025,小组讨论,13
人工智能社学术沙龙第4期,2025-08-29 15:00:00.052936,人050,人018,跨组请教,20
人工智能社学术沙龙第4期,2025-08-29 15:00:00.052936,人058,人008,跨组请教,22
人工智能社学术沙龙第4期,2025-08-29 15:00:00.052936,人044,人076,合作演示,14
人工智能社学术沙龙第4期,2025-08-29 15:00:00.052936,人020,人028,合作演示,17
人工智能社学术沙龙第5期,2025-09-26 15:00:00.053961,人013,人092,小组讨论,15
人工智能社学术沙龙第5期,2025-09-26 15:00:00.053961,人005,人092,小组讨论,24
人工智能社学术沙龙第5期,2025-09-26 15:00:00.053961,人088,人047,小组讨论,27
人工智能社学术沙龙第5期,2025-09-26 15:00:00.053961,人098,人085,小组讨论,17
人工智能社学术沙龙第5期,2025-09-26 15:00:00.053961,人093,人085,小组讨论,30
人工智能社学术沙龙第5期,2025-09-26 15:00:00.053961,人058,人088,小组讨论,12
人工智能社学术沙龙第5期,2025-09-26 15:00:00.053961,人097,人007,跨组请教,139
人工智能社学术沙龙第5期,2025-09-26 15:00:00.053961,人049,人076,跨组请教,13
人工智能社学术沙龙第5期,2025-09-26 15:00:00.053961,人005,人074,合作演示,16
人工智能社学术沙龙第5期,2025-09-26 15:00:00.053961,人097,人001,小组讨论,15
人工智能社学术沙龙第5期,2025-09-26 15:00:00.053961,人058,人042,小组讨论,15
人工智能社学术沙龙第5期,2025-09-26 15:00:00.053961,人031,人055,合作演示,29
人工智能社学术沙龙第5期,2025-09-26 15:00:00.053961,人010,人047,跨组请教,10
人工智能社学术沙龙第5期,2025-09-26 15:00:00.053961,人073,人031,小组讨论,17
人工智能社学术沙龙第5期,2025-09-26 15:00:00.053961,人019,人047,合作演示,15
人工智能社学术沙龙第5期,2025-09-26 15:00:00.053961,人013,人074,小组讨论,27
人工智能社学术沙龙第5期,2025-09-26 15:00:00.053961,人016,人001,小组讨论,11
人工智能社学术沙龙第5期,2025-09-26 15:00:00.053961,人085,人022,小组讨论,25
人工智能社学术沙龙第5期,2025-09-26 15:00:00.053961,人007,人098,跨组请教,17
人工智能社学术沙龙第5期,2025-09-26 15:00:00.053961,人075,人023,跨组请教,13
人工智能社学术沙龙第5期,2025-09-26 15:00:00.053961,人093,人010,小组讨论,24
人工智能社学术沙龙第5期,2025-09-26 15:00:00.053961,人022,人010,小组讨论,15
人工智能社学术沙龙第5期,2025-09-26 15:00:00.053961,人076,人042,小组讨论,22
人工智能社学术沙龙第5期,2025-09-26 15:00:00.053961,人097,人099,小组讨论,21
人工智能社学术沙龙第5期,2025-09-26 15:00:00.053961,人019,人047,跨组请教,22
人工智能社学术沙龙第5期,2025-09-26 15:00:00.053961,人075,人076,合作演示,8
人工智能社学术沙龙第5期,2025-09-26 15:00:00.053961,人049,人098,跨组请教,13
人工智能社学术沙龙第5期,2025-09-26 15:00:00.053961,人042,人052,小组讨论,9
人工智能社学术沙龙第5期,2025-09-26 15:00:00.053961,人099,人098,合作演示,8
人工智能社学术沙龙第5期,2025-09-26 15:00:00.053961,人044,人055,小组讨论,21
人工智能社学术沙龙第5期,2025-09-26 15:00:00.053961,人076,人060,小组讨论,18
人工智能社学术沙龙第5期,2025-09-26 15:00:00.053961,人095,人078,小组讨论,7
人工智能社学术沙龙第5期,2025-09-26 15:00:00.053961,人092,人034,小组讨论,15
人工智能社学术沙龙第5期,2025-09-26 15:00:00.053961,人052,人031,小组讨论,14
人工智能社学术沙龙第5期,2025-09-26 15:00:00.053961,人042,人058,小组讨论,10
人工智能社学术沙龙第5期,2025-09-26 15:00:00.053961,人027,人045,小组讨论,12
人工智能社学术沙龙第5期,2025-09-26 15:00:00.053961,人083,人078,小组讨论,20
人工智能社学术沙龙第5期,2025-09-26 15:00:00.053961,人016,人087,小组讨论,10
人工智能社学术沙龙第5期,2025-09-26 15:00:00.053961,人067,人005,合作演示,21
人工智能社学术沙龙第5期,2025-09-26 15:00:00.053961,人087,人029,小组讨论,12
人工智能社学术沙龙第5期,2025-09-26 15:00:00.053961,人092,人019,跨组请教,15
人工智能社学术沙龙第5期,2025-09-26 15:00:00.053961,人076,人015,跨组请教,22
人工智能社学术沙龙第5期,2025-09-26 15:00:00.053961,人042,人010,小组讨论,19
人工智能社学术沙龙第5期,2025-09-26 15:00:00.053961,人073,人053,小组讨论,6
人工智能社学术沙龙第5期,2025-09-26 15:00:00.053961,人016,人095,跨组请教,27
人工智能社学术沙龙第5期,2025-09-26 15:00:00.053961,人007,人060,跨组请教,17
人工智能社学术沙龙第5期,2025-09-26 15:00:00.053961,人091,人047,跨组请教,15
人工智能社学术沙龙第5期,2025-09-26 15:00:00.053961,人031,人023,跨组请教,29
人工智能社学术沙龙第5期,2025-09-26 15:00:00.053961,人001,人019,小组讨论,25
人工智能社学术沙龙第5期,2025-09-26 15:00:00.053961,人010,人083,小组讨论,21
人工智能社学术沙龙第5期,2025-09-26 15:00:00.053961,人055,人034,小组讨论,20
人工智能社学术沙龙第5期,2025-09-26 15:00:00.053961,人069,人091,小组讨论,12
人工智能社学术沙龙第5期,2025-09-26 15:00:00.053961,人095,人069,跨组请教,15
人工智能社学术沙龙第5期,2025-09-26 15:00:00.053961,人092,人016,跨组请教,24
人工智能社学术沙龙第5期,2025-09-26 15:00:00.053961,人074,人091,小组讨论,13
人工智能社学术沙龙第5期,2025-09-26 15:00:00.053961,人069,人078,合作演示,13
人工智能社学术沙龙第5期,2025-09-26 15:00:00.053961,人076,人005,小组讨论,26
人工智能社学术沙龙第5期,2025-09-26 15:00:00.053961,人093,人031,小组讨论,23
人工智能社学术沙龙第5期,2025-09-26 15:00:00.053961,人007,人013,跨组请教,9
人工智能社学术沙龙第5期,2025-09-26 15:00:00.053961,人069,人073,小组讨论,29
人工智能社学术沙龙第5期,2025-09-26 15:00:00.053961,人091,人097,跨组请教,19
人工智能社学术沙龙第5期,2025-09-26 15:00:00.053961,人093,人091,小组讨论,10
人工智能社学术沙龙第5期,2025-09-26 15:00:00.053961,人034,人092,小组讨论,10
人工智能社学术沙龙第5期,2025-09-26 15:00:00.053961,人055,人098,跨组请教,26
人工智能社学术沙龙第5期,2025-09-26 15:00:00.053961,人060,人005,小组讨论,28
人工智能社学术沙龙第5期,2025-09-26 15:00:00.053961,人029,人074,小组讨论,10
人工智能社学术沙龙第5期,2025-09-26 15:00:00.053961,人045,人047,小组讨论,22
人工智能社学术沙龙第5期,2025-09-26 15:00:00.053961,人076,人075,小组讨论,18
人工智能社学术沙龙第5期,2025-09-26 15:00:00.053961,人035,人088,合作演示,14
人工智能社学术沙龙第5期,2025-09-26 15:00:00.053961,人088,人095,小组讨论,9
人工智能社学术沙龙第5期,2025-09-26 15:00:00.053961,人013,人091,跨组请教,25
人工智能社学术沙龙第5期,2025-09-26 15:00:00.053961,人075,人015,跨组请教,25
人工智能社学术沙龙第5期,2025-09-26 15:00:00.053961,人076,人010,小组讨论,13
人工智能社学术沙龙第5期,2025-09-26 15:00:00.053961,人073,人085,跨组请教,28
人工智能社学术沙龙第5期,2025-09-26 15:00:00.053961,人016,人099,小组讨论,21
人工智能社学术沙龙第5期,2025-09-26 15:00:00.053961,人073,人029,小组讨论,18
人工智能社学术沙龙第5期,2025-09-26 15:00:00.053961,人007,人085,跨组请教,5
人工智能社学术沙龙第5期,2025-09-26 15:00:00.053961,人044,人010,小组讨论,11
人工智能社学术沙龙第5期,2025-09-26 15:00:00.053961,人088,人074,跨组请教,10
人工智能社学术沙龙第5期,2025-09-26 15:00:00.053961,人088,人078,跨组请教,26
人工智能社学术沙龙第5期,2025-09-26 15:00:00.053961,人091,人076,跨组请教,6
人工智能社学术沙龙第5期,2025-09-26 15:00:00.053961,人097,人035,跨组请教,18
人工智能社学术沙龙第5期,2025-09-26 15:00:00.053961,人023,人074,小组讨论,23
人工智能社学术沙龙第5期,2025-09-26 15:00:00.053961,人016,人074,小组讨论,15
人工智能社学术沙龙第5期,2025-09-26 15:00:00.053961,人044,人073,跨组请教,11
人工智能社学术沙龙第5期,2025-09-26 15:00:00.053961,人029,人007,小组讨论,17
人工智能社学术沙龙第5期,2025-09-26 15:00:00.053961,人047,人069,小组讨论,17
人工智能社学术沙龙第5期,2025-09-26 15:00:00.053961,人076,人053,跨组请教,14
人工智能社学术沙龙第5期,2025-09-26 15:00:00.053961,人083,人087,小组讨论,8
人工智能社学术沙龙第5期,2025-09-26 15:00:00.053961,人005,人067,小组讨论,29
人工智能社学术沙龙第5期,2025-09-26 15:00:00.053961,人019,人053,小组讨论,20
人工智能社学术沙龙第5期,2025-09-26 15:00:00.053961,人075,人016,小组讨论,7
人工智能社学术沙龙第5期,2025-09-26 15:00:00.053961,人073,人042,跨组请教,14
人工智能社学术沙龙第5期,2025-09-26 15:00:00.053961,人035,人097,跨组请教,20
人工智能社学术沙龙第5期,2025-09-26 15:00:00.053961,人034,人044,合作演示,28
人工智能社学术沙龙第5期,2025-09-26 15:00:00.053961,人097,人035,小组讨论,20
人工智能社学术沙龙第5期,2025-09-26 15:00:00.053961,人085,人069,小组讨论,16
人工智能社学术沙龙第5期,2025-09-26 15:00:00.053961,人083,人058,小组讨论,5
人工智能社学术沙龙第5期,2025-09-26 15:00:00.053961,人029,人076,跨组请教,14
人工智能社学术沙龙第5期,2025-09-26 15:00:00.053961,人049,人016,跨组请教,21
人工智能社学术沙龙第5期,2025-09-26 15:00:00.053961,人085,人088,跨组请教,27
人工智能社学术沙龙第5期,2025-09-26 15:00:00.053961,人013,人076,小组讨论,15
人工智能社学术沙龙第5期,2025-09-26 15:00:00.053961,人097,人010,跨组请教,7
人工智能社学术沙龙第5期,2025-09-26 15:00:00.053961,人076,人034,跨组请教,24
人工智能社学术沙龙第5期,2025-09-26 15:00:00.053961,人022,人092,小组讨论,23
人工智能社学术沙龙第5期,2025-09-26 15:00:00.053961,人088,人027,小组讨论,17
人工智能社学术沙龙第5期,2025-09-26 15:00:00.053961,人052,人015,小组讨论,13
人工智能社学术沙龙第5期,2025-09-26 15:00:00.053961,人031,人001,跨组请教,17
人工智能社学术沙龙第5期,2025-09-26 15:00:00.053961,人085,人088,合作演示,26
人工智能社学术沙龙第5期,2025-09-26 15:00:00.053961,人001,人044,跨组请教,14
人工智能社学术沙龙第5期,2025-09-26 15:00:00.053961,人035,人095,小组讨论,24
人工智能社学术沙龙第5期,2025-09-26 15:00:00.053961,人091,人069,小组讨论,28
人工智能社学术沙龙第5期,2025-09-26 15:00:00.053961,人078,人091,跨组请教,19
人工智能社学术沙龙第5期,2025-09-26 15:00:00.053961,人045,人022,跨组请教,24
人工智能社学术沙龙第5期,2025-09-26 15:00:00.053961,人007,人047,小组讨论,12
人工智能社学术沙龙第5期,2025-09-26 15:00:00.053961,人001,人083,合作演示,13
人工智能社学术沙龙第5期,2025-09-26 15:00:00.053961,人042,人067,跨组请教,29
人工智能社学术沙龙第5期,2025-09-26 15:00:00.053961,人034,人019,小组讨论,13
人工智能社学术沙龙第5期,2025-09-26 15:00:00.053961,人049,人093,小组讨论,18
人工智能社学术沙龙第5期,2025-09-26 15:00:00.053961,人092,人027,小组讨论,28
人工智能社学术沙龙第5期,2025-09-26 15:00:00.053961,人055,人091,小组讨论,16
人工智能社学术沙龙第5期,2025-09-26 15:00:00.053961,人031,人044,小组讨论,14
人工智能社学术沙龙第5期,2025-09-26 15:00:00.053961,人047,人095,跨组请教,22
人工智能社学术沙龙第5期,2025-09-26 15:00:00.053961,人098,人087,跨组请教,6
人工智能社学术沙龙第5期,2025-09-26 15:00:00.053961,人023,人007,小组讨论,25
人工智能社学术沙龙第5期,2025-09-26 15:00:00.053961,人042,人052,跨组请教,8
人工智能社学术沙龙第5期,2025-09-26 15:00:00.053961,人027,人055,小组讨论,20
人工智能社学术沙龙第5期,2025-09-26 15:00:00.053961,人031,人052,小组讨论,12
人工智能社学术沙龙第5期,2025-09-26 15:00:00.053961,人055,人095,跨组请教,25
人工智能社学术沙龙第5期,2025-09-26 15:00:00.053961,人023,人022,小组讨论,8
人工智能社学术沙龙第5期,2025-09-26 15:00:00.053961,人073,人052,小组讨论,24
人工智能社学术沙龙第5期,2025-09-26 15:00:00.053961,人034,人010,合作演示,27
人工智能社学术沙龙第5期,2025-09-26 15:00:00.053961,人034,人074,跨组请教,26
人工智能社学术沙龙第5期,2025-09-26 15:00:00.053961,人023,人060,小组讨论,20
人工智能社学术沙龙第5期,2025-09-26 15:00:00.053961,人074,人005,跨组请教,10
人工智能社学术沙龙第5期,2025-09-26 15:00:00.053961,人013,人035,小组讨论,9
人工智能社学术沙龙第5期,2025-09-26 15:00:00.053961,人076,人075,跨组请教,23
人工智能社学术沙龙第5期,2025-09-26 15:00:00.053961,人047,人042,跨组请教,13
人工智能社学术沙龙第5期,2025-09-26 15:00:00.053961,人060,人016,合作演示,20
人工智能社学术沙龙第5期,2025-09-26 15:00:00.053961,人097,人034,小组讨论,19
人工智能社学术沙龙第5期,2025-09-26 15:00:00.053961,人083,人022,小组讨论,25
人工智能社学术沙龙第5期,2025-09-26 15:00:00.053961,人087,人083,跨组请教,30
人工智能社学术沙龙第5期,2025-09-26 15:00:00.053961,人085,人034,跨组请教,20
人工智能社学术沙龙第5期,2025-09-26 15:00:00.053961,人035,人019,小组讨论,20
人工智能社学术沙龙第5期,2025-09-26 15:00:00.053961,人047,人035,小组讨论,22
人工智能社学术沙龙第5期,2025-09-26 15:00:00.053961,人015,人053,小组讨论,7
人工智能社学术沙龙第5期,2025-09-26 15:00:00.053961,人022,人007,跨组请教,23
人工智能社学术沙龙第5期,2025-09-26 15:00:00.053961,人088,人083,小组讨论,23
人工智能社学术沙龙第5期,2025-09-26 15:00:00.053961,人075,人001,跨组请教,30
人工智能社学术沙龙第5期,2025-09-26 15:00:00.053961,人019,人045,小组讨论,25
人工智能社学术沙龙第5期,2025-09-26 15:00:00.053961,人005,人060,跨组请教,7
人工智能社学术沙龙第5期,2025-09-26 15:00:00.053961,人067,人053,小组讨论,27
人工智能社学术沙龙第5期,2025-09-26 15:00:00.053961,人053,人019,小组讨论,24
人工智能社学术沙龙第5期,2025-09-26 15:00:00.053961,人005,人091,合作演示,29
人工智能社学术沙龙第5期,2025-09-26 15:00:00.053961,人031,人098,小组讨论,29
人工智能社学术沙龙第5期,2025-09-26 15:00:00.053961,人087,人052,跨组请教,13
人工智能社学术沙龙第5期,2025-09-26 15:00:00.053961,人074,人055,跨组请教,6
人工智能社学术沙龙第5期,2025-09-26 15:00:00.053961,人007,人092,小组讨论,21
人工智能社学术沙龙第5期,2025-09-26 15:00:00.053961,人047,人031,小组讨论,11
人工智能社学术沙龙第5期,2025-09-26 15:00:00.053961,人001,人098,小组讨论,7
人工智能社学术沙龙第5期,2025-09-26 15:00:00.053961,人095,人093,小组讨论,19
人工智能社学术沙龙第5期,2025-09-26 15:00:00.053961,人001,人055,小组讨论,10
人工智能社学术沙龙第5期,2025-09-26 15:00:00.053961,人075,人083,小组讨论,8
人工智能社学术沙龙第5期,2025-09-26 15:00:00.053961,人058,人093,小组讨论,13
人工智能社学术沙龙第5期,2025-09-26 15:00:00.053961,人095,人047,跨组请教,18
人工智能社学术沙龙第5期,2025-09-26 15:00:00.053961,人010,人022,合作演示,5
人工智能社学术沙龙第5期,2025-09-26 15:00:00.053961,人053,人093,跨组请教,9
人工智能社学术沙龙第5期,2025-09-26 15:00:00.053961,人035,人010,小组讨论,8
人工智能社学术沙龙第5期,2025-09-26 15:00:00.053961,人010,人088,小组讨论,15
人工智能社学术沙龙第5期,2025-09-26 15:00:00.053961,人074,人055,小组讨论,22
人工智能社学术沙龙第5期,2025-09-26 15:00:00.053961,人044,人001,跨组请教,29
人工智能社学术沙龙第5期,2025-09-26 15:00:00.053961,人093,人015,小组讨论,20
人工智能社学术沙龙第5期,2025-09-26 15:00:00.053961,人022,人060,合作演示,24
人工智能社学术沙龙第5期,2025-09-26 15:00:00.053961,人067,人085,小组讨论,14
人工智能社学术沙龙第5期,2025-09-26 15:00:00.053961,人097,人088,小组讨论,16
人工智能社学术沙龙第5期,2025-09-26 15:00:00.053961,人042,人075,小组讨论,16
人工智能社学术沙龙第5期,2025-09-26 15:00:00.053961,人098,人035,小组讨论,20
人工智能社学术沙龙第5期,2025-09-26 15:00:00.053961,人093,人045,小组讨论,15
人工智能社学术沙龙第5期,2025-09-26 15:00:00.053961,人015,人035,小组讨论,23
人工智能社学术沙龙第5期,2025-09-26 15:00:00.053961,人099,人027,合作演示,18
人工智能社学术沙龙第5期,2025-09-26 15:00:00.053961,人088,人069,小组讨论,23
人工智能社学术沙龙第5期,2025-09-26 15:00:00.053961,人005,人088,小组讨论,22
人工智能社学术沙龙第5期,2025-09-26 15:00:00.053961,人085,人047,小组讨论,26
人工智能社学术沙龙第5期,2025-09-26 15:00:00.053961,人097,人016,小组讨论,27
人工智能社学术沙龙第5期,2025-09-26 15:00:00.053961,人027,人093,跨组请教,6
人工智能社学术沙龙第5期,2025-09-26 15:00:00.053961,人023,人078,小组讨论,24
人工智能社学术沙龙第5期,2025-09-26 15:00:00.053961,人023,人049,小组讨论,9
人工智能社学术沙龙第5期,2025-09-26 15:00:00.053961,人091,人076,跨组请教,10
人工智能社学术沙龙第5期,2025-09-26 15:00:00.053961,人074,人042,小组讨论,25
人工智能社学术沙龙第5期,2025-09-26 15:00:00.053961,人031,人097,跨组请教,15
人工智能社学术沙龙第5期,2025-09-26 15:00:00.053961,人029,人069,小组讨论,10
人工智能社学术沙龙第5期,2025-09-26 15:00:00.053961,人047,人042,小组讨论,19
人工智能社学术沙龙第5期,2025-09-26 15:00:00.053961,人074,人075,跨组请教,25
人工智能社学术沙龙第5期,2025-09-26 15:00:00.053961,人085,人099,小组讨论,7
人工智能社学术沙龙第5期,2025-09-26 15:00:00.053961,人045,人044,小组讨论,18
人工智能社学术沙龙第5期,2025-09-26 15:00:00.053961,人099,人005,小组讨论,18
人工智能社学术沙龙第5期,2025-09-26 15:00:00.053961,人069,人005,小组讨论,13
人工智能社学术沙龙第5期,2025-09-26 15:00:00.053961,人087,人034,小组讨论,30
人工智能社学术沙龙第5期,2025-09-26 15:00:00.053961,人031,人078,小组讨论,25
人工智能社学术沙龙第5期,2025-09-26 15:00:00.053961,人097,人083,小组讨论,17
人工智能社学术沙龙第5期,2025-09-26 15:00:00.053961,人099,人010,小组讨论,16
人工智能社学术沙龙第5期,2025-09-26 15:00:00.053961,人023,人035,合作演示,8
人工智能社学术沙龙第5期,2025-09-26 15:00:00.053961,人058,人005,小组讨论,26
人工智能社学术沙龙第5期,2025-09-26 15:00:00.053961,人010,人019,合作演示,15
人工智能社学术沙龙第5期,2025-09-26 15:00:00.053961,人031,人022,小组讨论,7
人工智能社学术沙龙第5期,2025-09-26 15:00:00.053961,人042,人045,小组讨论,25
人工智能社学术沙龙第5期,2025-09-26 15:00:00.053961,人005,人007,跨组请教,17
人工智能社学术沙龙第5期,2025-09-26 15:00:00.053961,人067,人085,合作演示,16
人工智能社学术沙龙第5期,2025-09-26 15:00:00.053961,人013,人023,小组讨论,21
人工智能社学术沙龙第5期,2025-09-26 15:00:00.053961,人010,人098,合作演示,5
人工智能社学术沙龙第5期,2025-09-26 15:00:00.053961,人015,人027,小组讨论,26
人工智能社学术沙龙第5期,2025-09-26 15:00:00.053961,人095,人097,小组讨论,20
人工智能社学术沙龙第5期,2025-09-26 15:00:00.053961,人034,人091,小组讨论,12
人工智能社学术沙龙第5期,2025-09-26 15:00:00.053961,人010,人055,合作演示,23
人工智能社学术沙龙第5期,2025-09-26 15:00:00.053961,人095,人034,合作演示,16
环境治理社学术沙龙第1期,2025-10-04 15:00:00.056736,环093,环064,小组讨论,16
环境治理社学术沙龙第1期,2025-10-04 15:00:00.056736,环095,环050,跨组请教,22
环境治理社学术沙龙第1期,2025-10-04 15:00:00.056736,环015,环032,合作演示,23
环境治理社学术沙龙第1期,2025-10-04 15:00:00.056736,环071,环067,小组讨论,5
环境治理社学术沙龙第1期,2025-10-04 15:00:00.056736,环095,环050,小组讨论,23
环境治理社学术沙龙第1期,2025-10-04 15:00:00.056736,环020,环010,小组讨论,6
环境治理社学术沙龙第1期,2025-10-04 15:00:00.056736,环096,环035,小组讨论,6
环境治理社学术沙龙第1期,2025-10-04 15:00:00.056736,环090,环065,跨组请教,30
环境治理社学术沙龙第1期,2025-10-04 15:00:00.056736,环065,环037,小组讨论,25
环境治理社学术沙龙第1期,2025-10-04 15:00:00.056736,环067,环056,小组讨论,17
环境治理社学术沙龙第1期,2025-10-04 15:00:00.056736,环056,环054,小组讨论,26
环境治理社学术沙龙第1期,2025-10-04 15:00:00.056736,环067,环056,合作演示,25
环境治理社学术沙龙第1期,2025-10-04 15:00:00.056736,环067,环049,小组讨论,17
环境治理社学术沙龙第1期,2025-10-04 15:00:00.056736,环074,环045,小组讨论,5
环境治理社学术沙龙第1期,2025-10-04 15:00:00.056736,环055,环079,小组讨论,10
环境治理社学术沙龙第1期,2025-10-04 15:00:00.056736,环023,环056,小组讨论,24
环境治理社学术沙龙第1期,2025-10-04 15:00:00.056736,环086,环064,小组讨论,22
环境治理社学术沙龙第1期,2025-10-04 15:00:00.056736,环096,环049,跨组请教,18
环境治理社学术沙龙第1期,2025-10-04 15:00:00.056736,环032,环067,跨组请教,12
环境治理社学术沙龙第1期,2025-10-04 15:00:00.056736,环067,环063,小组讨论,25
环境治理社学术沙龙第1期,2025-10-04 15:00:00.056736,环096,环093,小组讨论,26
环境治理社学术沙龙第1期,2025-10-04 15:00:00.056736,环095,环063,小组讨论,8
环境治理社学术沙龙第1期,2025-10-04 15:00:00.056736,环090,环055,小组讨论,9
环境治理社学术沙龙第1期,2025-10-04 15:00:00.056736,环050,环093,跨组请教,16
环境治理社学术沙龙第1期,2025-10-04 15:00:00.056736,环067,环054,合作演示,17
环境治理社学术沙龙第1期,2025-10-04 15:00:00.056736,环050,环065,跨组请教,21
环境治理社学术沙龙第1期,2025-10-04 15:00:00.056736,环032,环090,跨组请教,29
环境治理社学术沙龙第1期,2025-10-04 15:00:00.056736,环020,环086,小组讨论,22
环境治理社学术沙龙第1期,2025-10-04 15:00:00.056736,环007,环050,跨组请教,28
环境治理社学术沙龙第1期,2025-10-04 15:00:00.056736,环031,环041,小组讨论,12
环境治理社学术沙龙第1期,2025-10-04 15:00:00.056736,环064,环079,小组讨论,9
环境治理社学术沙龙第1期,2025-10-04 15:00:00.056736,环056,环090,小组讨论,21
环境治理社学术沙龙第1期,2025-10-04 15:00:00.056736,环093,环032,小组讨论,13
环境治理社学术沙龙第1期,2025-10-04 15:00:00.056736,环074,环083,小组讨论,28
环境治理社学术沙龙第1期,2025-10-04 15:00:00.056736,环039,环045,跨组请教,14
环境治理社学术沙龙第1期,2025-10-04 15:00:00.056736,环048,环010,小组讨论,20
环境治理社学术沙龙第1期,2025-10-04 15:00:00.056736,环023,环065,小组讨论,14
环境治理社学术沙龙第1期,2025-10-04 15:00:00.056736,环005,环008,小组讨论,9
环境治理社学术沙龙第1期,2025-10-04 15:00:00.056736,环067,环050,跨组请教,10
环境治理社学术沙龙第1期,2025-10-04 15:00:00.056736,环032,环086,小组讨论,16
环境治理社学术沙龙第1期,2025-10-04 15:00:00.056736,环039,环061,跨组请教,5
环境治理社学术沙龙第1期,2025-10-04 15:00:00.056736,环074,环048,小组讨论,13
环境治理社学术沙龙第1期,2025-10-04 15:00:00.056736,环050,环039,小组讨论,10
环境治理社学术沙龙第1期,2025-10-04 15:00:00.056736,环096,环083,跨组请教,11
环境治理社学术沙龙第1期,2025-10-04 15:00:00.056736,环090,环083,跨组请教,14
环境治理社学术沙龙第1期,2025-10-04 15:00:00.056736,环045,环048,跨组请教,6
环境治理社学术沙龙第1期,2025-10-04 15:00:00.056736,环048,环096,小组讨论,11
环境治理社学术沙龙第1期,2025-10-04 15:00:00.056736,环049,环096,跨组请教,21
环境治理社学术沙龙第1期,2025-10-04 15:00:00.056736,环032,环077,跨组请教,10
环境治理社学术沙龙第1期,2025-10-04 15:00:00.056736,环015,环035,跨组请教,19
环境治理社学术沙龙第1期,2025-10-04 15:00:00.056736,环095,环079,小组讨论,28
环境治理社学术沙龙第1期,2025-10-04 15:00:00.056736,环065,环045,跨组请教,11
环境治理社学术沙龙第1期,2025-10-04 15:00:00.056736,环086,环095,跨组请教,9
环境治理社学术沙龙第1期,2025-10-04 15:00:00.056736,环061,环050,小组讨论,30
环境治理社学术沙龙第1期,2025-10-04 15:00:00.056736,环045,环093,小组讨论,24
环境治理社学术沙龙第1期,2025-10-04 15:00:00.056736,环049,环064,小组讨论,29
环境治理社学术沙龙第1期,2025-10-04 15:00:00.056736,环048,环055,跨组请教,11
环境治理社学术沙龙第1期,2025-10-04 15:00:00.056736,环035,环020,小组讨论,8
环境治理社学术沙龙第1期,2025-10-04 15:00:00.056736,环077,环067,小组讨论,7
环境治理社学术沙龙第1期,2025-10-04 15:00:00.056736,环079,环077,跨组请教,24
环境治理社学术沙龙第1期,2025-10-04 15:00:00.056736,环049,环095,跨组请教,11
环境治理社学术沙龙第1期,2025-10-04 15:00:00.056736,环074,环056,跨组请教,8
环境治理社学术沙龙第1期,2025-10-04 15:00:00.056736,环054,环023,跨组请教,30
环境治理社学术沙龙第1期,2025-10-04 15:00:00.056736,环054,环031,小组讨论,27
环境治理社学术沙龙第1期,2025-10-04 15:00:00.056736,环032,环020,跨组请教,23
环境治理社学术沙龙第1期,2025-10-04 15:00:00.056736,环067,环031,合作演示,6
环境治理社学术沙龙第1期,2025-10-04 15:00:00.056736,环024,环045,小组讨论,23
环境治理社学术沙龙第1期,2025-10-04 15:00:00.056736,环050,环015,跨组请教,17
环境治理社学术沙龙第1期,2025-10-04 15:00:00.056736,环041,环020,跨组请教,25
环境治理社学术沙龙第1期,2025-10-04 15:00:00.056736,环086,环083,小组讨论,26
环境治理社学术沙龙第1期,2025-10-04 15:00:00.056736,环031,环039,小组讨论,13
环境治理社学术沙龙第1期,2025-10-04 15:00:00.056736,环048,环007,跨组请教,10
环境治理社学术沙龙第1期,2025-10-04 15:00:00.056736,环015,环074,小组讨论,16
环境治理社学术沙龙第1期,2025-10-04 15:00:00.056736,环077,环086,跨组请教,26
环境治理社学术沙龙第1期,2025-10-04 15:00:00.056736,环079,环041,小组讨论,9
环境治理社学术沙龙第1期,2025-10-04 15:00:00.056736,环049,环008,小组讨论,12
环境治理社学术沙龙第1期,2025-10-04 15:00:00.056736,环090,环008,小组讨论,24
环境治理社学术沙龙第1期,2025-10-04 15:00:00.056736,环061,环071,小组讨论,17
环境治理社学术沙龙第1期,2025-10-04 15:00:00.056736,环048,环031,合作演示,16
环境治理社学术沙龙第1期,2025-10-04 15:00:00.056736,环045,环056,跨组请教,17
环境治理社学术沙龙第1期,2025-10-04 15:00:00.056736,环005,环045,小组讨论,22
环境治理社学术沙龙第1期,2025-10-04 15:00:00.056736,环023,环005,小组讨论,30
环境治理社学术沙龙第1期,2025-10-04 15:00:00.056736,环008,环032,小组讨论,16
环境治理社学术沙龙第1期,2025-10-04 15:00:00.056736,环063,环041,小组讨论,19
环境治理社学术沙龙第1期,2025-10-04 15:00:00.056736,环032,环096,跨组请教,25
环境治理社学术沙龙第1期,2025-10-04 15:00:00.056736,环007,环020,小组讨论,8
环境治理社学术沙龙第1期,2025-10-04 15:00:00.056736,环048,环071,合作演示,10
环境治理社学术沙龙第1期,2025-10-04 15:00:00.056736,环083,环032,小组讨论,8
环境治理社学术沙龙第1期,2025-10-04 15:00:00.056736,环032,环077,小组讨论,22
环境治理社学术沙龙第1期,2025-10-04 15:00:00.056736,环032,环096,小组讨论,24
环境治理社学术沙龙第1期,2025-10-04 15:00:00.056736,环010,环041,跨组请教,11
环境治理社学术沙龙第1期,2025-10-04 15:00:00.056736,环035,环074,小组讨论,14
环境治理社学术沙龙第1期,2025-10-04 15:00:00.056736,环095,环055,合作演示,14
环境治理社学术沙龙第1期,2025-10-04 15:00:00.056736,环007,环055,合作演示,29
环境治理社学术沙龙第1期,2025-10-04 15:00:00.056736,环023,环008,跨组请教,6
环境治理社学术沙龙第1期,2025-10-04 15:00:00.056736,环086,环055,跨组请教,13
环境治理社学术沙龙第1期,2025-10-04 15:00:00.056736,环039,环050,小组讨论,13
环境治理社学术沙龙第1期,2025-10-04 15:00:00.056736,环054,环077,小组讨论,12
环境治理社学术沙龙第1期,2025-10-04 15:00:00.056736,环010,环041,合作演示,11
环境治理社学术沙龙第1期,2025-10-04 15:00:00.056736,环065,环090,跨组请教,25
环境治理社学术沙龙第1期,2025-10-04 15:00:00.056736,环035,环090,跨组请教,8
环境治理社学术沙龙第1期,2025-10-04 15:00:00.056736,环005,环010,小组讨论,12
环境治理社学术沙龙第1期,2025-10-04 15:00:00.056736,环041,环045,跨组请教,5
环境治理社学术沙龙第1期,2025-10-04 15:00:00.056736,环008,环045,跨组请教,18
环境治理社学术沙龙第1期,2025-10-04 15:00:00.056736,环067,环020,跨组请教,18
环境治理社学术沙龙第1期,2025-10-04 15:00:00.056736,环024,环077,小组讨论,6
环境治理社学术沙龙第1期,2025-10-04 15:00:00.056736,环065,环095,小组讨论,9
环境治理社学术沙龙第1期,2025-10-04 15:00:00.056736,环054,环071,跨组请教,11
环境治理社学术沙龙第1期,2025-10-04 15:00:00.056736,环095,环065,小组讨论,20
环境治理社学术沙龙第1期,2025-10-04 15:00:00.056736,环065,环041,小组讨论,8
环境治理社学术沙龙第1期,2025-10-04 15:00:00.056736,环031,环074,跨组请教,19
环境治理社学术沙龙第1期,2025-10-04 15:00:00.056736,环032,环071,小组讨论,12
环境治理社学术沙龙第1期,2025-10-04 15:00:00.056736,环064,环010,小组讨论,13
环境治理社学术沙龙第1期,2025-10-04 15:00:00.056736,环045,环083,小组讨论,7
环境治理社学术沙龙第1期,2025-10-04 15:00:00.056736,环079,环015,跨组请教,8
环境治理社学术沙龙第1期,2025-10-04 15:00:00.056736,环056,环020,小组讨论,13
环境治理社学术沙龙第1期,2025-10-04 15:00:00.056736,环041,环061,小组讨论,30
环境治理社学术沙龙第1期,2025-10-04 15:00:00.056736,环048,环077,合作演示,27
环境治理社学术沙龙第1期,2025-10-04 15:00:00.056736,环083,环049,小组讨论,24
环境治理社学术沙龙第1期,2025-10-04 15:00:00.056736,环065,环010,小组讨论,24
环境治理社学术沙龙第1期,2025-10-04 15:00:00.056736,环079,环096,小组讨论,18
环境治理社学术沙龙第1期,2025-10-04 15:00:00.056736,环020,环095,小组讨论,21
环境治理社学术沙龙第1期,2025-10-04 15:00:00.056736,环050,环049,跨组请教,23
环境治理社学术沙龙第1期,2025-10-04 15:00:00.056736,环077,环096,跨组请教,7
环境治理社学术沙龙第1期,2025-10-04 15:00:00.056736,环024,环064,跨组请教,16
环境治理社学术沙龙第1期,2025-10-04 15:00:00.056736,环074,环086,小组讨论,17
环境治理社学术沙龙第1期,2025-10-04 15:00:00.056736,环050,环061,跨组请教,13
环境治理社学术沙龙第1期,2025-10-04 15:00:00.056736,环083,环049,小组讨论,22
环境治理社学术沙龙第1期,2025-10-04 15:00:00.056736,环031,环010,跨组请教,20
环境治理社学术沙龙第1期,2025-10-04 15:00:00.056736,环041,环064,小组讨论,16
环境治理社学术沙龙第1期,2025-10-04 15:00:00.056736,环035,环031,小组讨论,16
环境治理社学术沙龙第1期,2025-10-04 15:00:00.056736,环049,环079,小组讨论,26
环境治理社学术沙龙第1期,2025-10-04 15:00:00.056736,环041,环093,小组讨论,25
环境治理社学术沙龙第1期,2025-10-04 15:00:00.056736,环005,环095,跨组请教,6
环境治理社学术沙龙第1期,2025-10-04 15:00:00.056736,环065,环041,小组讨论,9
环境治理社学术沙龙第1期,2025-10-04 15:00:00.056736,环064,环037,小组讨论,10
环境治理社学术沙龙第1期,2025-10-04 15:00:00.056736,环086,环024,小组讨论,15
环境治理社学术沙龙第1期,2025-10-04 15:00:00.056736,环041,环077,小组讨论,15
环境治理社学术沙龙第1期,2025-10-04 15:00:00.056736,环015,环093,小组讨论,27
环境治理社学术沙龙第1期,2025-10-04 15:00:00.056736,环083,环005,小组讨论,12
环境治理社学术沙龙第1期,2025-10-04 15:00:00.056736,环037,环086,跨组请教,21
环境治理社学术沙龙第1期,2025-10-04 15:00:00.056736,环090,环093,小组讨论,7
环境治理社学术沙龙第1期,2025-10-04 15:00:00.056736,环093,环049,小组讨论,25
环境治理社学术沙龙第1期,2025-10-04 15:00:00.056736,环096,环037,跨组请教,8
环境治理社学术沙龙第1期,2025-10-04 15:00:00.056736,环090,环064,小组讨论,10
环境治理社学术沙龙第1期,2025-10-04 15:00:00.056736,环064,环083,小组讨论,28
环境治理社学术沙龙第1期,2025-10-04 15:00:00.056736,环065,环045,小组讨论,18
环境治理社学术沙龙第1期,2025-10-04 15:00:00.056736,环041,环055,合作演示,10
环境治理社学术沙龙第1期,2025-10-04 15:00:00.056736,环074,环090,跨组请教,15
环境治理社学术沙龙第1期,2025-10-04 15:00:00.056736,环005,环008,小组讨论,12
环境治理社学术沙龙第1期,2025-10-04 15:00:00.056736,环071,环055,小组讨论,29
环境治理社学术沙龙第1期,2025-10-04 15:00:00.056736,环077,环005,小组讨论,26
环境治理社学术沙龙第1期,2025-10-04 15:00:00.056736,环005,环083,小组讨论,23
环境治理社学术沙龙第1期,2025-10-04 15:00:00.056736,环032,环074,小组讨论,8
环境治理社学术沙龙第1期,2025-10-04 15:00:00.056736,环056,环061,小组讨论,25
环境治理社学术沙龙第1期,2025-10-04 15:00:00.056736,环065,环086,小组讨论,15
环境治理社学术沙龙第1期,2025-10-04 15:00:00.056736,环056,环077,小组讨论,8
环境治理社学术沙龙第1期,2025-10-04 15:00:00.056736,环065,环007,小组讨论,25
环境治理社学术沙龙第1期,2025-10-04 15:00:00.056736,环010,环024,小组讨论,11
环境治理社学术沙龙第1期,2025-10-04 15:00:00.056736,环023,环071,小组讨论,29
环境治理社学术沙龙第1期,2025-10-04 15:00:00.056736,环005,环008,小组讨论,18
环境治理社学术沙龙第1期,2025-10-04 15:00:00.056736,环007,环064,跨组请教,11
环境治理社学术沙龙第1期,2025-10-04 15:00:00.056736,环020,环079,小组讨论,11
环境治理社学术沙龙第1期,2025-10-04 15:00:00.056736,环083,环031,跨组请教,21
环境治理社学术沙龙第1期,2025-10-04 15:00:00.056736,环063,环065,小组讨论,25
环境治理社学术沙龙第1期,2025-10-04 15:00:00.056736,环093,环007,跨组请教,7
环境治理社学术沙龙第1期,2025-10-04 15:00:00.056736,环050,环079,小组讨论,6
环境治理社学术沙龙第1期,2025-10-04 15:00:00.056736,环050,环031,小组讨论,30
环境治理社学术沙龙第1期,2025-10-04 15:00:00.056736,环064,环096,合作演示,6
环境治理社学术沙龙第1期,2025-10-04 15:00:00.056736,环048,环065,跨组请教,26
环境治理社学术沙龙第1期,2025-10-04 15:00:00.056736,环061,环010,小组讨论,18
环境治理社学术沙龙第1期,2025-10-04 15:00:00.056736,环032,环063,合作演示,19
环境治理社学术沙龙第1期,2025-10-04 15:00:00.056736,环093,环048,小组讨论,25
环境治理社学术沙龙第1期,2025-10-04 15:00:00.056736,环031,环008,小组讨论,18
环境治理社学术沙龙第1期,2025-10-04 15:00:00.056736,环093,环023,小组讨论,20
环境治理社学术沙龙第1期,2025-10-04 15:00:00.056736,环056,环054,跨组请教,25
环境治理社学术沙龙第1期,2025-10-04 15:00:00.056736,环020,环037,小组讨论,7
环境治理社学术沙龙第1期,2025-10-04 15:00:00.056736,环020,环024,小组讨论,17
环境治理社学术沙龙第1期,2025-10-04 15:00:00.056736,环024,环037,小组讨论,16
环境治理社学术沙龙第1期,2025-10-04 15:00:00.056736,环054,环061,跨组请教,7
环境治理社学术沙龙第2期,2025-11-13 14:00:00.058230,环044,环030,小组讨论,13
环境治理社学术沙龙第2期,2025-11-13 14:00:00.058230,环001,环027,小组讨论,11
环境治理社学术沙龙第2期,2025-11-13 14:00:00.058230,环021,环030,合作演示,28
环境治理社学术沙龙第2期,2025-11-13 14:00:00.058230,环057,环030,小组讨论,175
环境治理社学术沙龙第2期,2025-11-13 14:00:00.058230,环006,环028,小组讨论,13
环境治理社学术沙龙第2期,2025-11-13 14:00:00.058230,环001,环069,合作演示,6
环境治理社学术沙龙第2期,2025-11-13 14:00:00.058230,环092,环021,跨组请教,29
环境治理社学术沙龙第2期,2025-11-13 14:00:00.058230,环030,环087,小组讨论,22
环境治理社学术沙龙第2期,2025-11-13 14:00:00.058230,环011,环042,小组讨论,16
环境治理社学术沙龙第2期,2025-11-13 14:00:00.058230,环005,环092,合作演示,20
环境治理社学术沙龙第2期,2025-11-13 14:00:00.058230,环066,环081,小组讨论,15
环境治理社学术沙龙第2期,2025-11-13 14:00:00.058230,环014,环038,小组讨论,7
环境治理社学术沙龙第2期,2025-11-13 14:00:00.058230,环084,环077,小组讨论,26
环境治理社学术沙龙第2期,2025-11-13 14:00:00.058230,环085,环001,小组讨论,27
环境治理社学术沙龙第2期,2025-11-13 14:00:00.058230,环037,环039,小组讨论,7
环境治理社学术沙龙第2期,2025-11-13 14:00:00.058230,环032,环056,小组讨论,21
环境治理社学术沙龙第2期,2025-11-13 14:00:00.058230,环030,环076,跨组请教,7
环境治理社学术沙龙第2期,2025-11-13 14:00:00.058230,环073,环016,小组讨论,30
环境治理社学术沙龙第2期,2025-11-13 14:00:00.058230,环016,环057,跨组请教,17
环境治理社学术沙龙第2期,2025-11-13 14:00:00.058230,环073,环001,小组讨论,15
环境治理社学术沙龙第2期,2025-11-13 14:00:00.058230,环005,环006,跨组请教,10
环境治理社学术沙龙第2期,2025-11-13 14:00:00.058230,环009,环037,小组讨论,5
环境治理社学术沙龙第2期,2025-11-13 14:00:00.058230,环028,环087,小组讨论,18
环境治理社学术沙龙第2期,2025-11-13 14:00:00.058230,环039,环001,小组讨论,24
环境治理社学术沙龙第2期,2025-11-13 14:00:00.058230,环030,环099,合作演示,19
环境治理社学术沙龙第2期,2025-11-13 14:00:00.058230,环076,环075,小组讨论,9
环境治理社学术沙龙第2期,2025-11-13 14:00:00.058230,环083,环046,小组讨论,24
环境治理社学术沙龙第2期,2025-11-13 14:00:00.058230,环035,环016,跨组请教,12
环境治理社学术沙龙第2期,2025-11-13 14:00:00.058230,环087,环037,跨组请教,7
环境治理社学术沙龙第2期,2025-11-13 14:00:00.058230,环044,环057,小组讨论,12
环境治理社学术沙龙第2期,2025-11-13 14:00:00.058230,环044,环027,合作演示,15
环境治理社学术沙龙第2期,2025-11-13 14:00:00.058230,环077,环084,小组讨论,9
环境治理社学术沙龙第2期,2025-11-13 14:00:00.058230,环005,环073,小组讨论,17
环境治理社学术沙龙第2期,2025-11-13 14:00:00.058230,环080,环087,跨组请教,15
环境治理社学术沙龙第2期,2025-11-13 14:00:00.058230,环069,环016,小组讨论,11
环境治理社学术沙龙第2期,2025-11-13 14:00:00.058230,环039,环085,合作演示,30
环境治理社学术沙龙第2期,2025-11-13 14:00:00.058230,环073,环099,小组讨论,23
环境治理社学术沙龙第2期,2025-11-13 14:00:00.058230,环032,环013,小组讨论,19
环境治理社学术沙龙第2期,2025-11-13 14:00:00.058230,环085,环066,合作演示,30
环境治理社学术沙龙第2期,2025-11-13 14:00:00.058230,环046,环027,跨组请教,13
环境治理社学术沙龙第2期,2025-11-13 14:00:00.058230,环027,环079,小组讨论,14
环境治理社学术沙龙第2期,2025-11-13 14:00:00.058230,环080,环056,小组讨论,18
环境治理社学术沙龙第2期,2025-11-13 14:00:00.058230,环014,环039,跨组请教,18
环境治理社学术沙龙第2期,2025-11-13 14:00:00.058230,环042,环039,小组讨论,14
环境治理社学术沙龙第2期,2025-11-13 14:00:00.058230,环009,环038,小组讨论,11
环境治理社学术沙龙第2期,2025-11-13 14:00:00.058230,环037,环044,小组讨论,9
环境治理社学术沙龙第2期,2025-11-13 14:00:00.058230,环027,环009,小组讨论,12
环境治理社学术沙龙第2期,2025-11-13 14:00:00.058230,环065,环014,小组讨论,30
环境治理社学术沙龙第2期,2025-11-13 14:00:00.058230,环085,环039,小组讨论,15
环境治理社学术沙龙第2期,2025-11-13 14:00:00.058230,环009,环087,小组讨论,18
环境治理社学术沙龙第2期,2025-11-13 14:00:00.058230,环092,环039,小组讨论,5
环境治理社学术沙龙第2期,2025-11-13 14:00:00.058230,环080,环085,小组讨论,27
环境治理社学术沙龙第2期,2025-11-13 14:00:00.058230,环056,环044,小组讨论,18
环境治理社学术沙龙第2期,2025-11-13 14:00:00.058230,环080,环030,小组讨论,12
环境治理社学术沙龙第2期,2025-11-13 14:00:00.058230,环030,环044,小组讨论,12
环境治理社学术沙龙第2期,2025-11-13 14:00:00.058230,环092,环080,跨组请教,9
环境治理社学术沙龙第2期,2025-11-13 14:00:00.058230,环085,环065,小组讨论,9
环境治理社学术沙龙第2期,2025-11-13 14:00:00.058230,环046,环016,小组讨论,30
环境治理社学术沙龙第2期,2025-11-13 14:00:00.058230,环099,环046,小组讨论,22
环境治理社学术沙龙第2期,2025-11-13 14:00:00.058230,环010,环081,小组讨论,18
环境治理社学术沙龙第2期,2025-11-13 14:00:00.058230,环077,环079,跨组请教,25
环境治理社学术沙龙第2期,2025-11-13 14:00:00.058230,环073,环021,小组讨论,26
环境治理社学术沙龙第2期,2025-11-13 14:00:00.058230,环021,环038,小组讨论,25
环境治理社学术沙龙第2期,2025-11-13 14:00:00.058230,环028,环076,跨组请教,9
环境治理社学术沙龙第2期,2025-11-13 14:00:00.058230,环079,环006,小组讨论,26
环境治理社学术沙龙第2期,2025-11-13 14:00:00.058230,环069,环013,小组讨论,25
环境治理社学术沙龙第2期,2025-11-13 14:00:00.058230,环038,环057,跨组请教,15
环境治理社学术沙龙第2期,2025-11-13 14:00:00.058230,环087,环016,小组讨论,21
环境治理社学术沙龙第2期,2025-11-13 14:00:00.058230,环083,环039,合作演示,18
环境治理社学术沙龙第2期,2025-11-13 14:00:00.058230,环006,环009,跨组请教,30
环境治理社学术沙龙第2期,2025-11-13 14:00:00.058230,环005,环065,跨组请教,20
环境治理社学术沙龙第2期,2025-11-13 14:00:00.058230,环099,环076,小组讨论,23
环境治理社学术沙龙第2期,2025-11-13 14:00:00.058230,环077,环042,小组讨论,7
环境治理社学术沙龙第2期,2025-11-13 14:00:00.058230,环075,环011,跨组请教,5
环境治理社学术沙龙第2期,2025-11-13 14:00:00.058230,环056,环009,跨组请教,5
环境治理社学术沙龙第2期,2025-11-13 14:00:00.058230,环085,环066,小组讨论,25
环境治理社学术沙龙第2期,2025-11-13 14:00:00.058230,环038,环032,跨组请教,13
环境治理社学术沙龙第2期,2025-11-13 14:00:00.058230,环085,环075,小组讨论,14
环境治理社学术沙龙第2期,2025-11-13 14:00:00.058230,环087,环076,跨组请教,9
环境治理社学术沙龙第2期,2025-11-13 14:00:00.058230,环028,环084,小组讨论,23
环境治理社学术沙龙第2期,2025-11-13 14:00:00.058230,环085,环030,跨组请教,22
环境治理社学术沙龙第2期,2025-11-13 14:00:00.058230,环001,环080,小组讨论,23
环境治理社学术沙龙第2期,2025-11-13 14:00:00.058230,环021,环084,小组讨论,138
环境治理社学术沙龙第2期,2025-11-13 14:00:00.058230,环080,环046,小组讨论,11
环境治理社学术沙龙第2期,2025-11-13 14:00:00.058230,环014,环013,小组讨论,28
环境治理社学术沙龙第2期,2025-11-13 14:00:00.058230,环011,环039,小组讨论,29
环境治理社学术沙龙第2期,2025-11-13 14:00:00.058230,环075,环084,小组讨论,30
环境治理社学术沙龙第2期,2025-11-13 14:00:00.058230,环083,环014,跨组请教,23
环境治理社学术沙龙第2期,2025-11-13 14:00:00.058230,环039,环006,小组讨论,27
环境治理社学术沙龙第2期,2025-11-13 14:00:00.058230,环066,环032,小组讨论,30
环境治理社学术沙龙第2期,2025-11-13 14:00:00.058230,环030,环005,跨组请教,17
环境治理社学术沙龙第2期,2025-11-13 14:00:00.058230,环016,环044,跨组请教,28
环境治理社学术沙龙第2期,2025-11-13 14:00:00.058230,环037,环010,小组讨论,19
环境治理社学术沙龙第2期,2025-11-13 14:00:00.058230,环087,环056,小组讨论,6
环境治理社学术沙龙第2期,2025-11-13 14:00:00.058230,环084,环087,合作演示,22
环境治理社学术沙龙第2期,2025-11-13 14:00:00.058230,环073,环080,小组讨论,16
环境治理社学术沙龙第2期,2025-11-13 14:00:00.058230,环076,环092,小组讨论,19
环境治理社学术沙龙第2期,2025-11-13 14:00:00.058230,环011,环045,合作演示,15
环境治理社学术沙龙第2期,2025-11-13 14:00:00.058230,环001,环075,小组讨论,21
环境治理社学术沙龙第2期,2025-11-13 14:00:00.058230,环076,环027,小组讨论,20
环境治理社学术沙龙第2期,2025-11-13 14:00:00.058230,环075,环087,小组讨论,25
环境治理社学术沙龙第2期,2025-11-13 14:00:00.058230,环079,环092,小组讨论,27
环境治理社学术沙龙第2期,2025-11-13 14:00:00.058230,环009,环001,小组讨论,27
环境治理社学术沙龙第2期,2025-11-13 14:00:00.058230,环075,环056,小组讨论,30
环境治理社学术沙龙第2期,2025-11-13 14:00:00.058230,环085,环006,小组讨论,19
环境治理社学术沙龙第2期,2025-11-13 14:00:00.058230,环037,环005,跨组请教,14
环境治理社学术沙龙第2期,2025-11-13 14:00:00.058230,环083,环032,小组讨论,25
环境治理社学术沙龙第2期,2025-11-13 14:00:00.058230,环006,环083,跨组请教,11
环境治理社学术沙龙第2期,2025-11-13 14:00:00.058230,环011,环010,跨组请教,29
环境治理社学术沙龙第2期,2025-11-13 14:00:00.058230,环014,环016,小组讨论,15
环境治理社学术沙龙第2期,2025-11-13 14:00:00.058230,环039,环028,小组讨论,13
环境治理社学术沙龙第2期,2025-11-13 14:00:00.058230,环076,环038,小组讨论,27
环境治理社学术沙龙第2期,2025-11-13 14:00:00.058230,环028,环037,跨组请教,21
环境治理社学术沙龙第2期,2025-11-13 14:00:00.058230,环045,环032,跨组请教,22
环境治理社学术沙龙第2期,2025-11-13 14:00:00.058230,环014,环045,小组讨论,27
环境治理社学术沙龙第2期,2025-11-13 14:00:00.058230,环079,环014,跨组请教,23
环境治理社学术沙龙第2期,2025-11-13 14:00:00.058230,环042,环044,小组讨论,22
环境治理社学术沙龙第2期,2025-11-13 14:00:00.058230,环035,环080,小组讨论,9
环境治理社学术沙龙第2期,2025-11-13 14:00:00.058230,环080,环099,跨组请教,8
环境治理社学术沙龙第2期,2025-11-13 14:00:00.058230,环042,环080,小组讨论,5
环境治理社学术沙龙第2期,2025-11-13 14:00:00.058230,环079,环092,小组讨论,30
环境治理社学术沙龙第2期,2025-11-13 14:00:00.058230,环065,环028,小组讨论,12
环境治理社学术沙龙第2期,2025-11-13 14:00:00.058230,环021,环092,小组讨论,22
环境治理社学术沙龙第2期,2025-11-13 14:00:00.058230,环042,环080,跨组请教,23
环境治理社学术沙龙第2期,2025-11-13 14:00:00.058230,环038,环028,小组讨论,29
环境治理社学术沙龙第2期,2025-11-13 14:00:00.058230,环010,环069,跨组请教,10
环境治理社学术沙龙第2期,2025-11-13 14:00:00.058230,环056,环032,跨组请教,29
环境治理社学术沙龙第2期,2025-11-13 14:00:00.058230,环032,环035,跨组请教,11
环境治理社学术沙龙第2期,2025-11-13 14:00:00.058230,环080,环010,小组讨论,15
环境治理社学术沙龙第2期,2025-11-13 14:00:00.058230,环073,环006,跨组请教,22
环境治理社学术沙龙第2期,2025-11-13 14:00:00.058230,环005,环085,合作演示,7
环境治理社学术沙龙第2期,2025-11-13 14:00:00.058230,环081,环069,跨组请教,10
环境治理社学术沙龙第2期,2025-11-13 14:00:00.058230,环077,环016,小组讨论,10
环境治理社学术沙龙第2期,2025-11-13 14:00:00.058230,环079,环083,小组讨论,29
环境治理社学术沙龙第2期,2025-11-13 14:00:00.058230,环045,环080,小组讨论,6
环境治理社学术沙龙第2期,2025-11-13 14:00:00.058230,环001,环042,跨组请教,30
环境治理社学术沙龙第2期,2025-11-13 14:00:00.058230,环087,环080,小组讨论,11
环境治理社学术沙龙第2期,2025-11-13 14:00:00.058230,环016,环009,小组讨论,8
环境治理社学术沙龙第2期,2025-11-13 14:00:00.058230,环084,环014,小组讨论,21
环境治理社学术沙龙第2期,2025-11-13 14:00:00.058230,环009,环083,小组讨论,14
环境治理社学术沙龙第2期,2025-11-13 14:00:00.058230,环005,环085,合作演示,21
环境治理社学术沙龙第2期,2025-11-13 14:00:00.058230,环083,环065,小组讨论,7
环境治理社学术沙龙第2期,2025-11-13 14:00:00.058230,环005,环001,跨组请教,21
环境治理社学术沙龙第2期,2025-11-13 14:00:00.058230,环014,环087,跨组请教,11
环境治理社学术沙龙第2期,2025-11-13 14:00:00.058230,环009,环081,小组讨论,19
环境治理社学术沙龙第2期,2025-11-13 14:00:00.058230,环044,环014,合作演示,27
环境治理社学术沙龙第2期,2025-11-13 14:00:00.058230,环032,环035,跨组请教,20
环境治理社学术沙龙第2期,2025-11-13 14:00:00.058230,环046,环075,跨组请教,20
环境治理社学术沙龙第2期,2025-11-13 14:00:00.058230,环073,环077,跨组请教,6
环境治理社学术沙龙第2期,2025-11-13 14:00:00.058230,环099,环006,小组讨论,28
环境治理社学术沙龙第2期,2025-11-13 14:00:00.058230,环076,环099,小组讨论,14
环境治理社学术沙龙第2期,2025-11-13 14:00:00.058230,环087,环099,跨组请教,15
环境治理社学术沙龙第2期,2025-11-13 14:00:00.058230,环027,环014,小组讨论,30
环境治理社学术沙龙第2期,2025-11-13 14:00:00.058230,环079,环016,小组讨论,28
环境治理社学术沙龙第2期,2025-11-13 14:00:00.058230,环042,环075,小组讨论,8
环境治理社学术沙龙第2期,2025-11-13 14:00:00.058230,环028,环035,小组讨论,29
环境治理社学术沙龙第2期,2025-11-13 14:00:00.058230,环085,环035,小组讨论,13
环境治理社学术沙龙第2期,2025-11-13 14:00:00.058230,环045,环030,跨组请教,15
环境治理社学术沙龙第2期,2025-11-13 14:00:00.058230,环028,环069,小组讨论,22
环境治理社学术沙龙第2期,2025-11-13 14:00:00.058230,环046,环073,小组讨论,16
环境治理社学术沙龙第2期,2025-11-13 14:00:00.058230,环081,环011,小组讨论,7
环境治理社学术沙龙第2期,2025-11-13 14:00:00.058230,环010,环046,小组讨论,19
环境治理社学术沙龙第2期,2025-11-13 14:00:00.058230,环021,环056,小组讨论,25
环境治理社学术沙龙第2期,2025-11-13 14:00:00.058230,环046,环080,小组讨论,22
环境治理社学术沙龙第2期,2025-11-13 14:00:00.058230,环045,环032,跨组请教,12
环境治理社学术沙龙第2期,2025-11-13 14:00:00.058230,环035,环044,小组讨论,15
环境治理社学术沙龙第2期,2025-11-13 14:00:00.058230,环080,环001,小组讨论,21
环境治理社学术沙龙第2期,2025-11-13 14:00:00.058230,环084,环069,合作演示,26
环境治理社学术沙龙第2期,2025-11-13 14:00:00.058230,环037,环035,小组讨论,20
环境治理社学术沙龙第2期,2025-11-13 14:00:00.058230,环028,环001,小组讨论,29
环境治理社学术沙龙第2期,2025-11-13 14:00:00.058230,环075,环042,合作演示,5
环境治理社学术沙龙第2期,2025-11-13 14:00:00.058230,环014,环032,小组讨论,10
环境治理社学术沙龙第2期,2025-11-13 14:00:00.058230,环080,环030,小组讨论,15
环境治理社学术沙龙第2期,2025-11-13 14:00:00.058230,环057,环081,小组讨论,10
环境治理社学术沙龙第2期,2025-11-13 14:00:00.058230,环014,环077,小组讨论,16
环境治理社学术沙龙第2期,2025-11-13 14:00:00.058230,环027,环079,跨组请教,17
环境治理社学术沙龙第2期,2025-11-13 14:00:00.058230,环028,环075,小组讨论,21
环境治理社学术沙龙第2期,2025-11-13 14:00:00.058230,环028,环080,小组讨论,6
环境治理社学术沙龙第2期,2025-11-13 14:00:00.058230,环083,环038,跨组请教,16
环境治理社学术沙龙第2期,2025-11-13 14:00:00.058230,环081,环010,跨组请教,27
环境治理社学术沙龙第2期,2025-11-13 14:00:00.058230,环066,环092,小组讨论,18
环境治理社学术沙龙第2期,2025-11-13 14:00:00.058230,环038,环039,小组讨论,22
环境治理社学术沙龙第2期,2025-11-13 14:00:00.058230,环016,环066,合作演示,24
环境治理社学术沙龙第2期,2025-11-13 14:00:00.058230,环084,环009,小组讨论,21
环境治理社学术沙龙第2期,2025-11-13 14:00:00.058230,环039,环073,跨组请教,12
环境治理社学术沙龙第2期,2025-11-13 14:00:00.058230,环044,环057,跨组请教,13
环境治理社学术沙龙第2期,2025-11-13 14:00:00.058230,环066,环006,合作演示,6
环境治理社学术沙龙第2期,2025-11-13 14:00:00.058230,环013,环037,跨组请教,20
环境治理社学术沙龙第2期,2025-11-13 14:00:00.058230,环080,环099,跨组请教,16
环境治理社学术沙龙第2期,2025-11-13 14:00:00.058230,环011,环080,合作演示,12
环境治理社学术沙龙第2期,2025-11-13 14:00:00.058230,环016,环010,小组讨论,6
环境治理社学术沙龙第2期,2025-11-13 14:00:00.058230,环001,环099,小组讨论,27
环境治理社学术沙龙第2期,2025-11-13 14:00:00.058230,环092,环087,小组讨论,7
环境治理社学术沙龙第2期,2025-11-13 14:00:00.058230,环083,环032,跨组请教,7
环境治理社学术沙龙第2期,2025-11-13 14:00:00.058230,环005,环081,小组讨论,7
环境治理社学术沙龙第2期,2025-11-13 14:00:00.058230,环066,环099,小组讨论,10
环境治理社学术沙龙第2期,2025-11-13 14:00:00.058230,环079,环030,小组讨论,18
环境治理社学术沙龙第2期,2025-11-13 14:00:00.058230,环042,环010,小组讨论,28
环境治理社学术沙龙第2期,2025-11-13 14:00:00.058230,环084,环027,小组讨论,18
环境治理社学术沙龙第2期,2025-11-13 14:00:00.058230,环076,环092,小组讨论,12
环境治理社学术沙龙第3期,2025-10-04 14:00:00.059267,环098,环090,小组讨论,10
环境治理社学术沙龙第3期,2025-10-04 14:00:00.059267,环044,环081,小组讨论,30
环境治理社学术沙龙第3期,2025-10-04 14:00:00.059267,环096,环007,小组讨论,11
环境治理社学术沙龙第3期,2025-10-04 14:00:00.059267,环068,环066,小组讨论,30
环境治理社学术沙龙第3期,2025-10-04 14:00:00.059267,环097,环091,小组讨论,10
环境治理社学术沙龙第3期,2025-10-04 14:00:00.059267,环097,环092,小组讨论,5
环境治理社学术沙龙第3期,2025-10-04 14:00:00.059267,环091,环044,跨组请教,30
环境治理社学术沙龙第3期,2025-10-04 14:00:00.059267,环091,环079,小组讨论,29
环境治理社学术沙龙第3期,2025-10-04 14:00:00.059267,环026,环071,小组讨论,23
环境治理社学术沙龙第3期,2025-10-04 14:00:00.059267,环064,环045,跨组请教,23
环境治理社学术沙龙第3期,2025-10-04 14:00:00.059267,环069,环090,小组讨论,25
环境治理社学术沙龙第3期,2025-10-04 14:00:00.059267,环066,环076,小组讨论,12
环境治理社学术沙龙第3期,2025-10-04 14:00:00.059267,环007,环091,小组讨论,14
环境治理社学术沙龙第3期,2025-10-04 14:00:00.059267,环079,环077,小组讨论,19
环境治理社学术沙龙第3期,2025-10-04 14:00:00.059267,环047,环045,跨组请教,30
环境治理社学术沙龙第3期,2025-10-04 14:00:00.059267,环042,环076,小组讨论,19
环境治理社学术沙龙第3期,2025-10-04 14:00:00.059267,环081,环088,跨组请教,17
环境治理社学术沙龙第3期,2025-10-04 14:00:00.059267,环009,环080,小组讨论,9
环境治理社学术沙龙第3期,2025-10-04 14:00:00.059267,环066,环088,小组讨论,5
环境治理社学术沙龙第3期,2025-10-04 14:00:00.059267,环026,环047,小组讨论,25
环境治理社学术沙龙第3期,2025-10-04 14:00:00.059267,环079,环081,小组讨论,23
环境治理社学术沙龙第3期,2025-10-04 14:00:00.059267,环068,环083,小组讨论,25
环境治理社学术沙龙第3期,2025-10-04 14:00:00.059267,环013,环094,跨组请教,25
环境治理社学术沙龙第3期,2025-10-04 14:00:00.059267,环081,环096,小组讨论,6
环境治理社学术沙龙第3期,2025-10-04 14:00:00.059267,环066,环045,小组讨论,21
环境治理社学术沙龙第3期,2025-10-04 14:00:00.059267,环078,环011,小组讨论,12
环境治理社学术沙龙第3期,2025-10-04 14:00:00.059267,环035,环051,合作演示,26
环境治理社学术沙龙第3期,2025-10-04 14:00:00.059267,环079,环098,小组讨论,5
环境治理社学术沙龙第3期,2025-10-04 14:00:00.059267,环028,环090,小组讨论,27
环境治理社学术沙龙第3期,2025-10-04 14:00:00.059267,环065,环090,合作演示,9
环境治理社学术沙龙第3期,2025-10-04 14:00:00.059267,环028,环068,跨组请教,5
环境治理社学术沙龙第3期,2025-10-04 14:00:00.059267,环069,环096,小组讨论,25
环境治理社学术沙龙第3期,2025-10-04 14:00:00.059267,环050,环076,跨组请教,20
环境治理社学术沙龙第3期,2025-10-04 14:00:00.059267,环078,环020,小组讨论,9
环境治理社学术沙龙第3期,2025-10-04 14:00:00.059267,环084,环094,合作演示,27
环境治理社学术沙龙第3期,2025-10-04 14:00:00.059267,环009,环054,跨组请教,16
环境治理社学术沙龙第3期,2025-10-04 14:00:00.059267,环029,环075,跨组请教,17
环境治理社学术沙龙第3期,2025-10-04 14:00:00.059267,环069,环066,小组讨论,11
环境治理社学术沙龙第3期,2025-10-04 14:00:00.059267,环035,环076,跨组请教,10
环境治理社学术沙龙第3期,2025-10-04 14:00:00.059267,环050,环054,合作演示,6
环境治理社学术沙龙第3期,2025-10-04 14:00:00.059267,环081,环096,合作演示,26
环境治理社学术沙龙第3期,2025-10-04 14:00:00.059267,环013,环054,合作演示,14
环境治理社学术沙龙第3期,2025-10-04 14:00:00.059267,环097,环050,跨组请教,5
环境治理社学术沙龙第3期,2025-10-04 14:00:00.059267,环026,环044,小组讨论,27
环境治理社学术沙龙第3期,2025-10-04 14:00:00.059267,环073,环001,跨组请教,126
环境治理社学术沙龙第3期,2025-10-04 14:00:00.059267,环068,环069,小组讨论,28
环境治理社学术沙龙第3期,2025-10-04 14:00:00.059267,环051,环020,小组讨论,11
环境治理社学术沙龙第3期,2025-10-04 14:00:00.059267,环069,环009,小组讨论,16
环境治理社学术沙龙第3期,2025-10-04 14:00:00.059267,环044,环035,小组讨论,23
环境治理社学术沙龙第3期,2025-10-04 14:00:00.059267,环013,环054,跨组请教,13
环境治理社学术沙龙第3期,2025-10-04 14:00:00.059267,环092,环064,小组讨论,25
环境治理社学术沙龙第3期,2025-10-04 14:00:00.059267,环076,环046,跨组请教,11
环境治理社学术沙龙第3期,2025-10-04 14:00:00.059267,环045,环051,跨组请教,22
环境治理社学术沙龙第3期,2025-10-04 14:00:00.059267,环091,环071,小组讨论,19
环境治理社学术沙龙第3期,2025-10-04 14:00:00.059267,环020,环098,跨组请教,13
环境治理社学术沙龙第3期,2025-10-04 14:00:00.059267,环042,环013,小组讨论,23
环境治理社学术沙龙第3期,2025-10-04 14:00:00.059267,环079,环001,小组讨论,13
环境治理社学术沙龙第3期,2025-10-04 14:00:00.059267,环080,环026,小组讨论,8
环境治理社学术沙龙第3期,2025-10-04 14:00:00.059267,环020,环051,小组讨论,24
环境治理社学术沙龙第3期,2025-10-04 14:00:00.059267,环077,环042,小组讨论,9
环境治理社学术沙龙第3期,2025-10-04 14:00:00.059267,环042,环051,跨组请教,9
环境治理社学术沙龙第3期,2025-10-04 14:00:00.059267,环097,环094,合作演示,25
环境治理社学术沙龙第3期,2025-10-04 14:00:00.059267,环049,环011,跨组请教,5
环境治理社学术沙龙第3期,2025-10-04 14:00:00.059267,环026,环013,小组讨论,27
环境治理社学术沙龙第3期,2025-10-04 14:00:00.059267,环007,环026,跨组请教,25
环境治理社学术沙龙第3期,2025-10-04 14:00:00.059267,环064,环084,合作演示,17
环境治理社学术沙龙第3期,2025-10-04 14:00:00.059267,环042,环044,合作演示,14
环境治理社学术沙龙第3期,2025-10-04 14:00:00.059267,环064,环042,跨组请教,21
环境治理社学术沙龙第3期,2025-10-04 14:00:00.059267,环083,环042,跨组请教,13
环境治理社学术沙龙第3期,2025-10-04 14:00:00.059267,环088,环001,小组讨论,29
环境治理社学术沙龙第3期,2025-10-04 14:00:00.059267,环069,环045,小组讨论,5
环境治理社学术沙龙第3期,2025-10-04 14:00:00.059267,环075,环050,小组讨论,26
环境治理社学术沙龙第3期,2025-10-04 14:00:00.059267,环042,环065,跨组请教,17
环境治理社学术沙龙第3期,2025-10-04 14:00:00.059267,环026,环066,跨组请教,18
环境治理社学术沙龙第3期,2025-10-04 14:00:00.059267,环026,环098,小组讨论,13
环境治理社学术沙龙第3期,2025-10-04 14:00:00.059267,环045,环046,小组讨论,30
环境治理社学术沙龙第3期,2025-10-04 14:00:00.059267,环046,环083,跨组请教,29
环境治理社学术沙龙第3期,2025-10-04 14:00:00.059267,环009,环011,跨组请教,28
环境治理社学术沙龙第3期,2025-10-04 14:00:00.059267,环078,环029,小组讨论,20
环境治理社学术沙龙第3期,2025-10-04 14:00:00.059267,环080,环013,合作演示,7
环境治理社学术沙龙第3期,2025-10-04 14:00:00.059267,环078,环051,跨组请教,21
环境治理社学术沙龙第3期,2025-10-04 14:00:00.059267,环097,环009,小组讨论,10
环境治理社学术沙龙第3期,2025-10-04 14:00:00.059267,环066,环001,小组讨论,28
环境治理社学术沙龙第3期,2025-10-04 14:00:00.059267,环044,环094,小组讨论,16
环境治理社学术沙龙第3期,2025-10-04 14:00:00.059267,环050,环080,跨组请教,13
环境治理社学术沙龙第3期,2025-10-04 14:00:00.059267,环035,环088,小组讨论,13
环境治理社学术沙龙第3期,2025-10-04 14:00:00.059267,环084,环020,小组讨论,8
环境治理社学术沙龙第3期,2025-10-04 14:00:00.059267,环050,环078,小组讨论,12
环境治理社学术沙龙第3期,2025-10-04 14:00:00.059267,环075,环065,跨组请教,23
环境治理社学术沙龙第3期,2025-10-04 14:00:00.059267,环078,环035,小组讨论,22
环境治理社学术沙龙第3期,2025-10-04 14:00:00.059267,环066,环020,跨组请教,12
环境治理社学术沙龙第3期,2025-10-04 14:00:00.059267,环007,环046,跨组请教,12
环境治理社学术沙龙第3期,2025-10-04 14:00:00.059267,环073,环045,跨组请教,20
环境治理社学术沙龙第3期,2025-10-04 14:00:00.059267,环068,环051,跨组请教,5
环境治理社学术沙龙第3期,2025-10-04 14:00:00.059267,环097,环078,合作演示,12
环境治理社学术沙龙第3期,2025-10-04 14:00:00.059267,环045,环046,小组讨论,19
环境治理社学术沙龙第3期,2025-10-04 14:00:00.059267,环091,环075,小组讨论,17
环境治理社学术沙龙第3期,2025-10-04 14:00:00.059267,环046,环011,跨组请教,11
环境治理社学术沙龙第3期,2025-10-04 14:00:00.059267,环013,环054,跨组请教,22
环境治理社学术沙龙第3期,2025-10-04 14:00:00.059267,环033,环080,小组讨论,5
环境治理社学术沙龙第3期,2025-10-04 14:00:00.059267,环090,环088,跨组请教,24
环境治理社学术沙龙第3期,2025-10-04 14:00:00.059267,环033,环046,小组讨论,10
环境治理社学术沙龙第3期,2025-10-04 14:00:00.059267,环077,环073,小组讨论,6
环境治理社学术沙龙第3期,2025-10-04 14:00:00.059267,环080,环090,小组讨论,9
环境治理社学术沙龙第3期,2025-10-04 14:00:00.059267,环091,环068,跨组请教,174
环境治理社学术沙龙第3期,2025-10-04 14:00:00.059267,环076,环066,小组讨论,11
环境治理社学术沙龙第3期,2025-10-04 14:00:00.059267,环042,环044,跨组请教,7
环境治理社学术沙龙第3期,2025-10-04 14:00:00.059267,环094,环009,小组讨论,8
环境治理社学术沙龙第3期,2025-10-04 14:00:00.059267,环044,环096,小组讨论,25
环境治理社学术沙龙第3期,2025-10-04 14:00:00.059267,环071,环026,小组讨论,22
环境治理社学术沙龙第3期,2025-10-04 14:00:00.059267,环083,环064,跨组请教,6
环境治理社学术沙龙第3期,2025-10-04 14:00:00.059267,环047,环065,小组讨论,30
环境治理社学术沙龙第3期,2025-10-04 14:00:00.059267,环029,环045,小组讨论,28
环境治理社学术沙龙第3期,2025-10-04 14:00:00.059267,环020,环080,小组讨论,14
环境治理社学术沙龙第3期,2025-10-04 14:00:00.059267,环029,环049,小组讨论,26
环境治理社学术沙龙第3期,2025-10-04 14:00:00.059267,环088,环094,合作演示,9
环境治理社学术沙龙第3期,2025-10-04 14:00:00.059267,环047,环084,小组讨论,5
环境治理社学术沙龙第3期,2025-10-04 14:00:00.059267,环035,环098,小组讨论,15
环境治理社学术沙龙第3期,2025-10-04 14:00:00.059267,环073,环098,小组讨论,11
环境治理社学术沙龙第3期,2025-10-04 14:00:00.059267,环075,环050,小组讨论,22
环境治理社学术沙龙第3期,2025-10-04 14:00:00.059267,环001,环078,跨组请教,14
环境治理社学术沙龙第3期,2025-10-04 14:00:00.059267,环073,环077,小组讨论,7
环境治理社学术沙龙第3期,2025-10-04 14:00:00.059267,环035,环079,合作演示,29
环境治理社学术沙龙第3期,2025-10-04 14:00:00.059267,环047,环097,小组讨论,18
环境治理社学术沙龙第3期,2025-10-04 14:00:00.059267,环045,环088,跨组请教,15
环境治理社学术沙龙第3期,2025-10-04 14:00:00.059267,环065,环029,跨组请教,27
环境治理社学术沙龙第3期,2025-10-04 14:00:00.059267,环042,环076,小组讨论,5
环境治理社学术沙龙第3期,2025-10-04 14:00:00.059267,环045,环077,跨组请教,7
环境治理社学术沙龙第3期,2025-10-04 14:00:00.059267,环079,环096,合作演示,5
环境治理社学术沙龙第3期,2025-10-04 14:00:00.059267,环079,环042,小组讨论,8
环境治理社学术沙龙第3期,2025-10-04 14:00:00.059267,环042,环068,跨组请教,30
环境治理社学术沙龙第3期,2025-10-04 14:00:00.059267,环064,环092,跨组请教,11
环境治理社学术沙龙第3期,2025-10-04 14:00:00.059267,环026,环046,跨组请教,28
环境治理社学术沙龙第3期,2025-10-04 14:00:00.059267,环091,环047,合作演示,13
环境治理社学术沙龙第3期,2025-10-04 14:00:00.059267,环051,环009,小组讨论,5
环境治理社学术沙龙第3期,2025-10-04 14:00:00.059267,环097,环046,小组讨论,21
环境治理社学术沙龙第3期,2025-10-04 14:00:00.059267,环011,环094,小组讨论,29
环境治理社学术沙龙第3期,2025-10-04 14:00:00.059267,环091,环042,跨组请教,7
环境治理社学术沙龙第3期,2025-10-04 14:00:00.059267,环090,环079,小组讨论,20
环境治理社学术沙龙第3期,2025-10-04 14:00:00.059267,环045,环046,小组讨论,14
环境治理社学术沙龙第3期,2025-10-04 14:00:00.059267,环054,环071,合作演示,10
环境治理社学术沙龙第3期,2025-10-04 14:00:00.059267,环020,环080,小组讨论,29
环境治理社学术沙龙第3期,2025-10-04 14:00:00.059267,环013,环078,小组讨论,7
环境治理社学术沙龙第3期,2025-10-04 14:00:00.059267,环075,环064,小组讨论,12
环境治理社学术沙龙第3期,2025-10-04 14:00:00.059267,环042,环029,合作演示,10
环境治理社学术沙龙第3期,2025-10-04 14:00:00.059267,环020,环084,合作演示,21
环境治理社学术沙龙第3期,2025-10-04 14:00:00.059267,环042,环097,跨组请教,18
环境治理社学术沙龙第3期,2025-10-04 14:00:00.059267,环096,环046,小组讨论,28
环境治理社学术沙龙第3期,2025-10-04 14:00:00.059267,环033,环092,跨组请教,9
环境治理社学术沙龙第3期,2025-10-04 14:00:00.059267,环088,环081,小组讨论,24
环境治理社学术沙龙第3期,2025-10-04 14:00:00.059267,环094,环081,小组讨论,24
环境治理社学术沙龙第3期,2025-10-04 14:00:00.059267,环051,环013,跨组请教,28
环境治理社学术沙龙第3期,2025-10-04 14:00:00.059267,环064,环098,小组讨论,27
环境治理社学术沙龙第3期,2025-10-04 14:00:00.059267,环009,环013,小组讨论,19
环境治理社学术沙龙第3期,2025-10-04 14:00:00.059267,环091,环073,跨组请教,16
环境治理社学术沙龙第3期,2025-10-04 14:00:00.059267,环077,环001,小组讨论,8
环境治理社学术沙龙第3期,2025-10-04 14:00:00.059267,环084,环078,跨组请教,12
环境治理社学术沙龙第3期,2025-10-04 14:00:00.059267,环096,环097,合作演示,22
环境治理社学术沙龙第3期,2025-10-04 14:00:00.059267,环090,环045,小组讨论,14
环境治理社学术沙龙第3期,2025-10-04 14:00:00.059267,环054,环044,小组讨论,16
环境治理社学术沙龙第3期,2025-10-04 14:00:00.059267,环091,环049,跨组请教,20
环境治理社学术沙龙第3期,2025-10-04 14:00:00.059267,环035,环078,小组讨论,9
环境治理社学术沙龙第3期,2025-10-04 14:00:00.059267,环046,环077,合作演示,19
环境治理社学术沙龙第3期,2025-10-04 14:00:00.059267,环066,环047,小组讨论,15
环境治理社学术沙龙第3期,2025-10-04 14:00:00.059267,环078,环079,小组讨论,16
环境治理社学术沙龙第3期,2025-10-04 14:00:00.059267,环077,环081,小组讨论,9
环境治理社学术沙龙第3期,2025-10-04 14:00:00.059267,环044,环045,小组讨论,30
环境治理社学术沙龙第3期,2025-10-04 14:00:00.059267,环077,环094,小组讨论,22
环境治理社学术沙龙第3期,2025-10-04 14:00:00.059267,环051,环090,跨组请教,24
环境治理社学术沙龙第3期,2025-10-04 14:00:00.059267,环073,环026,跨组请教,17
环境治理社学术沙龙第3期,2025-10-04 14:00:00.059267,环076,环077,小组讨论,27
环境治理社学术沙龙第3期,2025-10-04 14:00:00.059267,环046,环029,小组讨论,30
环境治理社学术沙龙第3期,2025-10-04 14:00:00.059267,环071,环029,跨组请教,7
环境治理社学术沙龙第3期,2025-10-04 14:00:00.059267,环071,环098,跨组请教,17
环境治理社学术沙龙第3期,2025-10-04 14:00:00.059267,环029,环049,小组讨论,17
环境治理社学术沙龙第3期,2025-10-04 14:00:00.059267,环091,环049,跨组请教,23
环境治理社学术沙龙第4期,2025-09-16 15:00:00.060337,环064,环010,跨组请教,14
环境治理社学术沙龙第4期,2025-09-16 15:00:00.060337,环056,环008,小组讨论,23
环境治理社学术沙龙第4期,2025-09-16 15:00:00.060337,环028,环032,小组讨论,16
环境治理社学术沙龙第4期,2025-09-16 15:00:00.060337,环028,环044,跨组请教,12
环境治理社学术沙龙第4期,2025-09-16 15:00:00.060337,环012,环013,跨组请教,24
环境治理社学术沙龙第4期,2025-09-16 15:00:00.060337,环010,环024,小组讨论,28
环境治理社学术沙龙第4期,2025-09-16 15:00:00.060337,环001,环043,跨组请教,25
环境治理社学术沙龙第4期,2025-09-16 15:00:00.060337,环057,环062,小组讨论,15
环境治理社学术沙龙第4期,2025-09-16 15:00:00.060337,环012,环090,小组讨论,12
环境治理社学术沙龙第4期,2025-09-16 15:00:00.060337,环044,环083,小组讨论,28
环境治理社学术沙龙第4期,2025-09-16 15:00:00.060337,环012,环054,跨组请教,13
环境治理社学术沙龙第4期,2025-09-16 15:00:00.060337,环012,环034,跨组请教,14
环境治理社学术沙龙第4期,2025-09-16 15:00:00.060337,环056,环001,跨组请教,30
环境治理社学术沙龙第4期,2025-09-16 15:00:00.060337,环062,环034,小组讨论,30
环境治理社学术沙龙第4期,2025-09-16 15:00:00.060337,环064,环013,跨组请教,16
环境治理社学术沙龙第4期,2025-09-16 15:00:00.060337,环015,环013,小组讨论,30
环境治理社学术沙龙第4期,2025-09-16 15:00:00.060337,环067,环038,合作演示,29
环境治理社学术沙龙第4期,2025-09-16 15:00:00.060337,环007,环024,小组讨论,18
环境治理社学术沙龙第4期,2025-09-16 15:00:00.060337,环051,环037,跨组请教,8
环境治理社学术沙龙第4期,2025-09-16 15:00:00.060337,环028,环011,跨组请教,8
环境治理社学术沙龙第4期,2025-09-16 15:00:00.060337,环010,环037,跨组请教,8
环境治理社学术沙龙第4期,2025-09-16 15:00:00.060337,环071,环024,跨组请教,14
环境治理社学术沙龙第4期,2025-09-16 15:00:00.060337,环011,环028,小组讨论,14
环境治理社学术沙龙第4期,2025-09-16 15:00:00.060337,环057,环032,跨组请教,23
环境治理社学术沙龙第4期,2025-09-16 15:00:00.060337,环090,环092,小组讨论,7
环境治理社学术沙龙第4期,2025-09-16 15:00:00.060337,环056,环062,小组讨论,18
环境治理社学术沙龙第4期,2025-09-16 15:00:00.060337,环097,环007,跨组请教,18
环境治理社学术沙龙第4期,2025-09-16 15:00:00.060337,环032,环100,小组讨论,11
环境治理社学术沙龙第4期,2025-09-16 15:00:00.060337,环077,环011,合作演示,17
环境治理社学术沙龙第4期,2025-09-16 15:00:00.060337,环100,环043,跨组请教,13
环境治理社学术沙龙第4期,2025-09-16 15:00:00.060337,环001,环059,小组讨论,24
环境治理社学术沙龙第4期,2025-09-16 15:00:00.060337,环062,环083,跨组请教,12
环境治理社学术沙龙第4期,2025-09-16 15:00:00.060337,环067,环097,小组讨论,28
环境治理社学术沙龙第4期,2025-09-16 15:00:00.060337,环008,环044,跨组请教,28
环境治理社学术沙龙第4期,2025-09-16 15:00:00.060337,环100,环086,小组讨论,11
环境治理社学术沙龙第4期,2025-09-16 15:00:00.060337,环028,环024,合作演示,16
环境治理社学术沙龙第4期,2025-09-16 15:00:00.060337,环034,环062,合作演示,5
环境治理社学术沙龙第4期,2025-09-16 15:00:00.060337,环077,环086,小组讨论,25
环境治理社学术沙龙第4期,2025-09-16 15:00:00.060337,环059,环077,小组讨论,20
环境治理社学术沙龙第4期,2025-09-16 15:00:00.060337,环092,环086,小组讨论,22
环境治理社学术沙龙第4期,2025-09-16 15:00:00.060337,环034,环024,小组讨论,9
环境治理社学术沙龙第4期,2025-09-16 15:00:00.060337,环015,环051,小组讨论,27
环境治理社学术沙龙第4期,2025-09-16 15:00:00.060337,环008,环086,跨组请教,13
环境治理社学术沙龙第4期,2025-09-16 15:00:00.060337,环086,环059,跨组请教,16
环境治理社学术沙龙第4期,2025-09-16 15:00:00.060337,环067,环038,合作演示,17
环境治理社学术沙龙第4期,2025-09-16 15:00:00.060337,环062,环015,小组讨论,29
环境治理社学术沙龙第4期,2025-09-16 15:00:00.060337,环003,环100,跨组请教,21
环境治理社学术沙龙第4期,2025-09-16 15:00:00.060337,环008,环024,合作演示,15
环境治理社学术沙龙第4期,2025-09-16 15:00:00.060337,环062,环057,小组讨论,23
环境治理社学术沙龙第4期,2025-09-16 15:00:00.060337,环083,环097,小组讨论,24
环境治理社学术沙龙第4期,2025-09-16 15:00:00.060337,环071,环013,小组讨论,15
环境治理社学术沙龙第4期,2025-09-16 15:00:00.060337,环057,环008,小组讨论,24
环境治理社学术沙龙第4期,2025-09-16 15:00:00.060337,环051,环034,跨组请教,5
环境治理社学术沙龙第4期,2025-09-16 15:00:00.060337,环090,环083,小组讨论,14
环境治理社学术沙龙第4期,2025-09-16 15:00:00.060337,环067,环044,小组讨论,15
环境治理社学术沙龙第4期,2025-09-16 15:00:00.060337,环007,环024,小组讨论,12
环境治理社学术沙龙第4期,2025-09-16 15:00:00.060337,环090,环037,跨组请教,29
环境治理社学术沙龙第4期,2025-09-16 15:00:00.060337,环015,环043,小组讨论,15
环境治理社学术沙龙第4期,2025-09-16 15:00:00.060337,环068,环059,跨组请教,29
环境治理社学术沙龙第4期,2025-09-16 15:00:00.060337,环001,环038,跨组请教,20
环境治理社学术沙龙第4期,2025-09-16 15:00:00.060337,环051,环083,小组讨论,8
环境治理社学术沙龙第4期,2025-09-16 15:00:00.060337,环071,环011,跨组请教,9
环境治理社学术沙龙第4期,2025-09-16 15:00:00.060337,环071,环024,小组讨论,10
环境治理社学术沙龙第4期,2025-09-16 15:00:00.060337,环011,环015,跨组请教,20
环境治理社学术沙龙第4期,2025-09-16 15:00:00.060337,环028,环077,小组讨论,5
环境治理社学术沙龙第4期,2025-09-16 15:00:00.060337,环068,环032,跨组请教,11
环境治理社学术沙龙第4期,2025-09-16 15:00:00.060337,环051,环090,小组讨论,30
环境治理社学术沙龙第4期,2025-09-16 15:00:00.060337,环044,环097,小组讨论,28
环境治理社学术沙龙第4期,2025-09-16 15:00:00.060337,环011,环077,小组讨论,8
环境治理社学术沙龙第4期,2025-09-16 15:00:00.060337,环071,环024,小组讨论,6
环境治理社学术沙龙第4期,2025-09-16 15:00:00.060337,环024,环056,小组讨论,24
环境治理社学术沙龙第4期,2025-09-16 15:00:00.060337,环077,环001,小组讨论,19
环境治理社学术沙龙第4期,2025-09-16 15:00:00.060337,环097,环015,小组讨论,22
环境治理社学术沙龙第4期,2025-09-16 15:00:00.060337,环067,环086,小组讨论,15
环境治理社学术沙龙第4期,2025-09-16 15:00:00.060337,环032,环100,跨组请教,11
环境治理社学术沙龙第4期,2025-09-16 15:00:00.060337,环090,环086,小组讨论,11
环境治理社学术沙龙第4期,2025-09-16 15:00:00.060337,环028,环056,小组讨论,26
环境治理社学术沙龙第4期,2025-09-16 15:00:00.060337,环037,环097,小组讨论,24
环境治理社学术沙龙第4期,2025-09-16 15:00:00.060337,环011,环044,小组讨论,28
环境治理社学术沙龙第4期,2025-09-16 15:00:00.060337,环054,环001,小组讨论,12
环境治理社学术沙龙第4期,2025-09-16 15:00:00.060337,环032,环059,小组讨论,25
环境治理社学术沙龙第4期,2025-09-16 15:00:00.060337,环090,环015,小组讨论,17
环境治理社学术沙龙第4期,2025-09-16 15:00:00.060337,环001,环024,跨组请教,9
环境治理社学术沙龙第4期,2025-09-16 15:00:00.060337,环044,环054,跨组请教,28
环境治理社学术沙龙第4期,2025-09-16 15:00:00.060337,环051,环077,小组讨论,9
环境治理社学术沙龙第4期,2025-09-16 15:00:00.060337,环007,环059,小组讨论,26
环境治理社学术沙龙第4期,2025-09-16 15:00:00.060337,环090,环062,合作演示,30
环境治理社学术沙龙第4期,2025-09-16 15:00:00.060337,环090,环037,跨组请教,27
环境治理社学术沙龙第4期,2025-09-16 15:00:00.060337,环056,环071,合作演示,27
环境治理社学术沙龙第4期,2025-09-16 15:00:00.060337,环056,环097,小组讨论,5
环境治理社学术沙龙第4期,2025-09-16 15:00:00.060337,环059,环054,小组讨论,9
环境治理社学术沙龙第4期,2025-09-16 15:00:00.060337,环011,环038,小组讨论,24
环境治理社学术沙龙第4期,2025-09-16 15:00:00.060337,环067,环044,小组讨论,20
环境治理社学术沙龙第4期,2025-09-16 15:00:00.060337,环043,环090,小组讨论,10
环境治理社学术沙龙第4期,2025-09-16 15:00:00.060337,环068,环012,小组讨论,17
环境治理社学术沙龙第4期,2025-09-16 15:00:00.060337,环068,环051,跨组请教,170
环境治理社学术沙龙第4期,2025-09-16 15:00:00.060337,环054,环008,跨组请教,20
环境治理社学术沙龙第4期,2025-09-16 15:00:00.060337,环032,环043,跨组请教,12
环境治理社学术沙龙第4期,2025-09-16 15:00:00.060337,环037,环077,小组讨论,6
环境治理社学术沙龙第4期,2025-09-16 15:00:00.060337,环012,环097,跨组请教,30
环境治理社学术沙龙第4期,2025-09-16 15:00:00.060337,环090,环071,小组讨论,26
环境治理社学术沙龙第4期,2025-09-16 15:00:00.060337,环057,环044,跨组请教,22
环境治理社学术沙龙第5期,2025-09-22 16:00:00.061368,环049,环091,跨组请教,22
环境治理社学术沙龙第5期,2025-09-22 16:00:00.061368,环025,环051,小组讨论,12
环境治理社学术沙龙第5期,2025-09-22 16:00:00.061368,环023,环089,小组讨论,21
环境治理社学术沙龙第5期,2025-09-22 16:00:00.061368,环074,环070,小组讨论,16
环境治理社学术沙龙第5期,2025-09-22 16:00:00.061368,环047,环086,跨组请教,10
环境治理社学术沙龙第5期,2025-09-22 16:00:00.061368,环067,环044,跨组请教,14
环境治理社学术沙龙第5期,2025-09-22 16:00:00.061368,环050,环012,跨组请教,30
环境治理社学术沙龙第5期,2025-09-22 16:00:00.061368,环089,环020,小组讨论,7
环境治理社学术沙龙第5期,2025-09-22 16:00:00.061368,环033,环099,小组讨论,17
环境治理社学术沙龙第5期,2025-09-22 16:00:00.061368,环076,环032,小组讨论,20
环境治理社学术沙龙第5期,2025-09-22 16:00:00.061368,环012,环070,小组讨论,28
环境治理社学术沙龙第5期,2025-09-22 16:00:00.061368,环017,环070,跨组请教,23
环境治理社学术沙龙第5期,2025-09-22 16:00:00.061368,环085,环068,小组讨论,24
环境治理社学术沙龙第5期,2025-09-22 16:00:00.061368,环010,环091,跨组请教,19
环境治理社学术沙龙第5期,2025-09-22 16:00:00.061368,环032,环089,小组讨论,16
环境治理社学术沙龙第5期,2025-09-22 16:00:00.061368,环044,环019,跨组请教,6
环境治理社学术沙龙第5期,2025-09-22 16:00:00.061368,环012,环056,小组讨论,18
环境治理社学术沙龙第5期,2025-09-22 16:00:00.061368,环020,环058,小组讨论,20
环境治理社学术沙龙第5期,2025-09-22 16:00:00.061368,环048,环096,跨组请教,15
环境治理社学术沙龙第5期,2025-09-22 16:00:00.061368,环091,环051,小组讨论,9
环境治理社学术沙龙第5期,2025-09-22 16:00:00.061368,环027,环047,合作演示,9
环境治理社学术沙龙第5期,2025-09-22 16:00:00.061368,环051,环044,跨组请教,21
环境治理社学术沙龙第5期,2025-09-22 16:00:00.061368,环034,环033,合作演示,26
环境治理社学术沙龙第5期,2025-09-22 16:00:00.061368,环086,环023,小组讨论,29
环境治理社学术沙龙第5期,2025-09-22 16:00:00.061368,环077,环068,合作演示,22
环境治理社学术沙龙第5期,2025-09-22 16:00:00.061368,环032,环015,合作演示,21
环境治理社学术沙龙第5期,2025-09-22 16:00:00.061368,环090,环030,小组讨论,21
环境治理社学术沙龙第5期,2025-09-22 16:00:00.061368,环068,环076,合作演示,28
环境治理社学术沙龙第5期,2025-09-22 16:00:00.061368,环065,环047,跨组请教,12
环境治理社学术沙龙第5期,2025-09-22 16:00:00.061368,环070,环044,小组讨论,25
环境治理社学术沙龙第5期,2025-09-22 16:00:00.061368,环030,环091,小组讨论,19
环境治理社学术沙龙第5期,2025-09-22 16:00:00.061368,环077,环020,小组讨论,23
环境治理社学术沙龙第5期,2025-09-22 16:00:00.061368,环020,环014,小组讨论,30
环境治理社学术沙龙第5期,2025-09-22 16:00:00.061368,环035,环043,小组讨论,21
环境治理社学术沙龙第5期,2025-09-22 16:00:00.061368,环086,环074,小组讨论,22
环境治理社学术沙龙第5期,2025-09-22 16:00:00.061368,环081,环035,小组讨论,18
环境治理社学术沙龙第5期,2025-09-22 16:00:00.061368,环085,环094,小组讨论,20
环境治理社学术沙龙第5期,2025-09-22 16:00:00.061368,环096,环023,小组讨论,17
环境治理社学术沙龙第5期,2025-09-22 16:00:00.061368,环048,环076,小组讨论,15
环境治理社学术沙龙第5期,2025-09-22 16:00:00.061368,环054,环089,小组讨论,25
环境治理社学术沙龙第5期,2025-09-22 16:00:00.061368,环033,环094,小组讨论,25
环境治理社学术沙龙第5期,2025-09-22 16:00:00.061368,环076,环043,跨组请教,17
环境治理社学术沙龙第5期,2025-09-22 16:00:00.061368,环008,环010,跨组请教,19
环境治理社学术沙龙第5期,2025-09-22 16:00:00.061368,环002,环090,跨组请教,5
环境治理社学术沙龙第5期,2025-09-22 16:00:00.061368,环076,环038,跨组请教,17
环境治理社学术沙龙第5期,2025-09-22 16:00:00.061368,环091,环023,小组讨论,20
环境治理社学术沙龙第5期,2025-09-22 16:00:00.061368,环033,环012,跨组请教,19
环境治理社学术沙龙第5期,2025-09-22 16:00:00.061368,环002,环020,跨组请教,29
环境治理社学术沙龙第5期,2025-09-22 16:00:00.061368,环085,环010,小组讨论,22
环境治理社学术沙龙第5期,2025-09-22 16:00:00.061368,环065,环054,跨组请教,15
环境治理社学术沙龙第5期,2025-09-22 16:00:00.061368,环054,环014,小组讨论,26
环境治理社学术沙龙第5期,2025-09-22 16:00:00.061368,环077,环032,小组讨论,19
环境治理社学术沙龙第5期,2025-09-22 16:00:00.061368,环015,环049,跨组请教,7
环境治理社学术沙龙第5期,2025-09-22 16:00:00.061368,环034,环002,小组讨论,8
环境治理社学术沙龙第5期,2025-09-22 16:00:00.061368,环054,环019,小组讨论,27
环境治理社学术沙龙第5期,2025-09-22 16:00:00.061368,环048,环074,跨组请教,12
环境治理社学术沙龙第5期,2025-09-22 16:00:00.061368,环077,环010,小组讨论,9
环境治理社学术沙龙第5期,2025-09-22 16:00:00.061368,环067,环015,小组讨论,10
环境治理社学术沙龙第5期,2025-09-22 16:00:00.061368,环070,环091,小组讨论,25
环境治理社学术沙龙第5期,2025-09-22 16:00:00.061368,环010,环044,跨组请教,29
环境治理社学术沙龙第5期,2025-09-22 16:00:00.061368,环043,环068,小组讨论,20
环境治理社学术沙龙第5期,2025-09-22 16:00:00.061368,环051,环012,小组讨论,5
环境治理社学术沙龙第5期,2025-09-22 16:00:00.061368,环032,环023,合作演示,17
环境治理社学术沙龙第5期,2025-09-22 16:00:00.061368,环020,环033,跨组请教,28
环境治理社学术沙龙第5期,2025-09-22 16:00:00.061368,环008,环065,跨组请教,18
环境治理社学术沙龙第5期,2025-09-22 16:00:00.061368,环032,环085,合作演示,20
环境治理社学术沙龙第5期,2025-09-22 16:00:00.061368,环012,环050,合作演示,5
环境治理社学术沙龙第5期,2025-09-22 16:00:00.061368,环094,环065,小组讨论,12
环境治理社学术沙龙第5期,2025-09-22 16:00:00.061368,环077,环033,小组讨论,20
环境治理社学术沙龙第5期,2025-09-22 16:00:00.061368,环065,环002,小组讨论,19
环境治理社学术沙龙第5期,2025-09-22 16:00:00.061368,环018,环048,小组讨论,26
环境治理社学术沙龙第5期,2025-09-22 16:00:00.061368,环017,环002,跨组请教,10
环境治理社学术沙龙第5期,2025-09-22 16:00:00.061368,环017,环033,小组讨论,6
环境治理社学术沙龙第5期,2025-09-22 16:00:00.061368,环035,环096,小组讨论,20
环境治理社学术沙龙第5期,2025-09-22 16:00:00.061368,环038,环056,小组讨论,17
环境治理社学术沙龙第5期,2025-09-22 16:00:00.061368,环049,环067,合作演示,7
环境治理社学术沙龙第5期,2025-09-22 16:00:00.061368,环056,环068,跨组请教,30
环境治理社学术沙龙第5期,2025-09-22 16:00:00.061368,环085,环067,小组讨论,18
环境治理社学术沙龙第5期,2025-09-22 16:00:00.061368,环090,环043,小组讨论,20
环境治理社学术沙龙第5期,2025-09-22 16:00:00.061368,环077,环035,小组讨论,23
环境治理社学术沙龙第5期,2025-09-22 16:00:00.061368,环096,环030,小组讨论,5
环境治理社学术沙龙第5期,2025-09-22 16:00:00.061368,环049,环090,合作演示,20
环境治理社学术沙龙第5期,2025-09-22 16:00:00.061368,环018,环067,跨组请教,5
环境治理社学术沙龙第5期,2025-09-22 16:00:00.061368,环027,环047,小组讨论,6
环境治理社学术沙龙第5期,2025-09-22 16:00:00.061368,环086,环054,小组讨论,126
环境治理社学术沙龙第5期,2025-09-22 16:00:00.061368,环074,环096,小组讨论,28
环境治理社学术沙龙第5期,2025-09-22 16:00:00.061368,环012,环035,小组讨论,7
环境治理社学术沙龙第5期,2025-09-22 16:00:00.061368,环056,环043,小组讨论,20
环境治理社学术沙龙第5期,2025-09-22 16:00:00.061368,环010,环070,跨组请教,9
环境治理社学术沙龙第5期,2025-09-22 16:00:00.061368,环074,环076,小组讨论,25
环境治理社学术沙龙第5期,2025-09-22 16:00:00.061368,环019,环035,小组讨论,16
环境治理社学术沙龙第5期,2025-09-22 16:00:00.061368,环050,环030,合作演示,12
环境治理社学术沙龙第5期,2025-09-22 16:00:00.061368,环025,环094,合作演示,10
环境治理社学术沙龙第5期,2025-09-22 16:00:00.061368,环018,环086,跨组请教,5
环境治理社学术沙龙第5期,2025-09-22 16:00:00.061368,环050,环086,跨组请教,14
环境治理社学术沙龙第5期,2025-09-22 16:00:00.061368,环058,环023,小组讨论,29
环境治理社学术沙龙第5期,2025-09-22 16:00:00.061368,环043,环034,跨组请教,9
环境治理社学术沙龙第5期,2025-09-22 16:00:00.061368,环038,环012,跨组请教,21
环境治理社学术沙龙第5期,2025-09-22 16:00:00.061368,环002,环096,小组讨论,8
环境治理社学术沙龙第5期,2025-09-22 16:00:00.061368,环091,环010,小组讨论,11
环境治理社学术沙龙第5期,2025-09-22 16:00:00.061368,环033,环012,小组讨论,29
环境治理社学术沙龙第5期,2025-09-22 16:00:00.061368,环038,环049,小组讨论,5
环境治理社学术沙龙第5期,2025-09-22 16:00:00.061368,环002,环012,跨组请教,21
环境治理社学术沙龙第5期,2025-09-22 16:00:00.061368,环058,环081,小组讨论,11
环境治理社学术沙龙第5期,2025-09-22 16:00:00.061368,环090,环086,跨组请教,18
环境治理社学术沙龙第5期,2025-09-22 16:00:00.061368,环034,环012,跨组请教,25
环境治理社学术沙龙第5期,2025-09-22 16:00:00.061368,环047,环043,跨组请教,9
环境治理社学术沙龙第5期,2025-09-22 16:00:00.061368,环086,环050,小组讨论,30
环境治理社学术沙龙第5期,2025-09-22 16:00:00.061368,环086,环051,小组讨论,14
环境治理社学术沙龙第5期,2025-09-22 16:00:00.061368,环044,环034,跨组请教,6
环境治理社学术沙龙第5期,2025-09-22 16:00:00.061368,环043,环051,小组讨论,21
环境治理社学术沙龙第5期,2025-09-22 16:00:00.061368,环023,环051,小组讨论,27
环境治理社学术沙龙第5期,2025-09-22 16:00:00.061368,环049,环050,小组讨论,28
环境治理社学术沙龙第5期,2025-09-22 16:00:00.061368,环030,环032,小组讨论,8
环境治理社学术沙龙第5期,2025-09-22 16:00:00.061368,环025,环047,小组讨论,5
环境治理社学术沙龙第5期,2025-09-22 16:00:00.061368,环010,环089,跨组请教,29
环境治理社学术沙龙第5期,2025-09-22 16:00:00.061368,环015,环096,跨组请教,10
环境治理社学术沙龙第5期,2025-09-22 16:00:00.061368,环051,环008,跨组请教,11
环境治理社学术沙龙第5期,2025-09-22 16:00:00.061368,环094,环068,小组讨论,8
环境治理社学术沙龙第5期,2025-09-22 16:00:00.061368,环056,环058,合作演示,23
环境治理社学术沙龙第5期,2025-09-22 16:00:00.061368,环074,环018,跨组请教,30
环境治理社学术沙龙第5期,2025-09-22 16:00:00.061368,环018,环002,合作演示,24
环境治理社学术沙龙第5期,2025-09-22 16:00:00.061368,环076,环099,跨组请教,8
环境治理社学术沙龙第5期,2025-09-22 16:00:00.061368,环030,环010,小组讨论,8
环境治理社学术沙龙第5期,2025-09-22 16:00:00.061368,环025,环058,跨组请教,16
环境治理社学术沙龙第5期,2025-09-22 16:00:00.061368,环032,环077,跨组请教,30
环境治理社学术沙龙第5期,2025-09-22 16:00:00.061368,环096,环091,小组讨论,25
环境治理社学术沙龙第5期,2025-09-22 16:00:00.061368,环048,环044,小组讨论,16
环境治理社学术沙龙第5期,2025-09-22 16:00:00.061368,环018,环002,小组讨论,25
环境治理社学术沙龙第5期,2025-09-22 16:00:00.061368,环008,环015,跨组请教,25
环境治理社学术沙龙第5期,2025-09-22 16:00:00.061368,环070,环076,小组讨论,24
环境治理社学术沙龙第5期,2025-09-22 16:00:00.061368,环017,环048,跨组请教,18
环境治理社学术沙龙第5期,2025-09-22 16:00:00.061368,环014,环089,跨组请教,23
环境治理社学术沙龙第5期,2025-09-22 16:00:00.061368,环027,环056,小组讨论,28
环境治理社学术沙龙第5期,2025-09-22 16:00:00.061368,环033,环034,小组讨论,14
环境治理社学术沙龙第5期,2025-09-22 16:00:00.061368,环056,环085,合作演示,16
环境治理社学术沙龙第5期,2025-09-22 16:00:00.061368,环002,环020,小组讨论,23
环境治理社学术沙龙第5期,2025-09-22 16:00:00.061368,环049,环077,小组讨论,20
文化传播社学术沙龙第1期,2025-10-21 16:00:00.062519,文060,文045,小组讨论,7
文化传播社学术沙龙第1期,2025-10-21 16:00:00.062519,文092,文081,小组讨论,27
文化传播社学术沙龙第1期,2025-10-21 16:00:00.062519,文007,文079,小组讨论,9
文化传播社学术沙龙第1期,2025-10-21 16:00:00.062519,文015,文099,小组讨论,16
文化传播社学术沙龙第1期,2025-10-21 16:00:00.062519,文081,文025,小组讨论,26
文化传播社学术沙龙第1期,2025-10-21 16:00:00.062519,文084,文012,小组讨论,11
文化传播社学术沙龙第1期,2025-10-21 16:00:00.062519,文002,文052,合作演示,6
文化传播社学术沙龙第1期,2025-10-21 16:00:00.062519,文011,文099,跨组请教,26
文化传播社学术沙龙第1期,2025-10-21 16:00:00.062519,文076,文095,合作演示,13
文化传播社学术沙龙第1期,2025-10-21 16:00:00.062519,文044,文073,合作演示,16
文化传播社学术沙龙第1期,2025-10-21 16:00:00.062519,文040,文012,跨组请教,25
文化传播社学术沙龙第1期,2025-10-21 16:00:00.062519,文058,文026,跨组请教,9
文化传播社学术沙龙第1期,2025-10-21 16:00:00.062519,文051,文054,小组讨论,10
文化传播社学术沙龙第1期,2025-10-21 16:00:00.062519,文080,文084,小组讨论,10
文化传播社学术沙龙第1期,2025-10-21 16:00:00.062519,文080,文060,跨组请教,20
文化传播社学术沙龙第1期,2025-10-21 16:00:00.062519,文041,文010,小组讨论,15
文化传播社学术沙龙第1期,2025-10-21 16:00:00.062519,文007,文079,跨组请教,18
文化传播社学术沙龙第1期,2025-10-21 16:00:00.062519,文048,文007,跨组请教,13
文化传播社学术沙龙第1期,2025-10-21 16:00:00.062519,文011,文046,小组讨论,6
文化传播社学术沙龙第1期,2025-10-21 16:00:00.062519,文049,文033,小组讨论,7
文化传播社学术沙龙第1期,2025-10-21 16:00:00.062519,文064,文084,合作演示,22
文化传播社学术沙龙第1期,2025-10-21 16:00:00.062519,文012,文045,小组讨论,10
文化传播社学术沙龙第1期,2025-10-21 16:00:00.062519,文050,文080,合作演示,18
文化传播社学术沙龙第1期,2025-10-21 16:00:00.062519,文034,文093,跨组请教,23
文化传播社学术沙龙第1期,2025-10-21 16:00:00.062519,文012,文040,跨组请教,27
文化传播社学术沙龙第1期,2025-10-21 16:00:00.062519,文015,文013,跨组请教,18
文化传播社学术沙龙第1期,2025-10-21 16:00:00.062519,文050,文018,跨组请教,17
文化传播社学术沙龙第1期,2025-10-21 16:00:00.062519,文017,文064,跨组请教,6
文化传播社学术沙龙第1期,2025-10-21 16:00:00.062519,文034,文048,小组讨论,5
文化传播社学术沙龙第1期,2025-10-21 16:00:00.062519,文071,文039,跨组请教,18
文化传播社学术沙龙第1期,2025-10-21 16:00:00.062519,文052,文039,跨组请教,23
文化传播社学术沙龙第1期,2025-10-21 16:00:00.062519,文048,文051,小组讨论,20
文化传播社学术沙龙第1期,2025-10-21 16:00:00.062519,文046,文067,小组讨论,6
文化传播社学术沙龙第1期,2025-10-21 16:00:00.062519,文078,文050,小组讨论,15
文化传播社学术沙龙第1期,2025-10-21 16:00:00.062519,文087,文099,小组讨论,22
文化传播社学术沙龙第1期,2025-10-21 16:00:00.062519,文010,文012,小组讨论,16
文化传播社学术沙龙第1期,2025-10-21 16:00:00.062519,文067,文071,小组讨论,21
文化传播社学术沙龙第1期,2025-10-21 16:00:00.062519,文071,文080,跨组请教,21
文化传播社学术沙龙第1期,2025-10-21 16:00:00.062519,文024,文052,小组讨论,8
文化传播社学术沙龙第1期,2025-10-21 16:00:00.062519,文041,文080,合作演示,28
文化传播社学术沙龙第1期,2025-10-21 16:00:00.062519,文060,文053,小组讨论,7
文化传播社学术沙龙第1期,2025-10-21 16:00:00.062519,文002,文045,小组讨论,8
文化传播社学术沙龙第1期,2025-10-21 16:00:00.062519,文083,文026,小组讨论,30
文化传播社学术沙龙第1期,2025-10-21 16:00:00.062519,文029,文054,小组讨论,15
文化传播社学术沙龙第1期,2025-10-21 16:00:00.062519,文030,文045,小组讨论,23
文化传播社学术沙龙第1期,2025-10-21 16:00:00.062519,文044,文063,合作演示,16
文化传播社学术沙龙第1期,2025-10-21 16:00:00.062519,文099,文011,跨组请教,7
文化传播社学术沙龙第1期,2025-10-21 16:00:00.062519,文050,文047,跨组请教,7
文化传播社学术沙龙第1期,2025-10-21 16:00:00.062519,文078,文047,小组讨论,7
文化传播社学术沙龙第1期,2025-10-21 16:00:00.062519,文013,文002,跨组请教,9
文化传播社学术沙龙第1期,2025-10-21 16:00:00.062519,文058,文028,小组讨论,21
文化传播社学术沙龙第1期,2025-10-21 16:00:00.062519,文047,文076,跨组请教,30
文化传播社学术沙龙第1期,2025-10-21 16:00:00.062519,文052,文026,小组讨论,30
文化传播社学术沙龙第1期,2025-10-21 16:00:00.062519,文058,文050,小组讨论,8
文化传播社学术沙龙第1期,2025-10-21 16:00:00.062519,文076,文030,跨组请教,15
文化传播社学术沙龙第1期,2025-10-21 16:00:00.062519,文051,文099,小组讨论,10
文化传播社学术沙龙第1期,2025-10-21 16:00:00.062519,文053,文078,小组讨论,17
文化传播社学术沙龙第1期,2025-10-21 16:00:00.062519,文095,文071,跨组请教,27
文化传播社学术沙龙第1期,2025-10-21 16:00:00.062519,文049,文067,跨组请教,14
文化传播社学术沙龙第1期,2025-10-21 16:00:00.062519,文012,文080,合作演示,6
文化传播社学术沙龙第1期,2025-10-21 16:00:00.062519,文071,文028,小组讨论,15
文化传播社学术沙龙第1期,2025-10-21 16:00:00.062519,文039,文018,小组讨论,8
文化传播社学术沙龙第1期,2025-10-21 16:00:00.062519,文030,文079,跨组请教,16
文化传播社学术沙龙第1期,2025-10-21 16:00:00.062519,文087,文054,合作演示,15
文化传播社学术沙龙第1期,2025-10-21 16:00:00.062519,文034,文050,小组讨论,23
文化传播社学术沙龙第1期,2025-10-21 16:00:00.062519,文010,文054,小组讨论,17
文化传播社学术沙龙第1期,2025-10-21 16:00:00.062519,文060,文034,跨组请教,9
文化传播社学术沙龙第1期,2025-10-21 16:00:00.062519,文058,文093,小组讨论,17
文化传播社学术沙龙第1期,2025-10-21 16:00:00.062519,文018,文078,小组讨论,18
文化传播社学术沙龙第1期,2025-10-21 16:00:00.062519,文053,文049,小组讨论,5
文化传播社学术沙龙第1期,2025-10-21 16:00:00.062519,文046,文060,小组讨论,22
文化传播社学术沙龙第1期,2025-10-21 16:00:00.062519,文029,文031,合作演示,25
文化传播社学术沙龙第1期,2025-10-21 16:00:00.062519,文058,文049,小组讨论,24
文化传播社学术沙龙第1期,2025-10-21 16:00:00.062519,文033,文024,小组讨论,28
文化传播社学术沙龙第1期,2025-10-21 16:00:00.062519,文064,文011,小组讨论,26
文化传播社学术沙龙第1期,2025-10-21 16:00:00.062519,文039,文050,小组讨论,7
文化传播社学术沙龙第1期,2025-10-21 16:00:00.062519,文050,文046,跨组请教,24
文化传播社学术沙龙第1期,2025-10-21 16:00:00.062519,文058,文002,合作演示,19
文化传播社学术沙龙第1期,2025-10-21 16:00:00.062519,文080,文046,小组讨论,16
文化传播社学术沙龙第1期,2025-10-21 16:00:00.062519,文041,文051,小组讨论,19
文化传播社学术沙龙第1期,2025-10-21 16:00:00.062519,文074,文017,小组讨论,17
文化传播社学术沙龙第1期,2025-10-21 16:00:00.062519,文099,文075,小组讨论,23
文化传播社学术沙龙第1期,2025-10-21 16:00:00.062519,文045,文074,合作演示,5
文化传播社学术沙龙第1期,2025-10-21 16:00:00.062519,文010,文078,小组讨论,18
文化传播社学术沙龙第1期,2025-10-21 16:00:00.062519,文052,文050,小组讨论,11
文化传播社学术沙龙第1期,2025-10-21 16:00:00.062519,文073,文098,小组讨论,20
文化传播社学术沙龙第1期,2025-10-21 16:00:00.062519,文027,文075,跨组请教,19
文化传播社学术沙龙第1期,2025-10-21 16:00:00.062519,文007,文027,合作演示,13
文化传播社学术沙龙第1期,2025-10-21 16:00:00.062519,文081,文064,小组讨论,5
文化传播社学术沙龙第1期,2025-10-21 16:00:00.062519,文050,文063,小组讨论,16
文化传播社学术沙龙第1期,2025-10-21 16:00:00.062519,文026,文031,小组讨论,5
文化传播社学术沙龙第1期,2025-10-21 16:00:00.062519,文015,文046,小组讨论,30
文化传播社学术沙龙第1期,2025-10-21 16:00:00.062519,文093,文012,小组讨论,10
文化传播社学术沙龙第1期,2025-10-21 16:00:00.062519,文033,文078,小组讨论,11
文化传播社学术沙龙第1期,2025-10-21 16:00:00.062519,文050,文095,合作演示,7
文化传播社学术沙龙第1期,2025-10-21 16:00:00.062519,文098,文083,跨组请教,28
文化传播社学术沙龙第1期,2025-10-21 16:00:00.062519,文079,文075,小组讨论,20
文化传播社学术沙龙第1期,2025-10-21 16:00:00.062519,文078,文079,跨组请教,25
文化传播社学术沙龙第1期,2025-10-21 16:00:00.062519,文056,文081,小组讨论,15
文化传播社学术沙龙第1期,2025-10-21 16:00:00.062519,文034,文025,跨组请教,13
文化传播社学术沙龙第1期,2025-10-21 16:00:00.062519,文099,文045,跨组请教,6
文化传播社学术沙龙第1期,2025-10-21 16:00:00.062519,文017,文054,跨组请教,24
文化传播社学术沙龙第1期,2025-10-21 16:00:00.062519,文079,文031,小组讨论,11
文化传播社学术沙龙第1期,2025-10-21 16:00:00.062519,文081,文064,跨组请教,28
文化传播社学术沙龙第1期,2025-10-21 16:00:00.062519,文026,文002,跨组请教,8
文化传播社学术沙龙第1期,2025-10-21 16:00:00.062519,文048,文018,小组讨论,25
文化传播社学术沙龙第1期,2025-10-21 16:00:00.062519,文079,文041,小组讨论,15
文化传播社学术沙龙第1期,2025-10-21 16:00:00.062519,文045,文002,小组讨论,8
文化传播社学术沙龙第1期,2025-10-21 16:00:00.062519,文054,文058,小组讨论,18
文化传播社学术沙龙第1期,2025-10-21 16:00:00.062519,文083,文073,小组讨论,29
文化传播社学术沙龙第1期,2025-10-21 16:00:00.062519,文039,文002,小组讨论,15
文化传播社学术沙龙第1期,2025-10-21 16:00:00.062519,文074,文044,小组讨论,16
文化传播社学术沙龙第1期,2025-10-21 16:00:00.062519,文052,文093,跨组请教,20
文化传播社学术沙龙第1期,2025-10-21 16:00:00.062519,文073,文088,小组讨论,27
文化传播社学术沙龙第1期,2025-10-21 16:00:00.062519,文026,文084,小组讨论,6
文化传播社学术沙龙第1期,2025-10-21 16:00:00.062519,文029,文088,小组讨论,15
文化传播社学术沙龙第1期,2025-10-21 16:00:00.062519,文002,文093,跨组请教,9
文化传播社学术沙龙第1期,2025-10-21 16:00:00.062519,文095,文083,小组讨论,24
文化传播社学术沙龙第1期,2025-10-21 16:00:00.062519,文087,文050,小组讨论,29
文化传播社学术沙龙第1期,2025-10-21 16:00:00.062519,文028,文048,跨组请教,24
文化传播社学术沙龙第1期,2025-10-21 16:00:00.062519,文083,文031,小组讨论,23
文化传播社学术沙龙第1期,2025-10-21 16:00:00.062519,文098,文015,小组讨论,24
文化传播社学术沙龙第1期,2025-10-21 16:00:00.062519,文047,文024,合作演示,9
文化传播社学术沙龙第1期,2025-10-21 16:00:00.062519,文052,文075,跨组请教,22
文化传播社学术沙龙第1期,2025-10-21 16:00:00.062519,文054,文010,小组讨论,12
文化传播社学术沙龙第1期,2025-10-21 16:00:00.062519,文031,文015,小组讨论,18
文化传播社学术沙龙第1期,2025-10-21 16:00:00.062519,文074,文044,跨组请教,15
文化传播社学术沙龙第1期,2025-10-21 16:00:00.062519,文007,文080,小组讨论,22
文化传播社学术沙龙第1期,2025-10-21 16:00:00.062519,文040,文010,跨组请教,13
文化传播社学术沙龙第1期,2025-10-21 16:00:00.062519,文074,文044,小组讨论,7
文化传播社学术沙龙第1期,2025-10-21 16:00:00.062519,文033,文043,小组讨论,30
文化传播社学术沙龙第1期,2025-10-21 16:00:00.062519,文080,文043,跨组请教,17
文化传播社学术沙龙第1期,2025-10-21 16:00:00.062519,文048,文046,小组讨论,23
文化传播社学术沙龙第1期,2025-10-21 16:00:00.062519,文007,文039,小组讨论,24
文化传播社学术沙龙第1期,2025-10-21 16:00:00.062519,文039,文031,跨组请教,15
文化传播社学术沙龙第1期,2025-10-21 16:00:00.062519,文018,文043,合作演示,12
文化传播社学术沙龙第1期,2025-10-21 16:00:00.062519,文056,文060,跨组请教,11
文化传播社学术沙龙第1期,2025-10-21 16:00:00.062519,文073,文088,小组讨论,13
文化传播社学术沙龙第1期,2025-10-21 16:00:00.062519,文052,文047,合作演示,21
文化传播社学术沙龙第1期,2025-10-21 16:00:00.062519,文015,文076,跨组请教,22
文化传播社学术沙龙第1期,2025-10-21 16:00:00.062519,文093,文026,小组讨论,28
文化传播社学术沙龙第1期,2025-10-21 16:00:00.062519,文097,文081,合作演示,22
文化传播社学术沙龙第1期,2025-10-21 16:00:00.062519,文076,文047,小组讨论,30
文化传播社学术沙龙第1期,2025-10-21 16:00:00.062519,文030,文064,小组讨论,8
文化传播社学术沙龙第1期,2025-10-21 16:00:00.062519,文078,文041,小组讨论,16
文化传播社学术沙龙第1期,2025-10-21 16:00:00.062519,文058,文097,小组讨论,7
文化传播社学术沙龙第1期,2025-10-21 16:00:00.062519,文031,文002,小组讨论,15
文化传播社学术沙龙第1期,2025-10-21 16:00:00.062519,文064,文076,合作演示,25
文化传播社学术沙龙第1期,2025-10-21 16:00:00.062519,文044,文025,小组讨论,29
文化传播社学术沙龙第1期,2025-10-21 16:00:00.062519,文092,文012,小组讨论,22
文化传播社学术沙龙第1期,2025-10-21 16:00:00.062519,文098,文064,合作演示,22
文化传播社学术沙龙第1期,2025-10-21 16:00:00.062519,文093,文063,小组讨论,30
文化传播社学术沙龙第1期,2025-10-21 16:00:00.062519,文040,文081,合作演示,16
文化传播社学术沙龙第1期,2025-10-21 16:00:00.062519,文026,文064,跨组请教,8
文化传播社学术沙龙第1期,2025-10-21 16:00:00.062519,文054,文056,小组讨论,29
文化传播社学术沙龙第1期,2025-10-21 16:00:00.062519,文054,文017,小组讨论,19
文化传播社学术沙龙第1期,2025-10-21 16:00:00.062519,文013,文083,跨组请教,5
文化传播社学术沙龙第1期,2025-10-21 16:00:00.062519,文049,文052,跨组请教,9
文化传播社学术沙龙第1期,2025-10-21 16:00:00.062519,文063,文047,小组讨论,11
文化传播社学术沙龙第1期,2025-10-21 16:00:00.062519,文078,文013,跨组请教,29
文化传播社学术沙龙第1期,2025-10-21 16:00:00.062519,文046,文097,小组讨论,24
文化传播社学术沙龙第1期,2025-10-21 16:00:00.062519,文087,文054,小组讨论,7
文化传播社学术沙龙第1期,2025-10-21 16:00:00.062519,文030,文095,合作演示,19
文化传播社学术沙龙第1期,2025-10-21 16:00:00.062519,文081,文071,小组讨论,27
文化传播社学术沙龙第1期,2025-10-21 16:00:00.062519,文048,文083,小组讨论,10
文化传播社学术沙龙第1期,2025-10-21 16:00:00.062519,文075,文054,跨组请教,8
文化传播社学术沙龙第1期,2025-10-21 16:00:00.062519,文025,文078,小组讨论,23
文化传播社学术沙龙第1期,2025-10-21 16:00:00.062519,文056,文067,小组讨论,6
文化传播社学术沙龙第1期,2025-10-21 16:00:00.062519,文012,文013,跨组请教,21
文化传播社学术沙龙第1期,2025-10-21 16:00:00.062519,文071,文031,小组讨论,23
文化传播社学术沙龙第1期,2025-10-21 16:00:00.062519,文076,文027,跨组请教,22
文化传播社学术沙龙第1期,2025-10-21 16:00:00.062519,文060,文084,小组讨论,23
文化传播社学术沙龙第1期,2025-10-21 16:00:00.062519,文039,文052,小组讨论,23
文化传播社学术沙龙第1期,2025-10-21 16:00:00.062519,文097,文048,跨组请教,28
文化传播社学术沙龙第1期,2025-10-21 16:00:00.062519,文053,文013,合作演示,27
文化传播社学术沙龙第1期,2025-10-21 16:00:00.062519,文083,文071,小组讨论,12
文化传播社学术沙龙第1期,2025-10-21 16:00:00.062519,文027,文084,小组讨论,17
文化传播社学术沙龙第1期,2025-10-21 16:00:00.062519,文012,文063,小组讨论,22
文化传播社学术沙龙第1期,2025-10-21 16:00:00.062519,文097,文034,小组讨论,23
文化传播社学术沙龙第1期,2025-10-21 16:00:00.062519,文064,文012,跨组请教,12
文化传播社学术沙龙第1期,2025-10-21 16:00:00.062519,文046,文013,合作演示,13
文化传播社学术沙龙第1期,2025-10-21 16:00:00.062519,文028,文012,小组讨论,16
文化传播社学术沙龙第1期,2025-10-21 16:00:00.062519,文098,文047,合作演示,13
文化传播社学术沙龙第1期,2025-10-21 16:00:00.062519,文098,文010,小组讨论,24
文化传播社学术沙龙第1期,2025-10-21 16:00:00.062519,文067,文010,小组讨论,22
文化传播社学术沙龙第1期,2025-10-21 16:00:00.062519,文099,文093,跨组请教,13
文化传播社学术沙龙第1期,2025-10-21 16:00:00.062519,文026,文063,小组讨论,29
文化传播社学术沙龙第1期,2025-10-21 16:00:00.062519,文051,文039,小组讨论,26
文化传播社学术沙龙第1期,2025-10-21 16:00:00.062519,文073,文056,合作演示,5
文化传播社学术沙龙第1期,2025-10-21 16:00:00.062519,文041,文056,跨组请教,20
文化传播社学术沙龙第1期,2025-10-21 16:00:00.062519,文017,文018,跨组请教,13
文化传播社学术沙龙第1期,2025-10-21 16:00:00.062519,文081,文056,小组讨论,24
文化传播社学术沙龙第1期,2025-10-21 16:00:00.062519,文095,文018,合作演示,10
文化传播社学术沙龙第1期,2025-10-21 16:00:00.062519,文081,文099,小组讨论,25
文化传播社学术沙龙第1期,2025-10-21 16:00:00.062519,文002,文064,跨组请教,8
文化传播社学术沙龙第1期,2025-10-21 16:00:00.062519,文071,文040,小组讨论,12
文化传播社学术沙龙第1期,2025-10-21 16:00:00.062519,文075,文043,小组讨论,15
文化传播社学术沙龙第1期,2025-10-21 16:00:00.062519,文017,文010,小组讨论,10
文化传播社学术沙龙第1期,2025-10-21 16:00:00.062519,文028,文060,小组讨论,9
文化传播社学术沙龙第1期,2025-10-21 16:00:00.062519,文046,文044,小组讨论,28
文化传播社学术沙龙第1期,2025-10-21 16:00:00.062519,文002,文067,小组讨论,14
文化传播社学术沙龙第1期,2025-10-21 16:00:00.062519,文041,文088,小组讨论,26
文化传播社学术沙龙第1期,2025-10-21 16:00:00.062519,文087,文013,跨组请教,14
文化传播社学术沙龙第1期,2025-10-21 16:00:00.062519,文074,文052,跨组请教,26
文化传播社学术沙龙第1期,2025-10-21 16:00:00.062519,文081,文026,小组讨论,7
文化传播社学术沙龙第1期,2025-10-21 16:00:00.062519,文098,文011,小组讨论,158
文化传播社学术沙龙第1期,2025-10-21 16:00:00.062519,文039,文040,小组讨论,12
文化传播社学术沙龙第1期,2025-10-21 16:00:00.062519,文028,文024,跨组请教,16
文化传播社学术沙龙第1期,2025-10-21 16:00:00.062519,文030,文098,合作演示,22
文化传播社学术沙龙第1期,2025-10-21 16:00:00.062519,文010,文095,小组讨论,30
文化传播社学术沙龙第1期,2025-10-21 16:00:00.062519,文067,文025,小组讨论,5
文化传播社学术沙龙第1期,2025-10-21 16:00:00.062519,文092,文073,小组讨论,10
文化传播社学术沙龙第1期,2025-10-21 16:00:00.062519,文007,文017,小组讨论,29
文化传播社学术沙龙第1期,2025-10-21 16:00:00.062519,文045,文034,跨组请教,18
文化传播社学术沙龙第1期,2025-10-21 16:00:00.062519,文039,文030,小组讨论,22
文化传播社学术沙龙第1期,2025-10-21 16:00:00.062519,文045,文079,小组讨论,9
文化传播社学术沙龙第1期,2025-10-21 16:00:00.062519,文027,文018,小组讨论,12
文化传播社学术沙龙第1期,2025-10-21 16:00:00.062519,文018,文026,小组讨论,8
文化传播社学术沙龙第1期,2025-10-21 16:00:00.062519,文033,文056,小组讨论,16
文化传播社学术沙龙第1期,2025-10-21 16:00:00.062519,文024,文080,小组讨论,19
文化传播社学术沙龙第1期,2025-10-21 16:00:00.062519,文033,文046,小组讨论,25
文化传播社学术沙龙第1期,2025-10-21 16:00:00.062519,文053,文076,小组讨论,25
文化传播社学术沙龙第1期,2025-10-21 16:00:00.062519,文050,文029,小组讨论,20
文化传播社学术沙龙第1期,2025-10-21 16:00:00.062519,文050,文015,合作演示,7
文化传播社学术沙龙第1期,2025-10-21 16:00:00.062519,文034,文071,小组讨论,10
文化传播社学术沙龙第1期,2025-10-21 16:00:00.062519,文076,文041,小组讨论,23
文化传播社学术沙龙第1期,2025-10-21 16:00:00.062519,文098,文017,合作演示,21
文化传播社学术沙龙第1期,2025-10-21 16:00:00.062519,文052,文007,小组讨论,26
文化传播社学术沙龙第1期,2025-10-21 16:00:00.062519,文047,文067,合作演示,9
文化传播社学术沙龙第1期,2025-10-21 16:00:00.062519,文060,文052,跨组请教,6
文化传播社学术沙龙第1期,2025-10-21 16:00:00.062519,文013,文075,跨组请教,12
文化传播社学术沙龙第1期,2025-10-21 16:00:00.062519,文030,文041,小组讨论,9
文化传播社学术沙龙第1期,2025-10-21 16:00:00.062519,文046,文058,小组讨论,27
文化传播社学术沙龙第1期,2025-10-21 16:00:00.062519,文067,文079,小组讨论,11
文化传播社学术沙龙第1期,2025-10-21 16:00:00.062519,文053,文060,跨组请教,24
文化传播社学术沙龙第1期,2025-10-21 16:00:00.062519,文080,文046,小组讨论,12
文化传播社学术沙龙第1期,2025-10-21 16:00:00.062519,文058,文051,小组讨论,15
文化传播社学术沙龙第1期,2025-10-21 16:00:00.062519,文028,文054,跨组请教,30
文化传播社学术沙龙第1期,2025-10-21 16:00:00.062519,文079,文007,小组讨论,14
文化传播社学术沙龙第1期,2025-10-21 16:00:00.062519,文010,文043,小组讨论,25
文化传播社学术沙龙第1期,2025-10-21 16:00:00.062519,文047,文095,小组讨论,7
文化传播社学术沙龙第1期,2025-10-21 16:00:00.062519,文018,文079,小组讨论,19
文化传播社学术沙龙第1期,2025-10-21 16:00:00.062519,文045,文025,合作演示,10
文化传播社学术沙龙第1期,2025-10-21 16:00:00.062519,文026,文011,小组讨论,25
文化传播社学术沙龙第1期,2025-10-21 16:00:00.062519,文044,文074,小组讨论,24
文化传播社学术沙龙第1期,2025-10-21 16:00:00.062519,文041,文026,小组讨论,17
文化传播社学术沙龙第1期,2025-10-21 16:00:00.062519,文002,文067,小组讨论,24
文化传播社学术沙龙第1期,2025-10-21 16:00:00.062519,文029,文010,小组讨论,22
文化传播社学术沙龙第1期,2025-10-21 16:00:00.062519,文092,文084,小组讨论,18
文化传播社学术沙龙第1期,2025-10-21 16:00:00.062519,文087,文098,小组讨论,12
文化传播社学术沙龙第1期,2025-10-21 16:00:00.062519,文018,文080,合作演示,5
文化传播社学术沙龙第1期,2025-10-21 16:00:00.062519,文076,文078,跨组请教,21
文化传播社学术沙龙第1期,2025-10-21 16:00:00.062519,文024,文002,小组讨论,19
文化传播社学术沙龙第1期,2025-10-21 16:00:00.062519,文051,文025,跨组请教,19
文化传播社学术沙龙第1期,2025-10-21 16:00:00.062519,文039,文011,小组讨论,8
文化传播社学术沙龙第1期,2025-10-21 16:00:00.062519,文073,文007,小组讨论,29
文化传播社学术沙龙第1期,2025-10-21 16:00:00.062519,文060,文012,小组讨论,16
文化传播社学术沙龙第1期,2025-10-21 16:00:00.062519,文015,文025,跨组请教,6
文化传播社学术沙龙第1期,2025-10-21 16:00:00.062519,文080,文064,小组讨论,29
文化传播社学术沙龙第1期,2025-10-21 16:00:00.062519,文031,文013,跨组请教,22
文化传播社学术沙龙第1期,2025-10-21 16:00:00.062519,文024,文002,小组讨论,9
文化传播社学术沙龙第1期,2025-10-21 16:00:00.062519,文041,文024,跨组请教,19
文化传播社学术沙龙第1期,2025-10-21 16:00:00.062519,文067,文030,小组讨论,11
文化传播社学术沙龙第1期,2025-10-21 16:00:00.062519,文013,文028,跨组请教,26
文化传播社学术沙龙第1期,2025-10-21 16:00:00.062519,文060,文063,跨组请教,21
文化传播社学术沙龙第1期,2025-10-21 16:00:00.062519,文010,文067,小组讨论,19
文化传播社学术沙龙第1期,2025-10-21 16:00:00.062519,文030,文048,小组讨论,19
文化传播社学术沙龙第1期,2025-10-21 16:00:00.062519,文054,文040,跨组请教,11
文化传播社学术沙龙第1期,2025-10-21 16:00:00.062519,文083,文053,跨组请教,24
文化传播社学术沙龙第1期,2025-10-21 16:00:00.062519,文098,文030,小组讨论,21
文化传播社学术沙龙第1期,2025-10-21 16:00:00.062519,文050,文099,小组讨论,26
文化传播社学术沙龙第1期,2025-10-21 16:00:00.062519,文051,文074,跨组请教,10
文化传播社学术沙龙第1期,2025-10-21 16:00:00.062519,文039,文013,跨组请教,22
文化传播社学术沙龙第1期,2025-10-21 16:00:00.062519,文093,文088,跨组请教,5
文化传播社学术沙龙第1期,2025-10-21 16:00:00.062519,文092,文078,小组讨论,10
文化传播社学术沙龙第1期,2025-10-21 16:00:00.062519,文093,文056,小组讨论,15
文化传播社学术沙龙第1期,2025-10-21 16:00:00.062519,文026,文012,小组讨论,17
文化传播社学术沙龙第1期,2025-10-21 16:00:00.062519,文071,文026,小组讨论,17
文化传播社学术沙龙第1期,2025-10-21 16:00:00.062519,文080,文074,跨组请教,24
文化传播社学术沙龙第1期,2025-10-21 16:00:00.062519,文024,文017,小组讨论,22
文化传播社学术沙龙第1期,2025-10-21 16:00:00.062519,文054,文029,合作演示,10
文化传播社学术沙龙第1期,2025-10-21 16:00:00.062519,文078,文056,小组讨论,9
文化传播社学术沙龙第1期,2025-10-21 16:00:00.062519,文007,文015,小组讨论,7
文化传播社学术沙龙第1期,2025-10-21 16:00:00.062519,文039,文002,跨组请教,11
文化传播社学术沙龙第1期,2025-10-21 16:00:00.062519,文049,文018,小组讨论,5
文化传播社学术沙龙第1期,2025-10-21 16:00:00.062519,文067,文054,小组讨论,6
文化传播社学术沙龙第1期,2025-10-21 16:00:00.062519,文084,文041,小组讨论,10
文化传播社学术沙龙第1期,2025-10-21 16:00:00.062519,文046,文075,跨组请教,16
文化传播社学术沙龙第1期,2025-10-21 16:00:00.062519,文043,文033,小组讨论,5
文化传播社学术沙龙第1期,2025-10-21 16:00:00.062519,文047,文028,小组讨论,16
文化传播社学术沙龙第1期,2025-10-21 16:00:00.062519,文025,文098,跨组请教,20
文化传播社学术沙龙第1期,2025-10-21 16:00:00.062519,文052,文054,小组讨论,20
文化传播社学术沙龙第1期,2025-10-21 16:00:00.062519,文052,文079,小组讨论,18
文化传播社学术沙龙第1期,2025-10-21 16:00:00.062519,文081,文017,合作演示,28
文化传播社学术沙龙第1期,2025-10-21 16:00:00.062519,文075,文041,小组讨论,30
文化传播社学术沙龙第2期,2025-09-16 16:00:00.064041,文045,文047,合作演示,16
文化传播社学术沙龙第2期,2025-09-16 16:00:00.064041,文003,文006,小组讨论,10
文化传播社学术沙龙第2期,2025-09-16 16:00:00.064041,文054,文037,小组讨论,25
文化传播社学术沙龙第2期,2025-09-16 16:00:00.064041,文058,文003,小组讨论,18
文化传播社学术沙龙第2期,2025-09-16 16:00:00.064041,文016,文028,小组讨论,6
文化传播社学术沙龙第2期,2025-09-16 16:00:00.064041,文025,文047,小组讨论,22
文化传播社学术沙龙第2期,2025-09-16 16:00:00.064041,文029,文047,跨组请教,13
文化传播社学术沙龙第2期,2025-09-16 16:00:00.064041,文063,文051,小组讨论,26
文化传播社学术沙龙第2期,2025-09-16 16:00:00.064041,文097,文030,跨组请教,16
文化传播社学术沙龙第2期,2025-09-16 16:00:00.064041,文046,文039,跨组请教,20
文化传播社学术沙龙第2期,2025-09-16 16:00:00.064041,文037,文063,小组讨论,18
文化传播社学术沙龙第2期,2025-09-16 16:00:00.064041,文005,文020,小组讨论,13
文化传播社学术沙龙第2期,2025-09-16 16:00:00.064041,文073,文045,小组讨论,10
文化传播社学术沙龙第2期,2025-09-16 16:00:00.064041,文028,文037,合作演示,6
文化传播社学术沙龙第2期,2025-09-16 16:00:00.064041,文081,文096,跨组请教,29
文化传播社学术沙龙第2期,2025-09-16 16:00:00.064041,文050,文067,跨组请教,18
文化传播社学术沙龙第2期,2025-09-16 16:00:00.064041,文046,文051,合作演示,14
文化传播社学术沙龙第2期,2025-09-16 16:00:00.064041,文054,文099,小组讨论,23
文化传播社学术沙龙第2期,2025-09-16 16:00:00.064041,文037,文049,跨组请教,13
文化传播社学术沙龙第2期,2025-09-16 16:00:00.064041,文007,文054,合作演示,17
文化传播社学术沙龙第2期,2025-09-16 16:00:00.064041,文005,文006,小组讨论,8
文化传播社学术沙龙第2期,2025-09-16 16:00:00.064041,文031,文016,小组讨论,22
文化传播社学术沙龙第2期,2025-09-16 16:00:00.064041,文097,文095,跨组请教,11
文化传播社学术沙龙第2期,2025-09-16 16:00:00.064041,文005,文004,跨组请教,23
文化传播社学术沙龙第2期,2025-09-16 16:00:00.064041,文095,文073,跨组请教,6
文化传播社学术沙龙第2期,2025-09-16 16:00:00.064041,文025,文054,小组讨论,27
文化传播社学术沙龙第2期,2025-09-16 16:00:00.064041,文050,文046,跨组请教,8
文化传播社学术沙龙第2期,2025-09-16 16:00:00.064041,文032,文030,小组讨论,13
文化传播社学术沙龙第2期,2025-09-16 16:00:00.064041,文025,文006,合作演示,13
文化传播社学术沙龙第2期,2025-09-16 16:00:00.064041,文081,文045,合作演示,14
文化传播社学术沙龙第2期,2025-09-16 16:00:00.064041,文028,文031,跨组请教,9
文化传播社学术沙龙第2期,2025-09-16 16:00:00.064041,文003,文078,合作演示,23
文化传播社学术沙龙第2期,2025-09-16 16:00:00.064041,文051,文097,小组讨论,16
文化传播社学术沙龙第2期,2025-09-16 16:00:00.064041,文007,文028,小组讨论,30
文化传播社学术沙龙第2期,2025-09-16 16:00:00.064041,文096,文025,小组讨论,9
文化传播社学术沙龙第2期,2025-09-16 16:00:00.064041,文073,文005,小组讨论,21
文化传播社学术沙龙第2期,2025-09-16 16:00:00.064041,文006,文047,合作演示,28
文化传播社学术沙龙第2期,2025-09-16 16:00:00.064041,文031,文019,小组讨论,18
文化传播社学术沙龙第2期,2025-09-16 16:00:00.064041,文051,文071,小组讨论,7
文化传播社学术沙龙第2期,2025-09-16 16:00:00.064041,文054,文014,跨组请教,27
文化传播社学术沙龙第2期,2025-09-16 16:00:00.064041,文005,文011,小组讨论,14
文化传播社学术沙龙第2期,2025-09-16 16:00:00.064041,文047,文045,跨组请教,15
文化传播社学术沙龙第2期,2025-09-16 16:00:00.064041,文058,文078,小组讨论,29
文化传播社学术沙龙第2期,2025-09-16 16:00:00.064041,文011,文025,小组讨论,13
文化传播社学术沙龙第2期,2025-09-16 16:00:00.064041,文047,文073,跨组请教,5
文化传播社学术沙龙第2期,2025-09-16 16:00:00.064041,文007,文067,小组讨论,10
文化传播社学术沙龙第2期,2025-09-16 16:00:00.064041,文019,文087,跨组请教,13
文化传播社学术沙龙第2期,2025-09-16 16:00:00.064041,文032,文007,合作演示,10
文化传播社学术沙龙第2期,2025-09-16 16:00:00.064041,文045,文071,小组讨论,18
文化传播社学术沙龙第2期,2025-09-16 16:00:00.064041,文002,文097,小组讨论,7
文化传播社学术沙龙第2期,2025-09-16 16:00:00.064041,文045,文028,小组讨论,19
文化传播社学术沙龙第2期,2025-09-16 16:00:00.064041,文081,文050,小组讨论,10
文化传播社学术沙龙第2期,2025-09-16 16:00:00.064041,文099,文046,小组讨论,16
文化传播社学术沙龙第2期,2025-09-16 16:00:00.064041,文071,文031,小组讨论,12
文化传播社学术沙龙第2期,2025-09-16 16:00:00.064041,文003,文004,跨组请教,28
文化传播社学术沙龙第2期,2025-09-16 16:00:00.064041,文032,文063,小组讨论,24
文化传播社学术沙龙第2期,2025-09-16 16:00:00.064041,文025,文002,跨组请教,13
文化传播社学术沙龙第2期,2025-09-16 16:00:00.064041,文037,文049,跨组请教,17
文化传播社学术沙龙第2期,2025-09-16 16:00:00.064041,文045,文031,跨组请教,29
文化传播社学术沙龙第2期,2025-09-16 16:00:00.064041,文006,文097,小组讨论,25
文化传播社学术沙龙第2期,2025-09-16 16:00:00.064041,文003,文051,小组讨论,10
文化传播社学术沙龙第2期,2025-09-16 16:00:00.064041,文045,文006,小组讨论,30
文化传播社学术沙龙第2期,2025-09-16 16:00:00.064041,文032,文071,小组讨论,21
文化传播社学术沙龙第2期,2025-09-16 16:00:00.064041,文007,文067,小组讨论,30
文化传播社学术沙龙第2期,2025-09-16 16:00:00.064041,文047,文004,跨组请教,15
文化传播社学术沙龙第2期,2025-09-16 16:00:00.064041,文055,文050,小组讨论,12
文化传播社学术沙龙第2期,2025-09-16 16:00:00.064041,文058,文032,跨组请教,18
文化传播社学术沙龙第2期,2025-09-16 16:00:00.064041,文002,文054,跨组请教,13
文化传播社学术沙龙第2期,2025-09-16 16:00:00.064041,文020,文062,跨组请教,30
文化传播社学术沙龙第2期,2025-09-16 16:00:00.064041,文032,文046,合作演示,10
文化传播社学术沙龙第2期,2025-09-16 16:00:00.064041,文020,文006,跨组请教,22
文化传播社学术沙龙第2期,2025-09-16 16:00:00.064041,文019,文020,跨组请教,30
文化传播社学术沙龙第2期,2025-09-16 16:00:00.064041,文028,文071,小组讨论,16
文化传播社学术沙龙第2期,2025-09-16 16:00:00.064041,文016,文039,小组讨论,24
文化传播社学术沙龙第2期,2025-09-16 16:00:00.064041,文075,文087,跨组请教,18
文化传播社学术沙龙第2期,2025-09-16 16:00:00.064041,文019,文029,跨组请教,30
文化传播社学术沙龙第2期,2025-09-16 16:00:00.064041,文030,文028,小组讨论,17
文化传播社学术沙龙第2期,2025-09-16 16:00:00.064041,文015,文067,小组讨论,20
文化传播社学术沙龙第2期,2025-09-16 16:00:00.064041,文067,文081,小组讨论,16
文化传播社学术沙龙第2期,2025-09-16 16:00:00.064041,文015,文030,跨组请教,11
文化传播社学术沙龙第2期,2025-09-16 16:00:00.064041,文055,文006,跨组请教,27
文化传播社学术沙龙第2期,2025-09-16 16:00:00.064041,文071,文099,小组讨论,8
文化传播社学术沙龙第2期,2025-09-16 16:00:00.064041,文099,文045,跨组请教,27
文化传播社学术沙龙第2期,2025-09-16 16:00:00.064041,文073,文062,跨组请教,17
文化传播社学术沙龙第2期,2025-09-16 16:00:00.064041,文058,文083,小组讨论,15
文化传播社学术沙龙第2期,2025-09-16 16:00:00.064041,文058,文028,小组讨论,5
文化传播社学术沙龙第2期,2025-09-16 16:00:00.064041,文037,文020,小组讨论,23
文化传播社学术沙龙第2期,2025-09-16 16:00:00.064041,文037,文006,小组讨论,12
文化传播社学术沙龙第2期,2025-09-16 16:00:00.064041,文055,文005,小组讨论,5
文化传播社学术沙龙第2期,2025-09-16 16:00:00.064041,文087,文071,小组讨论,8
文化传播社学术沙龙第2期,2025-09-16 16:00:00.064041,文006,文004,小组讨论,28
文化传播社学术沙龙第2期,2025-09-16 16:00:00.064041,文081,文099,小组讨论,18
文化传播社学术沙龙第2期,2025-09-16 16:00:00.064041,文099,文045,小组讨论,29
文化传播社学术沙龙第2期,2025-09-16 16:00:00.064041,文081,文097,合作演示,5
文化传播社学术沙龙第2期,2025-09-16 16:00:00.064041,文047,文014,小组讨论,6
文化传播社学术沙龙第2期,2025-09-16 16:00:00.064041,文030,文071,跨组请教,14
文化传播社学术沙龙第2期,2025-09-16 16:00:00.064041,文045,文050,小组讨论,25
文化传播社学术沙龙第2期,2025-09-16 16:00:00.064041,文095,文030,合作演示,18
文化传播社学术沙龙第2期,2025-09-16 16:00:00.064041,文031,文047,小组讨论,5
文化传播社学术沙龙第2期,2025-09-16 16:00:00.064041,文047,文039,小组讨论,13
文化传播社学术沙龙第2期,2025-09-16 16:00:00.064041,文047,文002,小组讨论,17
文化传播社学术沙龙第2期,2025-09-16 16:00:00.064041,文006,文095,合作演示,12
文化传播社学术沙龙第2期,2025-09-16 16:00:00.064041,文083,文055,小组讨论,139
文化传播社学术沙龙第2期,2025-09-16 16:00:00.064041,文046,文014,跨组请教,6
文化传播社学术沙龙第2期,2025-09-16 16:00:00.064041,文020,文004,跨组请教,11
文化传播社学术沙龙第2期,2025-09-16 16:00:00.064041,文096,文049,跨组请教,28
文化传播社学术沙龙第2期,2025-09-16 16:00:00.064041,文015,文039,小组讨论,24
文化传播社学术沙龙第2期,2025-09-16 16:00:00.064041,文011,文078,小组讨论,6
文化传播社学术沙龙第2期,2025-09-16 16:00:00.064041,文083,文067,小组讨论,7
文化传播社学术沙龙第2期,2025-09-16 16:00:00.064041,文005,文050,小组讨论,29
文化传播社学术沙龙第2期,2025-09-16 16:00:00.064041,文071,文029,小组讨论,9
文化传播社学术沙龙第2期,2025-09-16 16:00:00.064041,文097,文005,小组讨论,22
文化传播社学术沙龙第2期,2025-09-16 16:00:00.064041,文005,文025,小组讨论,14
文化传播社学术沙龙第2期,2025-09-16 16:00:00.064041,文054,文039,小组讨论,150
文化传播社学术沙龙第2期,2025-09-16 16:00:00.064041,文020,文047,合作演示,6
文化传播社学术沙龙第2期,2025-09-16 16:00:00.064041,文032,文050,跨组请教,22
文化传播社学术沙龙第2期,2025-09-16 16:00:00.064041,文007,文073,小组讨论,30
文化传播社学术沙龙第2期,2025-09-16 16:00:00.064041,文067,文095,小组讨论,25
文化传播社学术沙龙第2期,2025-09-16 16:00:00.064041,文055,文028,小组讨论,6
文化传播社学术沙龙第2期,2025-09-16 16:00:00.064041,文006,文087,小组讨论,9
文化传播社学术沙龙第2期,2025-09-16 16:00:00.064041,文039,文006,小组讨论,7
文化传播社学术沙龙第2期,2025-09-16 16:00:00.064041,文050,文063,跨组请教,17
文化传播社学术沙龙第2期,2025-09-16 16:00:00.064041,文054,文029,小组讨论,9
文化传播社学术沙龙第2期,2025-09-16 16:00:00.064041,文051,文081,跨组请教,6
文化传播社学术沙龙第2期,2025-09-16 16:00:00.064041,文002,文006,小组讨论,19
文化传播社学术沙龙第2期,2025-09-16 16:00:00.064041,文062,文006,小组讨论,26
文化传播社学术沙龙第2期,2025-09-16 16:00:00.064041,文095,文007,小组讨论,5
文化传播社学术沙龙第2期,2025-09-16 16:00:00.064041,文031,文049,跨组请教,18
文化传播社学术沙龙第2期,2025-09-16 16:00:00.064041,文025,文050,小组讨论,7
文化传播社学术沙龙第2期,2025-09-16 16:00:00.064041,文031,文099,小组讨论,7
文化传播社学术沙龙第2期,2025-09-16 16:00:00.064041,文039,文029,跨组请教,14
文化传播社学术沙龙第2期,2025-09-16 16:00:00.064041,文037,文095,跨组请教,23
文化传播社学术沙龙第2期,2025-09-16 16:00:00.064041,文047,文005,跨组请教,9
文化传播社学术沙龙第2期,2025-09-16 16:00:00.064041,文063,文025,小组讨论,6
文化传播社学术沙龙第2期,2025-09-16 16:00:00.064041,文087,文014,跨组请教,13
文化传播社学术沙龙第2期,2025-09-16 16:00:00.064041,文006,文095,小组讨论,12
文化传播社学术沙龙第2期,2025-09-16 16:00:00.064041,文014,文032,小组讨论,9
文化传播社学术沙龙第2期,2025-09-16 16:00:00.064041,文039,文011,小组讨论,28
文化传播社学术沙龙第2期,2025-09-16 16:00:00.064041,文083,文039,小组讨论,14
文化传播社学术沙龙第2期,2025-09-16 16:00:00.064041,文063,文075,小组讨论,14
文化传播社学术沙龙第2期,2025-09-16 16:00:00.064041,文032,文081,小组讨论,25
文化传播社学术沙龙第2期,2025-09-16 16:00:00.064041,文083,文071,小组讨论,9
文化传播社学术沙龙第2期,2025-09-16 16:00:00.064041,文097,文083,合作演示,22
文化传播社学术沙龙第2期,2025-09-16 16:00:00.064041,文016,文055,小组讨论,14
文化传播社学术沙龙第2期,2025-09-16 16:00:00.064041,文037,文028,小组讨论,7
文化传播社学术沙龙第2期,2025-09-16 16:00:00.064041,文046,文078,跨组请教,25
文化传播社学术沙龙第2期,2025-09-16 16:00:00.064041,文011,文063,小组讨论,10
文化传播社学术沙龙第2期,2025-09-16 16:00:00.064041,文004,文078,小组讨论,29
文化传播社学术沙龙第2期,2025-09-16 16:00:00.064041,文049,文051,小组讨论,15
文化传播社学术沙龙第2期,2025-09-16 16:00:00.064041,文039,文031,跨组请教,6
文化传播社学术沙龙第2期,2025-09-16 16:00:00.064041,文078,文039,小组讨论,30
文化传播社学术沙龙第2期,2025-09-16 16:00:00.064041,文015,文032,小组讨论,26
文化传播社学术沙龙第2期,2025-09-16 16:00:00.064041,文063,文051,小组讨论,21
文化传播社学术沙龙第2期,2025-09-16 16:00:00.064041,文020,文014,小组讨论,13
文化传播社学术沙龙第2期,2025-09-16 16:00:00.064041,文046,文058,跨组请教,14
文化传播社学术沙龙第2期,2025-09-16 16:00:00.064041,文078,文087,小组讨论,11
文化传播社学术沙龙第2期,2025-09-16 16:00:00.064041,文037,文081,小组讨论,24
文化传播社学术沙龙第2期,2025-09-16 16:00:00.064041,文011,文078,合作演示,29
文化传播社学术沙龙第2期,2025-09-16 16:00:00.064041,文029,文020,跨组请教,5
文化传播社学术沙龙第2期,2025-09-16 16:00:00.064041,文029,文019,小组讨论,23
文化传播社学术沙龙第2期,2025-09-16 16:00:00.064041,文005,文011,合作演示,15
文化传播社学术沙龙第2期,2025-09-16 16:00:00.064041,文046,文054,小组讨论,7
文化传播社学术沙龙第2期,2025-09-16 16:00:00.064041,文014,文067,小组讨论,25
文化传播社学术沙龙第2期,2025-09-16 16:00:00.064041,文031,文006,小组讨论,6
文化传播社学术沙龙第2期,2025-09-16 16:00:00.064041,文067,文006,跨组请教,21
文化传播社学术沙龙第2期,2025-09-16 16:00:00.064041,文006,文029,跨组请教,27
文化传播社学术沙龙第2期,2025-09-16 16:00:00.064041,文016,文025,跨组请教,14
文化传播社学术沙龙第2期,2025-09-16 16:00:00.064041,文016,文028,小组讨论,21
文化传播社学术沙龙第2期,2025-09-16 16:00:00.064041,文099,文028,跨组请教,8
文化传播社学术沙龙第2期,2025-09-16 16:00:00.064041,文062,文029,跨组请教,5
文化传播社学术沙龙第2期,2025-09-16 16:00:00.064041,文081,文067,小组讨论,15
文化传播社学术沙龙第2期,2025-09-16 16:00:00.064041,文029,文083,小组讨论,28
文化传播社学术沙龙第2期,2025-09-16 16:00:00.064041,文039,文007,小组讨论,25
文化传播社学术沙龙第2期,2025-09-16 16:00:00.064041,文039,文031,小组讨论,9
文化传播社学术沙龙第2期,2025-09-16 16:00:00.064041,文095,文054,跨组请教,14
文化传播社学术沙龙第2期,2025-09-16 16:00:00.064041,文047,文083,跨组请教,5
文化传播社学术沙龙第2期,2025-09-16 16:00:00.064041,文030,文062,小组讨论,13
文化传播社学术沙龙第2期,2025-09-16 16:00:00.064041,文045,文039,小组讨论,18
文化传播社学术沙龙第2期,2025-09-16 16:00:00.064041,文031,文067,小组讨论,6
文化传播社学术沙龙第2期,2025-09-16 16:00:00.064041,文095,文071,跨组请教,15
文化传播社学术沙龙第2期,2025-09-16 16:00:00.064041,文075,文051,小组讨论,27
文化传播社学术沙龙第2期,2025-09-16 16:00:00.064041,文032,文096,跨组请教,20
文化传播社学术沙龙第2期,2025-09-16 16:00:00.064041,文006,文097,小组讨论,19
文化传播社学术沙龙第2期,2025-09-16 16:00:00.064041,文015,文007,小组讨论,10
文化传播社学术沙龙第2期,2025-09-16 16:00:00.064041,文007,文029,合作演示,14
文化传播社学术沙龙第2期,2025-09-16 16:00:00.064041,文054,文029,小组讨论,29
文化传播社学术沙龙第2期,2025-09-16 16:00:00.064041,文050,文037,跨组请教,25
文化传播社学术沙龙第2期,2025-09-16 16:00:00.064041,文071,文073,小组讨论,22
文化传播社学术沙龙第2期,2025-09-16 16:00:00.064041,文004,文003,小组讨论,5
文化传播社学术沙龙第2期,2025-09-16 16:00:00.064041,文039,文004,小组讨论,23
文化传播社学术沙龙第2期,2025-09-16 16:00:00.064041,文073,文037,跨组请教,15
文化传播社学术沙龙第2期,2025-09-16 16:00:00.064041,文045,文050,小组讨论,26
文化传播社学术沙龙第2期,2025-09-16 16:00:00.064041,文049,文087,合作演示,15
文化传播社学术沙龙第2期,2025-09-16 16:00:00.064041,文083,文058,小组讨论,19
文化传播社学术沙龙第2期,2025-09-16 16:00:00.064041,文049,文073,跨组请教,8
文化传播社学术沙龙第2期,2025-09-16 16:00:00.064041,文031,文029,小组讨论,12
文化传播社学术沙龙第2期,2025-09-16 16:00:00.064041,文054,文006,小组讨论,27
文化传播社学术沙龙第2期,2025-09-16 16:00:00.064041,文075,文046,小组讨论,13
文化传播社学术沙龙第2期,2025-09-16 16:00:00.064041,文099,文078,跨组请教,9
文化传播社学术沙龙第2期,2025-09-16 16:00:00.064041,文095,文011,小组讨论,24
文化传播社学术沙龙第2期,2025-09-16 16:00:00.064041,文063,文083,小组讨论,122
文化传播社学术沙龙第2期,2025-09-16 16:00:00.064041,文015,文062,小组讨论,10
文化传播社学术沙龙第2期,2025-09-16 16:00:00.064041,文047,文046,小组讨论,29
文化传播社学术沙龙第2期,2025-09-16 16:00:00.064041,文058,文037,小组讨论,9
文化传播社学术沙龙第2期,2025-09-16 16:00:00.064041,文031,文049,合作演示,12
文化传播社学术沙龙第2期,2025-09-16 16:00:00.064041,文058,文015,小组讨论,29
文化传播社学术沙龙第2期,2025-09-16 16:00:00.064041,文071,文087,合作演示,24
文化传播社学术沙龙第2期,2025-09-16 16:00:00.064041,文050,文029,小组讨论,16
文化传播社学术沙龙第2期,2025-09-16 16:00:00.064041,文097,文007,小组讨论,17
文化传播社学术沙龙第2期,2025-09-16 16:00:00.064041,文058,文062,小组讨论,28
文化传播社学术沙龙第2期,2025-09-16 16:00:00.064041,文049,文081,跨组请教,28
文化传播社学术沙龙第2期,2025-09-16 16:00:00.064041,文006,文019,合作演示,22
文化传播社学术沙龙第2期,2025-09-16 16:00:00.064041,文050,文037,跨组请教,16
文化传播社学术沙龙第2期,2025-09-16 16:00:00.064041,文016,文050,小组讨论,25
文化传播社学术沙龙第2期,2025-09-16 16:00:00.064041,文095,文030,小组讨论,19
文化传播社学术沙龙第3期,2025-09-15 14:00:00.065080,文003,文039,小组讨论,6
文化传播社学术沙龙第3期,2025-09-15 14:00:00.065080,文068,文096,小组讨论,13
文化传播社学术沙龙第3期,2025-09-15 14:00:00.065080,文024,文013,跨组请教,10
文化传播社学术沙龙第3期,2025-09-15 14:00:00.065080,文072,文003,跨组请教,11
文化传播社学术沙龙第3期,2025-09-15 14:00:00.065080,文048,文012,跨组请教,13
文化传播社学术沙龙第3期,2025-09-15 14:00:00.065080,文079,文011,小组讨论,21
文化传播社学术沙龙第3期,2025-09-15 14:00:00.065080,文091,文061,跨组请教,12
文化传播社学术沙龙第3期,2025-09-15 14:00:00.065080,文095,文083,合作演示,26
文化传播社学术沙龙第3期,2025-09-15 14:00:00.065080,文079,文017,跨组请教,10
文化传播社学术沙龙第3期,2025-09-15 14:00:00.065080,文008,文100,跨组请教,30
文化传播社学术沙龙第3期,2025-09-15 14:00:00.065080,文090,文034,小组讨论,25
文化传播社学术沙龙第3期,2025-09-15 14:00:00.065080,文097,文094,小组讨论,18
文化传播社学术沙龙第3期,2025-09-15 14:00:00.065080,文005,文040,小组讨论,22
文化传播社学术沙龙第3期,2025-09-15 14:00:00.065080,文064,文061,跨组请教,29
文化传播社学术沙龙第3期,2025-09-15 14:00:00.065080,文055,文008,小组讨论,5
文化传播社学术沙龙第3期,2025-09-15 14:00:00.065080,文091,文093,小组讨论,21
文化传播社学术沙龙第3期,2025-09-15 14:00:00.065080,文074,文034,合作演示,15
文化传播社学术沙龙第3期,2025-09-15 14:00:00.065080,文044,文039,合作演示,25
文化传播社学术沙龙第3期,2025-09-15 14:00:00.065080,文096,文072,跨组请教,8
文化传播社学术沙龙第3期,2025-09-15 14:00:00.065080,文057,文011,小组讨论,7
文化传播社学术沙龙第3期,2025-09-15 14:00:00.065080,文090,文041,小组讨论,15
文化传播社学术沙龙第3期,2025-09-15 14:00:00.065080,文057,文012,合作演示,9
文化传播社学术沙龙第3期,2025-09-15 14:00:00.065080,文069,文078,小组讨论,5
文化传播社学术沙龙第3期,2025-09-15 14:00:00.065080,文023,文072,跨组请教,21
文化传播社学术沙龙第3期,2025-09-15 14:00:00.065080,文066,文095,小组讨论,23
文化传播社学术沙龙第3期,2025-09-15 14:00:00.065080,文091,文069,跨组请教,11
文化传播社学术沙龙第3期,2025-09-15 14:00:00.065080,文068,文064,小组讨论,6
文化传播社学术沙龙第3期,2025-09-15 14:00:00.065080,文008,文028,小组讨论,22
文化传播社学术沙龙第3期,2025-09-15 14:00:00.065080,文051,文008,小组讨论,9
文化传播社学术沙龙第3期,2025-09-15 14:00:00.065080,文008,文069,跨组请教,24
文化传播社学术沙龙第3期,2025-09-15 14:00:00.065080,文008,文006,小组讨论,30
文化传播社学术沙龙第3期,2025-09-15 14:00:00.065080,文078,文050,小组讨论,26
文化传播社学术沙龙第3期,2025-09-15 14:00:00.065080,文064,文048,小组讨论,12
文化传播社学术沙龙第3期,2025-09-15 14:00:00.065080,文011,文012,合作演示,19
文化传播社学术沙龙第3期,2025-09-15 14:00:00.065080,文041,文068,小组讨论,19
文化传播社学术沙龙第3期,2025-09-15 14:00:00.065080,文069,文062,小组讨论,26
文化传播社学术沙龙第3期,2025-09-15 14:00:00.065080,文037,文082,跨组请教,25
文化传播社学术沙龙第3期,2025-09-15 14:00:00.065080,文035,文028,跨组请教,15
文化传播社学术沙龙第3期,2025-09-15 14:00:00.065080,文087,文072,小组讨论,28
文化传播社学术沙龙第3期,2025-09-15 14:00:00.065080,文074,文030,小组讨论,19
文化传播社学术沙龙第3期,2025-09-15 14:00:00.065080,文086,文072,跨组请教,23
文化传播社学术沙龙第3期,2025-09-15 14:00:00.065080,文066,文041,小组讨论,5
文化传播社学术沙龙第3期,2025-09-15 14:00:00.065080,文013,文083,小组讨论,23
文化传播社学术沙龙第3期,2025-09-15 14:00:00.065080,文071,文041,跨组请教,19
文化传播社学术沙龙第3期,2025-09-15 14:00:00.065080,文040,文006,小组讨论,11
文化传播社学术沙龙第3期,2025-09-15 14:00:00.065080,文062,文055,跨组请教,15
文化传播社学术沙龙第3期,2025-09-15 14:00:00.065080,文050,文079,小组讨论,24
文化传播社学术沙龙第3期,2025-09-15 14:00:00.065080,文066,文096,小组讨论,29
文化传播社学术沙龙第3期,2025-09-15 14:00:00.065080,文083,文020,小组讨论,24
文化传播社学术沙龙第3期,2025-09-15 14:00:00.065080,文040,文006,小组讨论,6
文化传播社学术沙龙第3期,2025-09-15 14:00:00.065080,文035,文017,跨组请教,21
文化传播社学术沙龙第3期,2025-09-15 14:00:00.065080,文026,文023,跨组请教,9
文化传播社学术沙龙第3期,2025-09-15 14:00:00.065080,文014,文006,小组讨论,10
文化传播社学术沙龙第3期,2025-09-15 14:00:00.065080,文034,文052,小组讨论,15
文化传播社学术沙龙第3期,2025-09-15 14:00:00.065080,文017,文023,小组讨论,9
文化传播社学术沙龙第3期,2025-09-15 14:00:00.065080,文100,文062,小组讨论,6
文化传播社学术沙龙第3期,2025-09-15 14:00:00.065080,文041,文074,小组讨论,157
文化传播社学术沙龙第3期,2025-09-15 14:00:00.065080,文041,文023,小组讨论,19
文化传播社学术沙龙第3期,2025-09-15 14:00:00.065080,文008,文074,跨组请教,17
文化传播社学术沙龙第3期,2025-09-15 14:00:00.065080,文086,文035,小组讨论,15
文化传播社学术沙龙第3期,2025-09-15 14:00:00.065080,文095,文074,小组讨论,8
文化传播社学术沙龙第3期,2025-09-15 14:00:00.065080,文035,文012,小组讨论,15
文化传播社学术沙龙第3期,2025-09-15 14:00:00.065080,文091,文024,小组讨论,9
文化传播社学术沙龙第3期,2025-09-15 14:00:00.065080,文006,文030,小组讨论,14
文化传播社学术沙龙第3期,2025-09-15 14:00:00.065080,文078,文047,小组讨论,120
文化传播社学术沙龙第3期,2025-09-15 14:00:00.065080,文086,文053,合作演示,13
文化传播社学术沙龙第3期,2025-09-15 14:00:00.065080,文097,文045,小组讨论,21
文化传播社学术沙龙第3期,2025-09-15 14:00:00.065080,文006,文062,跨组请教,29
文化传播社学术沙龙第3期,2025-09-15 14:00:00.065080,文012,文034,小组讨论,12
文化传播社学术沙龙第3期,2025-09-15 14:00:00.065080,文072,文044,跨组请教,7
文化传播社学术沙龙第3期,2025-09-15 14:00:00.065080,文012,文074,小组讨论,9
文化传播社学术沙龙第3期,2025-09-15 14:00:00.065080,文041,文044,合作演示,23
文化传播社学术沙龙第3期,2025-09-15 14:00:00.065080,文050,文053,跨组请教,5
文化传播社学术沙龙第3期,2025-09-15 14:00:00.065080,文071,文017,小组讨论,30
文化传播社学术沙龙第3期,2025-09-15 14:00:00.065080,文057,文091,小组讨论,11
文化传播社学术沙龙第3期,2025-09-15 14:00:00.065080,文030,文012,小组讨论,6
文化传播社学术沙龙第3期,2025-09-15 14:00:00.065080,文013,文057,小组讨论,27
文化传播社学术沙龙第3期,2025-09-15 14:00:00.065080,文086,文047,跨组请教,19
文化传播社学术沙龙第3期,2025-09-15 14:00:00.065080,文008,文062,跨组请教,22
文化传播社学术沙龙第3期,2025-09-15 14:00:00.065080,文005,文050,小组讨论,10
文化传播社学术沙龙第3期,2025-09-15 14:00:00.065080,文041,文009,小组讨论,29
文化传播社学术沙龙第3期,2025-09-15 14:00:00.065080,文012,文045,小组讨论,12
文化传播社学术沙龙第3期,2025-09-15 14:00:00.065080,文035,文061,小组讨论,22
文化传播社学术沙龙第3期,2025-09-15 14:00:00.065080,文082,文011,小组讨论,14
文化传播社学术沙龙第3期,2025-09-15 14:00:00.065080,文044,文087,小组讨论,20
文化传播社学术沙龙第3期,2025-09-15 14:00:00.065080,文062,文014,小组讨论,12
文化传播社学术沙龙第3期,2025-09-15 14:00:00.065080,文048,文068,小组讨论,141
文化传播社学术沙龙第3期,2025-09-15 14:00:00.065080,文087,文074,小组讨论,25
文化传播社学术沙龙第3期,2025-09-15 14:00:00.065080,文059,文039,跨组请教,22
文化传播社学术沙龙第3期,2025-09-15 14:00:00.065080,文007,文055,小组讨论,21
文化传播社学术沙龙第3期,2025-09-15 14:00:00.065080,文008,文061,小组讨论,23
文化传播社学术沙龙第3期,2025-09-15 14:00:00.065080,文007,文048,小组讨论,29
文化传播社学术沙龙第3期,2025-09-15 14:00:00.065080,文094,文039,合作演示,14
文化传播社学术沙龙第3期,2025-09-15 14:00:00.065080,文017,文022,小组讨论,15
文化传播社学术沙龙第3期,2025-09-15 14:00:00.065080,文062,文047,跨组请教,20
文化传播社学术沙龙第3期,2025-09-15 14:00:00.065080,文035,文047,合作演示,13
文化传播社学术沙龙第3期,2025-09-15 14:00:00.065080,文078,文020,小组讨论,7
文化传播社学术沙龙第3期,2025-09-15 14:00:00.065080,文007,文086,小组讨论,6
文化传播社学术沙龙第3期,2025-09-15 14:00:00.065080,文083,文055,跨组请教,17
文化传播社学术沙龙第3期,2025-09-15 14:00:00.065080,文006,文037,跨组请教,27
文化传播社学术沙龙第3期,2025-09-15 14:00:00.065080,文100,文048,小组讨论,21
文化传播社学术沙龙第3期,2025-09-15 14:00:00.065080,文094,文052,小组讨论,14
文化传播社学术沙龙第3期,2025-09-15 14:00:00.065080,文017,文052,小组讨论,30
文化传播社学术沙龙第3期,2025-09-15 14:00:00.065080,文087,文012,跨组请教,14
文化传播社学术沙龙第3期,2025-09-15 14:00:00.065080,文048,文013,小组讨论,12
文化传播社学术沙龙第3期,2025-09-15 14:00:00.065080,文014,文020,小组讨论,22
文化传播社学术沙龙第3期,2025-09-15 14:00:00.065080,文086,文097,小组讨论,18
文化传播社学术沙龙第3期,2025-09-15 14:00:00.065080,文100,文014,跨组请教,13
文化传播社学术沙龙第3期,2025-09-15 14:00:00.065080,文014,文006,小组讨论,24
文化传播社学术沙龙第3期,2025-09-15 14:00:00.065080,文051,文059,跨组请教,10
文化传播社学术沙龙第3期,2025-09-15 14:00:00.065080,文011,文082,跨组请教,23
文化传播社学术沙龙第3期,2025-09-15 14:00:00.065080,文020,文026,小组讨论,14
文化传播社学术沙龙第3期,2025-09-15 14:00:00.065080,文003,文026,跨组请教,17
文化传播社学术沙龙第3期,2025-09-15 14:00:00.065080,文008,文083,小组讨论,28
文化传播社学术沙龙第3期,2025-09-15 14:00:00.065080,文069,文006,跨组请教,14
文化传播社学术沙龙第3期,2025-09-15 14:00:00.065080,文040,文024,小组讨论,24
文化传播社学术沙龙第3期,2025-09-15 14:00:00.065080,文041,文006,小组讨论,7
文化传播社学术沙龙第3期,2025-09-15 14:00:00.065080,文045,文090,合作演示,9
文化传播社学术沙龙第3期,2025-09-15 14:00:00.065080,文055,文082,小组讨论,27
文化传播社学术沙龙第3期,2025-09-15 14:00:00.065080,文023,文030,小组讨论,30
文化传播社学术沙龙第3期,2025-09-15 14:00:00.065080,文006,文087,跨组请教,19
文化传播社学术沙龙第3期,2025-09-15 14:00:00.065080,文009,文045,跨组请教,27
文化传播社学术沙龙第3期,2025-09-15 14:00:00.065080,文032,文005,小组讨论,29
文化传播社学术沙龙第3期,2025-09-15 14:00:00.065080,文074,文005,小组讨论,7
文化传播社学术沙龙第3期,2025-09-15 14:00:00.065080,文040,文078,小组讨论,15
文化传播社学术沙龙第3期,2025-09-15 14:00:00.065080,文083,文008,小组讨论,12
文化传播社学术沙龙第3期,2025-09-15 14:00:00.065080,文041,文020,跨组请教,7
文化传播社学术沙龙第3期,2025-09-15 14:00:00.065080,文057,文097,跨组请教,15
文化传播社学术沙龙第3期,2025-09-15 14:00:00.065080,文090,文062,跨组请教,17
文化传播社学术沙龙第3期,2025-09-15 14:00:00.065080,文090,文022,跨组请教,12
文化传播社学术沙龙第3期,2025-09-15 14:00:00.065080,文014,文020,跨组请教,23
文化传播社学术沙龙第3期,2025-09-15 14:00:00.065080,文091,文040,合作演示,20
文化传播社学术沙龙第3期,2025-09-15 14:00:00.065080,文011,文055,小组讨论,21
文化传播社学术沙龙第3期,2025-09-15 14:00:00.065080,文012,文020,跨组请教,18
文化传播社学术沙龙第3期,2025-09-15 14:00:00.065080,文034,文094,合作演示,7
文化传播社学术沙龙第3期,2025-09-15 14:00:00.065080,文069,文020,小组讨论,29
文化传播社学术沙龙第3期,2025-09-15 14:00:00.065080,文051,文044,跨组请教,10
文化传播社学术沙龙第3期,2025-09-15 14:00:00.065080,文040,文017,小组讨论,21
文化传播社学术沙龙第3期,2025-09-15 14:00:00.065080,文009,文051,小组讨论,23
文化传播社学术沙龙第3期,2025-09-15 14:00:00.065080,文052,文024,小组讨论,6
文化传播社学术沙龙第3期,2025-09-15 14:00:00.065080,文023,文006,小组讨论,25
文化传播社学术沙龙第3期,2025-09-15 14:00:00.065080,文093,文006,合作演示,13
文化传播社学术沙龙第3期,2025-09-15 14:00:00.065080,文044,文062,小组讨论,27
文化传播社学术沙龙第3期,2025-09-15 14:00:00.065080,文055,文100,跨组请教,175
文化传播社学术沙龙第3期,2025-09-15 14:00:00.065080,文006,文034,小组讨论,26
文化传播社学术沙龙第3期,2025-09-15 14:00:00.065080,文086,文074,小组讨论,26
文化传播社学术沙龙第3期,2025-09-15 14:00:00.065080,文055,文020,跨组请教,19
文化传播社学术沙龙第3期,2025-09-15 14:00:00.065080,文037,文053,小组讨论,21
文化传播社学术沙龙第3期,2025-09-15 14:00:00.065080,文071,文009,跨组请教,24
文化传播社学术沙龙第3期,2025-09-15 14:00:00.065080,文039,文050,小组讨论,18
文化传播社学术沙龙第3期,2025-09-15 14:00:00.065080,文082,文006,小组讨论,19
文化传播社学术沙龙第3期,2025-09-15 14:00:00.065080,文068,文012,跨组请教,11
文化传播社学术沙龙第3期,2025-09-15 14:00:00.065080,文052,文022,跨组请教,16
文化传播社学术沙龙第3期,2025-09-15 14:00:00.065080,文053,文057,小组讨论,26
文化传播社学术沙龙第3期,2025-09-15 14:00:00.065080,文048,文044,小组讨论,11
文化传播社学术沙龙第3期,2025-09-15 14:00:00.065080,文035,文014,小组讨论,27
文化传播社学术沙龙第3期,2025-09-15 14:00:00.065080,文091,文050,跨组请教,15
文化传播社学术沙龙第3期,2025-09-15 14:00:00.065080,文041,文055,小组讨论,12
文化传播社学术沙龙第3期,2025-09-15 14:00:00.065080,文061,文053,跨组请教,9
文化传播社学术沙龙第3期,2025-09-15 14:00:00.065080,文034,文050,跨组请教,16
文化传播社学术沙龙第3期,2025-09-15 14:00:00.065080,文028,文045,小组讨论,22
文化传播社学术沙龙第3期,2025-09-15 14:00:00.065080,文079,文051,跨组请教,27
文化传播社学术沙龙第3期,2025-09-15 14:00:00.065080,文045,文039,小组讨论,11
文化传播社学术沙龙第3期,2025-09-15 14:00:00.065080,文055,文045,跨组请教,11
文化传播社学术沙龙第3期,2025-09-15 14:00:00.065080,文069,文040,跨组请教,8
文化传播社学术沙龙第3期,2025-09-15 14:00:00.065080,文037,文071,合作演示,25
文化传播社学术沙龙第3期,2025-09-15 14:00:00.065080,文030,文013,小组讨论,9
文化传播社学术沙龙第3期,2025-09-15 14:00:00.065080,文011,文026,小组讨论,15
文化传播社学术沙龙第3期,2025-09-15 14:00:00.065080,文012,文037,合作演示,15
文化传播社学术沙龙第3期,2025-09-15 14:00:00.065080,文022,文083,跨组请教,7
文化传播社学术沙龙第3期,2025-09-15 14:00:00.065080,文013,文020,跨组请教,6
文化传播社学术沙龙第3期,2025-09-15 14:00:00.065080,文059,文096,跨组请教,27
文化传播社学术沙龙第3期,2025-09-15 14:00:00.065080,文024,文086,小组讨论,12
文化传播社学术沙龙第3期,2025-09-15 14:00:00.065080,文059,文061,跨组请教,16
文化传播社学术沙龙第3期,2025-09-15 14:00:00.065080,文053,文062,小组讨论,21
文化传播社学术沙龙第3期,2025-09-15 14:00:00.065080,文007,文023,跨组请教,18
文化传播社学术沙龙第3期,2025-09-15 14:00:00.065080,文062,文030,小组讨论,25
文化传播社学术沙龙第3期,2025-09-15 14:00:00.065080,文023,文012,小组讨论,11
文化传播社学术沙龙第3期,2025-09-15 14:00:00.065080,文057,文044,跨组请教,30
文化传播社学术沙龙第3期,2025-09-15 14:00:00.065080,文064,文044,跨组请教,29
文化传播社学术沙龙第3期,2025-09-15 14:00:00.065080,文039,文091,小组讨论,19
文化传播社学术沙龙第3期,2025-09-15 14:00:00.065080,文008,文071,小组讨论,7
文化传播社学术沙龙第3期,2025-09-15 14:00:00.065080,文039,文050,小组讨论,6
文化传播社学术沙龙第3期,2025-09-15 14:00:00.065080,文007,文091,跨组请教,6
文化传播社学术沙龙第3期,2025-09-15 14:00:00.065080,文059,文064,小组讨论,9
文化传播社学术沙龙第3期,2025-09-15 14:00:00.065080,文093,文061,小组讨论,27
文化传播社学术沙龙第3期,2025-09-15 14:00:00.065080,文097,文050,小组讨论,24
文化传播社学术沙龙第3期,2025-09-15 14:00:00.065080,文093,文023,小组讨论,13
文化传播社学术沙龙第3期,2025-09-15 14:00:00.065080,文008,文090,合作演示,27
文化传播社学术沙龙第3期,2025-09-15 14:00:00.065080,文026,文078,小组讨论,21
文化传播社学术沙龙第3期,2025-09-15 14:00:00.065080,文003,文096,小组讨论,23
文化传播社学术沙龙第3期,2025-09-15 14:00:00.065080,文068,文064,小组讨论,27
文化传播社学术沙龙第3期,2025-09-15 14:00:00.065080,文008,文035,跨组请教,23
文化传播社学术沙龙第3期,2025-09-15 14:00:00.065080,文047,文003,跨组请教,10
文化传播社学术沙龙第3期,2025-09-15 14:00:00.065080,文047,文044,小组讨论,23
文化传播社学术沙龙第3期,2025-09-15 14:00:00.065080,文061,文100,小组讨论,11
文化传播社学术沙龙第3期,2025-09-15 14:00:00.065080,文053,文074,跨组请教,17
文化传播社学术沙龙第3期,2025-09-15 14:00:00.065080,文068,文064,小组讨论,6
文化传播社学术沙龙第3期,2025-09-15 14:00:00.065080,文055,文028,跨组请教,18
文化传播社学术沙龙第3期,2025-09-15 14:00:00.065080,文057,文026,小组讨论,15
文化传播社学术沙龙第3期,2025-09-15 14:00:00.065080,文041,文023,合作演示,21
文化传播社学术沙龙第3期,2025-09-15 14:00:00.065080,文053,文083,小组讨论,7
文化传播社学术沙龙第3期,2025-09-15 14:00:00.065080,文005,文037,小组讨论,7
文化传播社学术沙龙第3期,2025-09-15 14:00:00.065080,文066,文035,小组讨论,28
文化传播社学术沙龙第3期,2025-09-15 14:00:00.065080,文083,文013,合作演示,30
文化传播社学术沙龙第3期,2025-09-15 14:00:00.065080,文082,文057,跨组请教,15
文化传播社学术沙龙第3期,2025-09-15 14:00:00.065080,文082,文095,跨组请教,28
文化传播社学术沙龙第3期,2025-09-15 14:00:00.065080,文028,文020,跨组请教,23
文化传播社学术沙龙第3期,2025-09-15 14:00:00.065080,文095,文041,跨组请教,29
文化传播社学术沙龙第3期,2025-09-15 14:00:00.065080,文059,文090,小组讨论,19
文化传播社学术沙龙第3期,2025-09-15 14:00:00.065080,文078,文071,小组讨论,18
文化传播社学术沙龙第3期,2025-09-15 14:00:00.065080,文057,文053,跨组请教,23
文化传播社学术沙龙第3期,2025-09-15 14:00:00.065080,文051,文100,跨组请教,29
文化传播社学术沙龙第3期,2025-09-15 14:00:00.065080,文061,文020,小组讨论,10
文化传播社学术沙龙第3期,2025-09-15 14:00:00.065080,文066,文096,小组讨论,9
文化传播社学术沙龙第3期,2025-09-15 14:00:00.065080,文044,文055,跨组请教,16
文化传播社学术沙龙第3期,2025-09-15 14:00:00.065080,文053,文028,小组讨论,8
文化传播社学术沙龙第3期,2025-09-15 14:00:00.065080,文007,文087,跨组请教,20
文化传播社学术沙龙第3期,2025-09-15 14:00:00.065080,文097,文055,小组讨论,12
文化传播社学术沙龙第3期,2025-09-15 14:00:00.065080,文057,文005,跨组请教,5
文化传播社学术沙龙第3期,2025-09-15 14:00:00.065080,文048,文024,小组讨论,14
文化传播社学术沙龙第3期,2025-09-15 14:00:00.065080,文074,文014,跨组请教,23
文化传播社学术沙龙第3期,2025-09-15 14:00:00.065080,文022,文041,合作演示,9
文化传播社学术沙龙第3期,2025-09-15 14:00:00.065080,文037,文074,小组讨论,30
文化传播社学术沙龙第3期,2025-09-15 14:00:00.065080,文074,文052,跨组请教,26
文化传播社学术沙龙第3期,2025-09-15 14:00:00.065080,文094,文086,合作演示,20
文化传播社学术沙龙第3期,2025-09-15 14:00:00.065080,文069,文012,小组讨论,28
文化传播社学术沙龙第3期,2025-09-15 14:00:00.065080,文024,文009,小组讨论,19
文化传播社学术沙龙第3期,2025-09-15 14:00:00.065080,文094,文037,小组讨论,16
文化传播社学术沙龙第3期,2025-09-15 14:00:00.065080,文045,文017,小组讨论,20
文化传播社学术沙龙第3期,2025-09-15 14:00:00.065080,文030,文093,跨组请教,7
文化传播社学术沙龙第3期,2025-09-15 14:00:00.065080,文050,文037,合作演示,21
文化传播社学术沙龙第3期,2025-09-15 14:00:00.065080,文048,文064,跨组请教,30
文化传播社学术沙龙第3期,2025-09-15 14:00:00.065080,文032,文048,跨组请教,16
文化传播社学术沙龙第3期,2025-09-15 14:00:00.065080,文030,文014,跨组请教,15
文化传播社学术沙龙第3期,2025-09-15 14:00:00.065080,文041,文022,跨组请教,9
文化传播社学术沙龙第3期,2025-09-15 14:00:00.065080,文030,文035,小组讨论,25
文化传播社学术沙龙第3期,2025-09-15 14:00:00.065080,文009,文083,小组讨论,20
文化传播社学术沙龙第3期,2025-09-15 14:00:00.065080,文082,文059,跨组请教,8
文化传播社学术沙龙第3期,2025-09-15 14:00:00.065080,文024,文095,小组讨论,20
文化传播社学术沙龙第3期,2025-09-15 14:00:00.065080,文009,文095,小组讨论,30
文化传播社学术沙龙第3期,2025-09-15 14:00:00.065080,文064,文095,合作演示,15
文化传播社学术沙龙第3期,2025-09-15 14:00:00.065080,文007,文039,小组讨论,27
文化传播社学术沙龙第3期,2025-09-15 14:00:00.065080,文006,文062,跨组请教,24
文化传播社学术沙龙第3期,2025-09-15 14:00:00.065080,文094,文066,合作演示,23
文化传播社学术沙龙第3期,2025-09-15 14:00:00.065080,文055,文013,跨组请教,20
文化传播社学术沙龙第3期,2025-09-15 14:00:00.065080,文052,文045,小组讨论,6
文化传播社学术沙龙第3期,2025-09-15 14:00:00.065080,文079,文083,小组讨论,16
文化传播社学术沙龙第3期,2025-09-15 14:00:00.065080,文024,文003,小组讨论,17
文化传播社学术沙龙第3期,2025-09-15 14:00:00.065080,文091,文039,小组讨论,16
文化传播社学术沙龙第3期,2025-09-15 14:00:00.065080,文053,文032,跨组请教,17
文化传播社学术沙龙第3期,2025-09-15 14:00:00.065080,文047,文017,跨组请教,16
文化传播社学术沙龙第3期,2025-09-15 14:00:00.065080,文028,文079,合作演示,26
文化传播社学术沙龙第3期,2025-09-15 14:00:00.065080,文041,文022,小组讨论,12
文化传播社学术沙龙第3期,2025-09-15 14:00:00.065080,文072,文093,小组讨论,15
文化传播社学术沙龙第3期,2025-09-15 14:00:00.065080,文059,文083,小组讨论,21
文化传播社学术沙龙第3期,2025-09-15 14:00:00.065080,文017,文083,跨组请教,14
文化传播社学术沙龙第3期,2025-09-15 14:00:00.065080,文094,文062,小组讨论,19
文化传播社学术沙龙第3期,2025-09-15 14:00:00.065080,文023,文100,跨组请教,13
文化传播社学术沙龙第3期,2025-09-15 14:00:00.065080,文072,文086,跨组请教,13
文化传播社学术沙龙第3期,2025-09-15 14:00:00.065080,文037,文062,合作演示,22
文化传播社学术沙龙第3期,2025-09-15 14:00:00.065080,文059,文074,小组讨论,6
文化传播社学术沙龙第3期,2025-09-15 14:00:00.065080,文047,文023,跨组请教,27
文化传播社学术沙龙第3期,2025-09-15 14:00:00.065080,文057,文034,跨组请教,15
文化传播社学术沙龙第3期,2025-09-15 14:00:00.065080,文100,文017,小组讨论,18
文化传播社学术沙龙第3期,2025-09-15 14:00:00.065080,文009,文047,小组讨论,23
文化传播社学术沙龙第3期,2025-09-15 14:00:00.065080,文020,文026,小组讨论,30
文化传播社学术沙龙第3期,2025-09-15 14:00:00.065080,文069,文096,小组讨论,29
文化传播社学术沙龙第3期,2025-09-15 14:00:00.065080,文039,文013,小组讨论,12
文化传播社学术沙龙第3期,2025-09-15 14:00:00.065080,文012,文009,合作演示,29
文化传播社学术沙龙第3期,2025-09-15 14:00:00.065080,文024,文030,跨组请教,8
文化传播社学术沙龙第3期,2025-09-15 14:00:00.065080,文055,文012,小组讨论,6
文化传播社学术沙龙第3期,2025-09-15 14:00:00.065080,文005,文045,跨组请教,20
文化传播社学术沙龙第3期,2025-09-15 14:00:00.065080,文005,文094,小组讨论,28
文化传播社学术沙龙第3期,2025-09-15 14:00:00.065080,文059,文062,跨组请教,22
文化传播社学术沙龙第3期,2025-09-15 14:00:00.065080,文023,文066,跨组请教,19
文化传播社学术沙龙第3期,2025-09-15 14:00:00.065080,文057,文078,跨组请教,22
文化传播社学术沙龙第3期,2025-09-15 14:00:00.065080,文078,文048,小组讨论,22
文化传播社学术沙龙第3期,2025-09-15 14:00:00.065080,文044,文005,跨组请教,30
文化传播社学术沙龙第3期,2025-09-15 14:00:00.065080,文071,文087,小组讨论,8
文化传播社学术沙龙第3期,2025-09-15 14:00:00.065080,文045,文062,跨组请教,9
文化传播社学术沙龙第3期,2025-09-15 14:00:00.065080,文050,文007,小组讨论,7
文化传播社学术沙龙第3期,2025-09-15 14:00:00.065080,文096,文032,小组讨论,7
文化传播社学术沙龙第3期,2025-09-15 14:00:00.065080,文096,文055,跨组请教,19
文化传播社学术沙龙第3期,2025-09-15 14:00:00.065080,文082,文012,小组讨论,11
文化传播社学术沙龙第3期,2025-09-15 14:00:00.065080,文006,文087,跨组请教,9
文化传播社学术沙龙第3期,2025-09-15 14:00:00.065080,文045,文083,小组讨论,8
文化传播社学术沙龙第3期,2025-09-15 14:00:00.065080,文059,文007,跨组请教,13
文化传播社学术沙龙第3期,2025-09-15 14:00:00.065080,文009,文005,跨组请教,24
文化传播社学术沙龙第3期,2025-09-15 14:00:00.065080,文074,文041,跨组请教,9
文化传播社学术沙龙第3期,2025-09-15 14:00:00.065080,文100,文045,跨组请教,19
文化传播社学术沙龙第3期,2025-09-15 14:00:00.065080,文053,文066,小组讨论,11
文化传播社学术沙龙第3期,2025-09-15 14:00:00.065080,文026,文028,小组讨论,15
文化传播社学术沙龙第3期,2025-09-15 14:00:00.065080,文074,文100,小组讨论,12
文化传播社学术沙龙第3期,2025-09-15 14:00:00.065080,文082,文062,跨组请教,15
文化传播社学术沙龙第4期,2025-09-26 16:00:00.066217,文059,文041,跨组请教,28
文化传播社学术沙龙第4期,2025-09-26 16:00:00.066217,文091,文004,跨组请教,28
文化传播社学术沙龙第4期,2025-09-26 16:00:00.066217,文002,文014,小组讨论,17
文化传播社学术沙龙第4期,2025-09-26 16:00:00.066217,文046,文025,小组讨论,16
文化传播社学术沙龙第4期,2025-09-26 16:00:00.066217,文022,文083,跨组请教,27
文化传播社学术沙龙第4期,2025-09-26 16:00:00.066217,文020,文022,合作演示,28
文化传播社学术沙龙第4期,2025-09-26 16:00:00.066217,文096,文022,小组讨论,15
文化传播社学术沙龙第4期,2025-09-26 16:00:00.066217,文014,文093,合作演示,24
文化传播社学术沙龙第4期,2025-09-26 16:00:00.066217,文035,文017,小组讨论,12
文化传播社学术沙龙第4期,2025-09-26 16:00:00.066217,文001,文029,跨组请教,9
文化传播社学术沙龙第4期,2025-09-26 16:00:00.066217,文057,文046,小组讨论,16
文化传播社学术沙龙第4期,2025-09-26 16:00:00.066217,文083,文015,小组讨论,19
文化传播社学术沙龙第4期,2025-09-26 16:00:00.066217,文044,文031,小组讨论,7
文化传播社学术沙龙第4期,2025-09-26 16:00:00.066217,文031,文093,小组讨论,25
文化传播社学术沙龙第4期,2025-09-26 16:00:00.066217,文011,文004,小组讨论,28
文化传播社学术沙龙第4期,2025-09-26 16:00:00.066217,文050,文032,小组讨论,26
文化传播社学术沙龙第4期,2025-09-26 16:00:00.066217,文089,文025,小组讨论,19
文化传播社学术沙龙第4期,2025-09-26 16:00:00.066217,文077,文035,小组讨论,8
文化传播社学术沙龙第4期,2025-09-26 16:00:00.066217,文081,文031,小组讨论,8
文化传播社学术沙龙第4期,2025-09-26 16:00:00.066217,文029,文022,小组讨论,23
文化传播社学术沙龙第4期,2025-09-26 16:00:00.066217,文029,文043,小组讨论,28
文化传播社学术沙龙第4期,2025-09-26 16:00:00.066217,文020,文059,跨组请教,19
文化传播社学术沙龙第4期,2025-09-26 16:00:00.066217,文098,文091,小组讨论,6
文化传播社学术沙龙第4期,2025-09-26 16:00:00.066217,文044,文015,小组讨论,13
文化传播社学术沙龙第4期,2025-09-26 16:00:00.066217,文008,文035,跨组请教,21
文化传播社学术沙龙第4期,2025-09-26 16:00:00.066217,文052,文012,跨组请教,10
文化传播社学术沙龙第4期,2025-09-26 16:00:00.066217,文022,文099,跨组请教,23
文化传播社学术沙龙第4期,2025-09-26 16:00:00.066217,文002,文029,小组讨论,20
文化传播社学术沙龙第4期,2025-09-26 16:00:00.066217,文097,文004,跨组请教,13
文化传播社学术沙龙第4期,2025-09-26 16:00:00.066217,文049,文097,合作演示,29
文化传播社学术沙龙第4期,2025-09-26 16:00:00.066217,文053,文093,小组讨论,23
文化传播社学术沙龙第4期,2025-09-26 16:00:00.066217,文002,文059,跨组请教,13
文化传播社学术沙龙第4期,2025-09-26 16:00:00.066217,文057,文073,跨组请教,25
文化传播社学术沙龙第4期,2025-09-26 16:00:00.066217,文099,文029,小组讨论,26
文化传播社学术沙龙第4期,2025-09-26 16:00:00.066217,文096,文012,小组讨论,5
文化传播社学术沙龙第4期,2025-09-26 16:00:00.066217,文093,文011,小组讨论,19
文化传播社学术沙龙第4期,2025-09-26 16:00:00.066217,文001,文098,小组讨论,10
文化传播社学术沙龙第4期,2025-09-26 16:00:00.066217,文029,文030,跨组请教,19
文化传播社学术沙龙第4期,2025-09-26 16:00:00.066217,文015,文049,小组讨论,26
文化传播社学术沙龙第4期,2025-09-26 16:00:00.066217,文073,文003,跨组请教,9
文化传播社学术沙龙第4期,2025-09-26 16:00:00.066217,文005,文026,小组讨论,28
文化传播社学术沙龙第4期,2025-09-26 16:00:00.066217,文005,文053,跨组请教,17
文化传播社学术沙龙第4期,2025-09-26 16:00:00.066217,文093,文091,小组讨论,28
文化传播社学术沙龙第4期,2025-09-26 16:00:00.066217,文019,文017,小组讨论,21
文化传播社学术沙龙第4期,2025-09-26 16:00:00.066217,文001,文022,小组讨论,19
文化传播社学术沙龙第4期,2025-09-26 16:00:00.066217,文032,文020,小组讨论,23
文化传播社学术沙龙第4期,2025-09-26 16:00:00.066217,文001,文053,合作演示,26
文化传播社学术沙龙第4期,2025-09-26 16:00:00.066217,文011,文029,跨组请教,26
文化传播社学术沙龙第4期,2025-09-26 16:00:00.066217,文048,文029,跨组请教,25
文化传播社学术沙龙第4期,2025-09-26 16:00:00.066217,文011,文008,小组讨论,24
文化传播社学术沙龙第4期,2025-09-26 16:00:00.066217,文065,文043,合作演示,17
文化传播社学术沙龙第4期,2025-09-26 16:00:00.066217,文057,文089,小组讨论,8
文化传播社学术沙龙第4期,2025-09-26 16:00:00.066217,文083,文093,合作演示,7
文化传播社学术沙龙第4期,2025-09-26 16:00:00.066217,文035,文030,小组讨论,5
文化传播社学术沙龙第4期,2025-09-26 16:00:00.066217,文014,文083,小组讨论,27
文化传播社学术沙龙第4期,2025-09-26 16:00:00.066217,文093,文037,小组讨论,11
文化传播社学术沙龙第4期,2025-09-26 16:00:00.066217,文001,文030,跨组请教,10
文化传播社学术沙龙第4期,2025-09-26 16:00:00.066217,文052,文020,小组讨论,7
文化传播社学术沙龙第4期,2025-09-26 16:00:00.066217,文015,文063,跨组请教,23
文化传播社学术沙龙第4期,2025-09-26 16:00:00.066217,文011,文083,小组讨论,10
文化传播社学术沙龙第4期,2025-09-26 16:00:00.066217,文050,文026,小组讨论,14
文化传播社学术沙龙第4期,2025-09-26 16:00:00.066217,文032,文026,跨组请教,8
文化传播社学术沙龙第4期,2025-09-26 16:00:00.066217,文065,文091,跨组请教,18
文化传播社学术沙龙第4期,2025-09-26 16:00:00.066217,文097,文020,跨组请教,16
文化传播社学术沙龙第4期,2025-09-26 16:00:00.066217,文053,文008,小组讨论,14
文化传播社学术沙龙第4期,2025-09-26 16:00:00.066217,文063,文025,小组讨论,26
文化传播社学术沙龙第4期,2025-09-26 16:00:00.066217,文057,文072,小组讨论,26
文化传播社学术沙龙第4期,2025-09-26 16:00:00.066217,文008,文096,小组讨论,10
文化传播社学术沙龙第4期,2025-09-26 16:00:00.066217,文002,文041,跨组请教,15
文化传播社学术沙龙第4期,2025-09-26 16:00:00.066217,文020,文091,跨组请教,20
文化传播社学术沙龙第4期,2025-09-26 16:00:00.066217,文063,文012,小组讨论,20
文化传播社学术沙龙第4期,2025-09-26 16:00:00.066217,文050,文094,小组讨论,15
文化传播社学术沙龙第4期,2025-09-26 16:00:00.066217,文012,文005,小组讨论,16
文化传播社学术沙龙第4期,2025-09-26 16:00:00.066217,文073,文048,小组讨论,10
文化传播社学术沙龙第4期,2025-09-26 16:00:00.066217,文081,文014,跨组请教,16
文化传播社学术沙龙第4期,2025-09-26 16:00:00.066217,文089,文041,合作演示,28
文化传播社学术沙龙第4期,2025-09-26 16:00:00.066217,文012,文001,跨组请教,9
文化传播社学术沙龙第4期,2025-09-26 16:00:00.066217,文004,文043,跨组请教,26
文化传播社学术沙龙第4期,2025-09-26 16:00:00.066217,文094,文053,跨组请教,26
文化传播社学术沙龙第4期,2025-09-26 16:00:00.066217,文035,文015,合作演示,6
文化传播社学术沙龙第4期,2025-09-26 16:00:00.066217,文097,文044,跨组请教,13
文化传播社学术沙龙第4期,2025-09-26 16:00:00.066217,文003,文048,小组讨论,12
文化传播社学术沙龙第4期,2025-09-26 16:00:00.066217,文002,文015,合作演示,23
文化传播社学术沙龙第4期,2025-09-26 16:00:00.066217,文059,文020,合作演示,12
文化传播社学术沙龙第4期,2025-09-26 16:00:00.066217,文017,文072,小组讨论,14
文化传播社学术沙龙第4期,2025-09-26 16:00:00.066217,文044,文048,合作演示,20
文化传播社学术沙龙第4期,2025-09-26 16:00:00.066217,文014,文096,小组讨论,13
文化传播社学术沙龙第4期,2025-09-26 16:00:00.066217,文048,文041,跨组请教,28
文化传播社学术沙龙第4期,2025-09-26 16:00:00.066217,文093,文004,小组讨论,21
文化传播社学术沙龙第4期,2025-09-26 16:00:00.066217,文015,文096,小组讨论,10
文化传播社学术沙龙第4期,2025-09-26 16:00:00.066217,文099,文059,跨组请教,19
文化传播社学术沙龙第4期,2025-09-26 16:00:00.066217,文052,文097,跨组请教,18
文化传播社学术沙龙第4期,2025-09-26 16:00:00.066217,文083,文043,小组讨论,8
文化传播社学术沙龙第4期,2025-09-26 16:00:00.066217,文026,文044,小组讨论,23
文化传播社学术沙龙第4期,2025-09-26 16:00:00.066217,文053,文044,跨组请教,23
文化传播社学术沙龙第4期,2025-09-26 16:00:00.066217,文044,文048,跨组请教,26
文化传播社学术沙龙第4期,2025-09-26 16:00:00.066217,文003,文037,跨组请教,29
文化传播社学术沙龙第4期,2025-09-26 16:00:00.066217,文044,文065,小组讨论,26
文化传播社学术沙龙第4期,2025-09-26 16:00:00.066217,文032,文044,小组讨论,6
文化传播社学术沙龙第4期,2025-09-26 16:00:00.066217,文020,文030,跨组请教,17
文化传播社学术沙龙第4期,2025-09-26 16:00:00.066217,文096,文012,小组讨论,15
文化传播社学术沙龙第4期,2025-09-26 16:00:00.066217,文041,文026,小组讨论,23
文化传播社学术沙龙第4期,2025-09-26 16:00:00.066217,文026,文048,小组讨论,25
文化传播社学术沙龙第4期,2025-09-26 16:00:00.066217,文089,文044,小组讨论,12
文化传播社学术沙龙第4期,2025-09-26 16:00:00.066217,文081,文077,小组讨论,25
文化传播社学术沙龙第4期,2025-09-26 16:00:00.066217,文017,文091,小组讨论,22
文化传播社学术沙龙第4期,2025-09-26 16:00:00.066217,文037,文019,小组讨论,28
文化传播社学术沙龙第4期,2025-09-26 16:00:00.066217,文022,文081,小组讨论,23
文化传播社学术沙龙第4期,2025-09-26 16:00:00.066217,文044,文043,跨组请教,12
文化传播社学术沙龙第4期,2025-09-26 16:00:00.066217,文091,文081,小组讨论,19
文化传播社学术沙龙第4期,2025-09-26 16:00:00.066217,文019,文063,跨组请教,19
文化传播社学术沙龙第4期,2025-09-26 16:00:00.066217,文099,文097,跨组请教,17
文化传播社学术沙龙第4期,2025-09-26 16:00:00.066217,文012,文004,小组讨论,26
文化传播社学术沙龙第4期,2025-09-26 16:00:00.066217,文015,文098,小组讨论,13
文化传播社学术沙龙第4期,2025-09-26 16:00:00.066217,文043,文053,小组讨论,22
文化传播社学术沙龙第4期,2025-09-26 16:00:00.066217,文043,文017,跨组请教,29
文化传播社学术沙龙第4期,2025-09-26 16:00:00.066217,文002,文099,跨组请教,7
文化传播社学术沙龙第4期,2025-09-26 16:00:00.066217,文030,文035,小组讨论,21
文化传播社学术沙龙第4期,2025-09-26 16:00:00.066217,文091,文041,跨组请教,23
文化传播社学术沙龙第4期,2025-09-26 16:00:00.066217,文050,文031,跨组请教,25
文化传播社学术沙龙第4期,2025-09-26 16:00:00.066217,文081,文097,跨组请教,17
文化传播社学术沙龙第4期,2025-09-26 16:00:00.066217,文003,文008,小组讨论,19
文化传播社学术沙龙第4期,2025-09-26 16:00:00.066217,文031,文089,小组讨论,20
文化传播社学术沙龙第4期,2025-09-26 16:00:00.066217,文094,文063,小组讨论,23
文化传播社学术沙龙第4期,2025-09-26 16:00:00.066217,文093,文046,跨组请教,5
文化传播社学术沙龙第4期,2025-09-26 16:00:00.066217,文053,文017,小组讨论,28
文化传播社学术沙龙第4期,2025-09-26 16:00:00.066217,文044,文063,小组讨论,6
文化传播社学术沙龙第4期,2025-09-26 16:00:00.066217,文097,文003,跨组请教,24
文化传播社学术沙龙第4期,2025-09-26 16:00:00.066217,文053,文096,跨组请教,26
文化传播社学术沙龙第4期,2025-09-26 16:00:00.066217,文065,文012,小组讨论,29
文化传播社学术沙龙第4期,2025-09-26 16:00:00.066217,文059,文052,合作演示,20
文化传播社学术沙龙第4期,2025-09-26 16:00:00.066217,文031,文030,跨组请教,18
文化传播社学术沙龙第4期,2025-09-26 16:00:00.066217,文043,文091,小组讨论,16
文化传播社学术沙龙第4期,2025-09-26 16:00:00.066217,文025,文005,跨组请教,5
文化传播社学术沙龙第4期,2025-09-26 16:00:00.066217,文008,文022,小组讨论,7
文化传播社学术沙龙第4期,2025-09-26 16:00:00.066217,文098,文050,小组讨论,18
文化传播社学术沙龙第4期,2025-09-26 16:00:00.066217,文072,文046,跨组请教,13
文化传播社学术沙龙第4期,2025-09-26 16:00:00.066217,文029,文022,小组讨论,19
文化传播社学术沙龙第4期,2025-09-26 16:00:00.066217,文081,文097,跨组请教,7
文化传播社学术沙龙第4期,2025-09-26 16:00:00.066217,文091,文089,小组讨论,11
文化传播社学术沙龙第4期,2025-09-26 16:00:00.066217,文094,文081,合作演示,10
文化传播社学术沙龙第4期,2025-09-26 16:00:00.066217,文073,文002,跨组请教,15
文化传播社学术沙龙第4期,2025-09-26 16:00:00.066217,文096,文098,小组讨论,18
文化传播社学术沙龙第4期,2025-09-26 16:00:00.066217,文043,文001,小组讨论,28
文化传播社学术沙龙第5期,2025-09-05 15:00:00.067266,文006,文093,跨组请教,23
文化传播社学术沙龙第5期,2025-09-05 15:00:00.067266,文065,文088,跨组请教,24
文化传播社学术沙龙第5期,2025-09-05 15:00:00.067266,文063,文084,跨组请教,23
文化传播社学术沙龙第5期,2025-09-05 15:00:00.067266,文026,文084,小组讨论,17
文化传播社学术沙龙第5期,2025-09-05 15:00:00.067266,文026,文078,小组讨论,5
文化传播社学术沙龙第5期,2025-09-05 15:00:00.067266,文022,文035,小组讨论,23
文化传播社学术沙龙第5期,2025-09-05 15:00:00.067266,文047,文084,小组讨论,28
文化传播社学术沙龙第5期,2025-09-05 15:00:00.067266,文088,文047,小组讨论,9
文化传播社学术沙龙第5期,2025-09-05 15:00:00.067266,文002,文005,小组讨论,8
文化传播社学术沙龙第5期,2025-09-05 15:00:00.067266,文074,文047,跨组请教,25
文化传播社学术沙龙第5期,2025-09-05 15:00:00.067266,文046,文063,小组讨论,9
文化传播社学术沙龙第5期,2025-09-05 15:00:00.067266,文028,文078,跨组请教,11
文化传播社学术沙龙第5期,2025-09-05 15:00:00.067266,文035,文011,小组讨论,14
文化传播社学术沙龙第5期,2025-09-05 15:00:00.067266,文005,文050,跨组请教,19
文化传播社学术沙龙第5期,2025-09-05 15:00:00.067266,文052,文016,跨组请教,19
文化传播社学术沙龙第5期,2025-09-05 15:00:00.067266,文096,文026,小组讨论,5
文化传播社学术沙龙第5期,2025-09-05 15:00:00.067266,文057,文084,小组讨论,28
文化传播社学术沙龙第5期,2025-09-05 15:00:00.067266,文038,文041,小组讨论,13
文化传播社学术沙龙第5期,2025-09-05 15:00:00.067266,文054,文002,小组讨论,27
文化传播社学术沙龙第5期,2025-09-05 15:00:00.067266,文044,文045,小组讨论,16
文化传播社学术沙龙第5期,2025-09-05 15:00:00.067266,文012,文054,小组讨论,5
文化传播社学术沙龙第5期,2025-09-05 15:00:00.067266,文074,文090,小组讨论,25
文化传播社学术沙龙第5期,2025-09-05 15:00:00.067266,文092,文064,合作演示,14
文化传播社学术沙龙第5期,2025-09-05 15:00:00.067266,文011,文038,小组讨论,11
文化传播社学术沙龙第5期,2025-09-05 15:00:00.067266,文011,文052,合作演示,26
文化传播社学术沙龙第5期,2025-09-05 15:00:00.067266,文023,文093,小组讨论,21
文化传播社学术沙龙第5期,2025-09-05 15:00:00.067266,文057,文052,小组讨论,21
文化传播社学术沙龙第5期,2025-09-05 15:00:00.067266,文044,文054,小组讨论,17
文化传播社学术沙龙第5期,2025-09-05 15:00:00.067266,文076,文074,小组讨论,14
文化传播社学术沙龙第5期,2025-09-05 15:00:00.067266,文004,文028,小组讨论,19
文化传播社学术沙龙第5期,2025-09-05 15:00:00.067266,文028,文045,小组讨论,27
文化传播社学术沙龙第5期,2025-09-05 15:00:00.067266,文096,文052,跨组请教,17
文化传播社学术沙龙第5期,2025-09-05 15:00:00.067266,文057,文047,小组讨论,17
文化传播社学术沙龙第5期,2025-09-05 15:00:00.067266,文006,文035,小组讨论,22
文化传播社学术沙龙第5期,2025-09-05 15:00:00.067266,文065,文012,跨组请教,21
文化传播社学术沙龙第5期,2025-09-05 15:00:00.067266,文096,文046,小组讨论,11
文化传播社学术沙龙第5期,2025-09-05 15:00:00.067266,文088,文024,小组讨论,10
文化传播社学术沙龙第5期,2025-09-05 15:00:00.067266,文096,文004,小组讨论,24
文化传播社学术沙龙第5期,2025-09-05 15:00:00.067266,文035,文071,跨组请教,24
文化传播社学术沙龙第5期,2025-09-05 15:00:00.067266,文077,文012,小组讨论,27
文化传播社学术沙龙第5期,2025-09-05 15:00:00.067266,文076,文023,小组讨论,21
文化传播社学术沙龙第5期,2025-09-05 15:00:00.067266,文042,文097,小组讨论,7
文化传播社学术沙龙第5期,2025-09-05 15:00:00.067266,文012,文011,跨组请教,20
文化传播社学术沙龙第5期,2025-09-05 15:00:00.067266,文041,文064,小组讨论,16
文化传播社学术沙龙第5期,2025-09-05 15:00:00.067266,文005,文067,小组讨论,7
文化传播社学术沙龙第5期,2025-09-05 15:00:00.067266,文039,文072,合作演示,20
文化传播社学术沙龙第5期,2025-09-05 15:00:00.067266,文006,文016,跨组请教,27
文化传播社学术沙龙第5期,2025-09-05 15:00:00.067266,文052,文002,跨组请教,15
文化传播社学术沙龙第5期,2025-09-05 15:00:00.067266,文022,文038,小组讨论,19
文化传播社学术沙龙第5期,2025-09-05 15:00:00.067266,文068,文071,小组讨论,22
文化传播社学术沙龙第5期,2025-09-05 15:00:00.067266,文068,文057,跨组请教,16
文化传播社学术沙龙第5期,2025-09-05 15:00:00.067266,文065,文054,小组讨论,23
文化传播社学术沙龙第5期,2025-09-05 15:00:00.067266,文011,文057,小组讨论,8
文化传播社学术沙龙第5期,2025-09-05 15:00:00.067266,文054,文039,合作演示,13
文化传播社学术沙龙第5期,2025-09-05 15:00:00.067266,文064,文063,跨组请教,6
文化传播社学术沙龙第5期,2025-09-05 15:00:00.067266,文019,文035,跨组请教,20
文化传播社学术沙龙第5期,2025-09-05 15:00:00.067266,文090,文068,小组讨论,7
文化传播社学术沙龙第5期,2025-09-05 15:00:00.067266,文006,文004,合作演示,6
文化传播社学术沙龙第5期,2025-09-05 15:00:00.067266,文076,文022,小组讨论,15
文化传播社学术沙龙第5期,2025-09-05 15:00:00.067266,文088,文058,小组讨论,13
文化传播社学术沙龙第5期,2025-09-05 15:00:00.067266,文057,文005,小组讨论,12
文化传播社学术沙龙第5期,2025-09-05 15:00:00.067266,文057,文054,跨组请教,12
文化传播社学术沙龙第5期,2025-09-05 15:00:00.067266,文004,文084,小组讨论,25
文化传播社学术沙龙第5期,2025-09-05 15:00:00.067266,文042,文004,小组讨论,14
文化传播社学术沙龙第5期,2025-09-05 15:00:00.067266,文016,文028,跨组请教,13
文化传播社学术沙龙第5期,2025-09-05 15:00:00.067266,文057,文096,小组讨论,21
文化传播社学术沙龙第5期,2025-09-05 15:00:00.067266,文041,文002,小组讨论,5
文化传播社学术沙龙第5期,2025-09-05 15:00:00.067266,文064,文057,小组讨论,28
文化传播社学术沙龙第5期,2025-09-05 15:00:00.067266,文074,文016,小组讨论,24
文化传播社学术沙龙第5期,2025-09-05 15:00:00.067266,文064,文084,小组讨论,28
文化传播社学术沙龙第5期,2025-09-05 15:00:00.067266,文092,文038,小组讨论,26
文化传播社学术沙龙第5期,2025-09-05 15:00:00.067266,文068,文098,跨组请教,5
文化传播社学术沙龙第5期,2025-09-05 15:00:00.067266,文035,文076,小组讨论,26
文化传播社学术沙龙第5期,2025-09-05 15:00:00.067266,文024,文067,跨组请教,135
文化传播社学术沙龙第5期,2025-09-05 15:00:00.067266,文064,文078,跨组请教,22
文化传播社学术沙龙第5期,2025-09-05 15:00:00.067266,文011,文054,合作演示,23
文化传播社学术沙龙第5期,2025-09-05 15:00:00.067266,文074,文038,小组讨论,21
文化传播社学术沙龙第5期,2025-09-05 15:00:00.067266,文016,文058,合作演示,21
文化传播社学术沙龙第5期,2025-09-05 15:00:00.067266,文052,文045,小组讨论,25
文化传播社学术沙龙第5期,2025-09-05 15:00:00.067266,文077,文071,小组讨论,26
文化传播社学术沙龙第5期,2025-09-05 15:00:00.067266,文024,文046,合作演示,20
文化传播社学术沙龙第5期,2025-09-05 15:00:00.067266,文038,文022,跨组请教,15
文化传播社学术沙龙第5期,2025-09-05 15:00:00.067266,文012,文064,小组讨论,28
文化传播社学术沙龙第5期,2025-09-05 15:00:00.067266,文045,文063,小组讨论,7
文化传播社学术沙龙第5期,2025-09-05 15:00:00.067266,文076,文058,小组讨论,27
文化传播社学术沙龙第5期,2025-09-05 15:00:00.067266,文016,文097,跨组请教,22
文化传播社学术沙龙第5期,2025-09-05 15:00:00.067266,文045,文090,跨组请教,30
文化传播社学术沙龙第5期,2025-09-05 15:00:00.067266,文084,文023,合作演示,16
文化传播社学术沙龙第5期,2025-09-05 15:00:00.067266,文077,文071,合作演示,17
文化传播社学术沙龙第5期,2025-09-05 15:00:00.067266,文023,文042,小组讨论,22
文化传播社学术沙龙第5期,2025-09-05 15:00:00.067266,文068,文088,合作演示,25
文化传播社学术沙龙第5期,2025-09-05 15:00:00.067266,文046,文084,小组讨论,14
文化传播社学术沙龙第5期,2025-09-05 15:00:00.067266,文058,文064,小组讨论,24
文化传播社学术沙龙第5期,2025-09-05 15:00:00.067266,文074,文090,小组讨论,174
文化传播社学术沙龙第5期,2025-09-05 15:00:00.067266,文054,文063,跨组请教,18
文化传播社学术沙龙第5期,2025-09-05 15:00:00.067266,文092,文042,小组讨论,12
文化传播社学术沙龙第5期,2025-09-05 15:00:00.067266,文008,文045,跨组请教,23
文化传播社学术沙龙第5期,2025-09-05 15:00:00.067266,文067,文006,小组讨论,7
文化传播社学术沙龙第5期,2025-09-05 15:00:00.067266,文047,文093,跨组请教,5
文化传播社学术沙龙第5期,2025-09-05 15:00:00.067266,文041,文012,小组讨论,5
文化传播社学术沙龙第5期,2025-09-05 15:00:00.067266,文044,文042,跨组请教,16
文化传播社学术沙龙第5期,2025-09-05 15:00:00.067266,文039,文092,小组讨论,19
文化传播社学术沙龙第5期,2025-09-05 15:00:00.067266,文002,文045,小组讨论,29
文化传播社学术沙龙第5期,2025-09-05 15:00:00.067266,文045,文068,跨组请教,26
文化传播社学术沙龙第5期,2025-09-05 15:00:00.067266,文065,文048,小组讨论,30
文化传播社学术沙龙第5期,2025-09-05 15:00:00.067266,文078,文096,跨组请教,25
文化传播社学术沙龙第5期,2025-09-05 15:00:00.067266,文022,文053,小组讨论,18
文化传播社学术沙龙第5期,2025-09-05 15:00:00.067266,文098,文046,跨组请教,11
文化传播社学术沙龙第5期,2025-09-05 15:00:00.067266,文065,文012,跨组请教,6
文化传播社学术沙龙第5期,2025-09-05 15:00:00.067266,文097,文071,跨组请教,7
文化传播社学术沙龙第5期,2025-09-05 15:00:00.067266,文005,文002,跨组请教,26
文化传播社学术沙龙第5期,2025-09-05 15:00:00.067266,文063,文096,跨组请教,21
文化传播社学术沙龙第5期,2025-09-05 15:00:00.067266,文050,文005,小组讨论,13
文化传播社学术沙龙第5期,2025-09-05 15:00:00.067266,文053,文068,小组讨论,27
文化传播社学术沙龙第5期,2025-09-05 15:00:00.067266,文096,文011,小组讨论,27
文化传播社学术沙龙第5期,2025-09-05 15:00:00.067266,文057,文045,跨组请教,19
文化传播社学术沙龙第5期,2025-09-05 15:00:00.067266,文067,文016,小组讨论,19
文化传播社学术沙龙第5期,2025-09-05 15:00:00.067266,文006,文057,小组讨论,28
文化传播社学术沙龙第5期,2025-09-05 15:00:00.067266,文039,文038,小组讨论,23
文化传播社学术沙龙第5期,2025-09-05 15:00:00.067266,文050,文078,小组讨论,173
文化传播社学术沙龙第5期,2025-09-05 15:00:00.067266,文039,文026,小组讨论,27
文化传播社学术沙龙第5期,2025-09-05 15:00:00.067266,文041,文022,小组讨论,16
文化传播社学术沙龙第5期,2025-09-05 15:00:00.067266,文022,文006,小组讨论,20
文化传播社学术沙龙第5期,2025-09-05 15:00:00.067266,文058,文057,小组讨论,18
文化传播社学术沙龙第5期,2025-09-05 15:00:00.067266,文090,文038,跨组请教,24
文化传播社学术沙龙第5期,2025-09-05 15:00:00.067266,文068,文012,跨组请教,16
文化传播社学术沙龙第5期,2025-09-05 15:00:00.067266,文024,文065,小组讨论,15
文化传播社学术沙龙第5期,2025-09-05 15:00:00.067266,文071,文012,小组讨论,6
文化传播社学术沙龙第5期,2025-09-05 15:00:00.067266,文005,文042,合作演示,27
文化传播社学术沙龙第5期,2025-09-05 15:00:00.067266,文016,文042,小组讨论,29
文化传播社学术沙龙第5期,2025-09-05 15:00:00.067266,文071,文026,小组讨论,8
文化传播社学术沙龙第5期,2025-09-05 15:00:00.067266,文008,文039,小组讨论,23
文化传播社学术沙龙第5期,2025-09-05 15:00:00.067266,文064,文002,小组讨论,17
文化传播社学术沙龙第5期,2025-09-05 15:00:00.067266,文088,文053,小组讨论,7
文化传播社学术沙龙第5期,2025-09-05 15:00:00.067266,文074,文006,小组讨论,15
文化传播社学术沙龙第5期,2025-09-05 15:00:00.067266,文048,文005,小组讨论,18
文化传播社学术沙龙第5期,2025-09-05 15:00:00.067266,文046,文012,合作演示,21
文化传播社学术沙龙第5期,2025-09-05 15:00:00.067266,文052,文092,跨组请教,5
文化传播社学术沙龙第5期,2025-09-05 15:00:00.067266,文067,文006,跨组请教,19
文化传播社学术沙龙第5期,2025-09-05 15:00:00.067266,文064,文092,跨组请教,28
文化传播社学术沙龙第5期,2025-09-05 15:00:00.067266,文016,文064,小组讨论,6
文化传播社学术沙龙第5期,2025-09-05 15:00:00.067266,文046,文023,合作演示,20
文化传播社学术沙龙第5期,2025-09-05 15:00:00.067266,文028,文038,跨组请教,17
文化传播社学术沙龙第5期,2025-09-05 15:00:00.067266,文072,文023,合作演示,25
文化传播社学术沙龙第5期,2025-09-05 15:00:00.067266,文078,文052,小组讨论,20
文化传播社学术沙龙第5期,2025-09-05 15:00:00.067266,文065,文063,小组讨论,19
文化传播社学术沙龙第5期,2025-09-05 15:00:00.067266,文026,文072,小组讨论,29
